0,1,2,3,4,5,6,7,8,JV_default_PCE
-0.03600717066908667,0.006586621085668454,0.01751554519205328,-0.001388232695216179,0.3678320445894042,3.000000043429446,1.6,100.0,0.1,16.68
-0.03600717066908667,0.006586621085668454,0.01751554519205328,-0.001388232695216179,4.0,3.796574340148041,1.6,130.0,0.16,11.07
-0.03600717066908667,0.006586621085668454,0.01751554519205328,-0.001388232695216179,4.0,4.033423759508195,1.6,90.0,0.1,17.1
-0.03600717066908667,0.006586621085668454,0.01751554519205328,-0.001388232695216179,0.4769475716611976,3.477121269196145,1.6,100.0,0.1,19.45
-0.03600717066908667,0.006586621085668454,0.01751554519205328,-0.001388232695216179,3.698970004336019,3.322219315414608,1.6,70.0,0.09,15.76
-0.03600717066908667,0.006586621085668454,0.01751554519205328,-0.001388232695216179,0.9026992977420334,2.698970091194906,1.6,100.0,0.1,18.66
-0.03600717066908667,0.006586621085668454,0.01751554519205328,-0.001388232695216179,0.9538084319600062,3.778151257621885,1.6,100.0,0.09,15.73
-0.03600717066908667,0.006586621085668454,0.01751554519205328,-0.001388232695216179,3.698970004336019,3.000000043429446,1.6,100.0,0.1,14.9
-0.03600717066908667,0.006586621085668454,0.01751554519205328,-0.001388232695216179,4.0,2.301030212811168,1.6,100.0,1.0,14.6
0.01595192438895033,0.01749711436200546,0.0006812464098972891,-0.007034436800952369,0.6018428983557322,3.477121269196145,1.57,100.0,1.01,12.48
-0.03600717066908667,0.006586621085668454,0.01751554519205328,-0.001388232695216179,3.698970004336019,4.103803724375599,1.6,70.0,0.12,13.08
-0.03600717066908667,0.006586621085668454,0.01751554519205328,-0.001388232695216179,4.0,3.954242514264819,1.6,100.0,0.1032,10.89
-0.0149323714639817,0.008411696589027937,-0.06040108746275723,0.04084621115816146,-0.954290761701127,2.469822163196607,1.92,55.0,0.04,14.1
-0.03600717066908667,0.006586621085668454,0.01751554519205328,-0.001388232695216179,0.6018428983557322,3.176091288008646,1.59,100.0,0.045,12.5
-0.03600717066908667,0.006586621085668454,0.01751554519205328,-0.001388232695216179,0.6018428983557322,3.477121269196145,1.6,100.0,0.1,17.2
0.01680889967193286,0.0195006984011079,0.004425616074641348,-0.003791784697896708,0.6018428983557322,3.778151257621885,1.59,100.0,1.06,19.37
-0.03600562255436168,0.006585262151843551,0.01751782781764756,-0.001410260912717985,4.0,3.301030017378705,1.55,100.0,0.1,12.4
-0.03600717066908667,0.006586621085668454,0.01751554519205328,-0.001388232695216179,0.6018428983557322,3.000000043429446,1.6,100.0,0.1,15.8
-0.03600717066908667,0.006586621085668454,0.01751554519205328,-0.001388232695216179,4.0,3.000000043429446,1.6,100.0,0.1,14.72
-0.03600717066908667,0.006586621085668454,0.01751554519205328,-0.001388232695216179,0.3678320445894042,3.056904889432478,1.6,70.0,0.07,11.45
0.01193989563110546,-0.004000911155199178,-0.01805417125849062,-0.03359001149095998,0.6018428983557322,3.778151257621885,1.83,100.0,0.105,11.7
-0.03600717066908667,0.006586621085668454,0.01751554519205328,-0.001388232695216179,0.0,3.000000043429446,1.6,100.0,0.09,16.37
0.03005776304970446,0.02672802650017309,0.01134055436796627,0.001908825983798767,0.6018428983557322,3.653212523426332,1.48,150.0,0.09,16.86
-0.03600717066908667,0.006586621085668454,0.01751554519205328,-0.001388232695216179,0.9538084319600062,3.351216364684307,1.6,60.0,0.09,15.9
-0.03600717066908667,0.006586621085668454,0.01751554519205328,-0.001388232695216179,0.6018428983557322,3.653212523426332,1.6,100.0,0.1119999999999999,15.5
-0.03600717066908667,0.006586621085668454,0.01751554519205328,-0.001388232695216179,0.9538084319600062,2.9845273583484,1.6,65.0,0.125,10.15
-0.03600717066908667,0.006586621085668454,0.01751554519205328,-0.001388232695216179,0.0,3.07918128223883,1.6,120.0,0.24,14.1
-0.03600717066908667,0.006586621085668454,0.01751554519205328,-0.001388232695216179,0.3678320445894042,3.000000043429446,1.6,100.0,0.06,15.74
-0.03600717066908667,0.006586621085668454,0.01751554519205328,-0.001388232695216179,3.698970004336019,4.105510188176205,1.6,75.0,0.16,13.72
-0.03600717066908667,0.006586621085668454,0.01751554519205328,-0.001388232695216179,4.0,3.000000043429446,1.6,100.0,0.1,13.98
-0.03600717066908667,0.006586621085668454,0.01751554519205328,-0.001388232695216179,3.698970004336019,2.477121399484465,1.5,100.0,0.1,13.86
-0.03600717066908667,0.006586621085668454,0.01751554519205328,-0.001388232695216179,4.0,4.056904855146073,1.6,95.0,0.16,15.5
-0.03600717066908667,0.006586621085668454,0.01751554519205328,-0.001388232695216179,3.698970004336019,3.469822030700009,1.6,70.0,0.1,10.66
-0.03600717066908667,0.006586621085668454,0.01751554519205328,-0.001388232695216179,0.0,3.477121269196145,1.6,100.0,0.16,11.5
-0.03600717066908667,0.006586621085668454,0.01751554519205328,-0.001388232695216179,0.9538084319600062,3.477121269196145,1.6,100.0,0.08,11.2
-0.03600717066908667,0.006586621085668454,0.01751554519205328,-0.001388232695216179,4.0,3.176091288008646,1.6,100.0,0.09,12.7
0.03371978043534726,-0.02598354129779119,0.01675367228202441,-0.004391186985428325,0.0,3.000000043429446,1.3,100.0,0.0314,10.81
-0.03600717066908667,0.006586621085668454,0.01751554519205328,-0.001388232695216179,3.698970004336019,2.477121399484465,1.6,100.0,0.0757,17.24
-0.03600717066908667,0.006586621085668454,0.01751554519205328,-0.001388232695216179,3.698970004336019,2.447158186447364,1.6,70.0,0.108,17.02
-0.03600717066908667,0.006586621085668454,0.01751554519205328,-0.001388232695216179,0.9538084319600062,3.000000043429446,1.6,100.0,0.1,10.46
-0.03600717066908667,0.006586621085668454,0.01751554519205328,-0.001388232695216179,0.9538084319600062,3.049218061446473,1.6,60.0,0.09,17.92
-0.03289016208556557,-0.002805727588558216,0.008678477087695273,-0.01372619041140354,-0.1761708724130287,3.301030017378705,1.67,100.0,0.025,14.57
0.02658510335774138,0.024790210394919,0.008363965066280727,0.002125958845107204,1.277842538821606,3.707570184613514,1.56,70.0,0.09,15.43
-0.03600717066908667,0.006586621085668454,0.01751554519205328,-0.001388232695216179,0.0,3.301030017378705,1.56,100.0,0.09,19.43
-0.0146622459590162,0.01937125895817178,-0.05021180666847756,0.06785826872720599,0.6018428983557322,3.477121269196145,1.84,300.0,0.159,10.6
-0.03600717066908667,0.006586621085668454,0.01751554519205328,-0.001388232695216179,0.0,2.90309004127875,1.6,80.0,0.1,11.7
-0.03600717066908667,0.006586621085668454,0.01751554519205328,-0.001388232695216179,4.0,3.176091288008646,1.6,50.0,0.03,14.7
-0.03600717066908667,0.006586621085668454,0.01751554519205328,-0.001388232695216179,0.3678320445894042,3.000000043429446,1.6,100.0,0.1,15.8
-0.03600717066908667,0.006586621085668454,0.01751554519205328,-0.001388232695216179,0.6018428983557322,3.021189340431315,1.6,105.0,0.09,19.31
-0.03600717066908667,0.006586621085668454,0.01751554519205328,-0.001388232695216179,0.0,3.000000043429446,1.6,100.0,0.09,16.81
0.02477534379536052,0.0251130772134741,0.01152687453299924,0.001822822911016522,0.9537650480648696,3.365488003610489,1.55,70.0,0.07,20.68
0.01450356358287314,0.01493899789480409,-0.0008926223531862734,-0.003793369243804708,0.6018428983557322,3.778151257621885,1.63,100.0,0.1,14.8
0.01588875343584062,0.01863894024920732,0.003681536775633083,-0.001488014934813955,0.9538084319600062,3.176091288008646,1.59,100.0,0.09,13.7
-0.03600717066908667,0.006586621085668454,0.01751554519205328,-0.001388232695216179,4.0,3.623249300738245,1.6,70.0,0.06,14.71
-0.03600717066908667,0.006586621085668454,0.01751554519205328,-0.001388232695216179,0.0,3.778151257621885,1.6,100.0,0.1,14.35
0.01519285890564475,0.01613689213021394,-0.0001681504279699043,-0.005518472658312402,0.6018428983557322,3.778151257621885,1.607,100.0,0.09,15.43
0.01497985608350971,0.01501398928019293,-0.001166239923540733,-0.003960218065977792,0.6018428983557322,3.778151257621885,1.61,100.0,0.16,18.65
-0.01549142515685884,0.0213377970377838,-0.05052475364080292,0.0662358275947395,0.9538084319600062,4.255272507516053,1.68,150.0,0.09,15.47
-0.03600717066908667,0.006586621085668454,0.01751554519205328,-0.001388232695216179,0.0,3.000000043429446,1.6,100.0,0.1119999999999999,17.0
-0.03600717066908667,0.006586621085668454,0.01751554519205328,-0.001388232695216179,4.0,2.698970091194906,1.59,100.0,0.0919,14.0
-0.03600717066908667,0.006586621085668454,0.01751554519205328,-0.001388232695216179,3.698970004336019,2.919078144700707,1.55,70.0,0.1,14.0
-0.03600717066908667,0.006586621085668454,0.01751554519205328,-0.001388232695216179,4.0,3.556302512831023,1.6,60.0,0.1,12.9
-0.03600717066908667,0.006586621085668454,0.01751554519205328,-0.001388232695216179,4.0,3.778151257621885,1.6,100.0,0.065,10.1
0.02024845395687842,0.001395665660381924,0.004312568802457114,-0.003145646580153983,0.0,3.000000043429446,1.36,100.0,0.0314,13.54
-0.03600717066908667,0.006586621085668454,0.01751554519205328,-0.001388232695216179,0.9538084319600062,2.217484207422603,1.5,65.0,0.11,14.04
0.01495801894762426,0.01542494765749997,-0.0007357112892081006,-0.004616223218084806,0.6018428983557322,3.778151257621885,1.6,100.0,0.16,11.57
-0.03600562255436168,0.006585262151843551,0.01751782781764756,-0.001410260912717985,0.0,3.301030017378705,1.6,100.0,0.11,13.0
-0.0383478050194859,-0.01674133044879193,0.01081150590238326,-0.0332995469659015,0.6018428983557322,3.778151257621885,1.58,100.0,0.16,13.69
-0.03600717066908667,0.006586621085668454,0.01751554519205328,-0.001388232695216179,0.0,3.176091288008646,1.6,100.0,0.12,10.1
-0.03600717066908667,0.006586621085668454,0.01751554519205328,-0.001388232695216179,0.0,3.000000043429446,1.6,100.0,0.09,13.13
-0.03600717066908667,0.006586621085668454,0.01751554519205328,-0.001388232695216179,0.9538084319600062,3.000000043429446,1.6,100.0,0.11,12.1
-0.03600717066908667,0.006586621085668454,0.01751554519205328,-0.001388232695216179,4.0,3.000000043429446,1.6,100.0,0.045,15.73
-0.03600717066908667,0.006586621085668454,0.01751554519205328,-0.001388232695216179,3.698970004336019,3.778151257621885,1.6,100.0,0.096,15.1
-0.03600717066908667,0.006586621085668454,0.01751554519205328,-0.001388232695216179,4.0,3.796574340148041,1.6,130.0,0.16,11.76
-0.03600717066908667,0.006586621085668454,0.01751554519205328,-0.001388232695216179,0.3678175731716691,3.322219315414608,1.57,105.0,0.09,14.38
-0.0383478050194859,-0.01674133044879193,0.01081150590238326,-0.0332995469659015,0.6018428983557322,3.778151257621885,1.58,100.0,0.16,10.72
-0.03600717066908667,0.006586621085668454,0.01751554519205328,-0.001388232695216179,4.0,3.852784874775909,1.6,95.0,0.09,11.8
-0.03600717066908667,0.006586621085668454,0.01751554519205328,-0.001388232695216179,3.698970004336019,3.243038073503121,1.54,70.0,0.04,14.97
0.03005776304970446,0.02672802650017309,0.01134055436796627,0.001908825983798767,3.698970004336019,3.176091288008646,1.48,150.0,0.12,13.93
0.02426906489205793,0.02313763566186687,0.006017879679301838,0.001700746796246778,0.6018428983557322,2.204120254089891,1.54,80.0,0.058,17.11
0.01519285890564475,0.01613689213021394,-0.0001681504279699043,-0.005518472658312402,0.6018428983557322,3.176091288008646,1.59,150.0,0.1,18.23
-0.03600717066908667,0.006586621085668454,0.01751554519205328,-0.001388232695216179,0.3678320445894042,3.000000043429446,1.6,100.0,0.1,15.0
-0.03600717066908667,0.006586621085668454,0.01751554519205328,-0.001388232695216179,4.0,3.301030017378705,1.6,100.0,0.16,11.22
-0.03600717066908667,0.006586621085668454,0.01751554519205328,-0.001388232695216179,0.6018428983557322,3.000000043429446,1.6,100.0,0.1,17.9
-0.03600562255436168,0.006585262151843551,0.01751782781764756,-0.001410260912717985,3.99563519459755,3.380211259807209,1.55,120.0,0.09,12.0
-0.03600717066908667,0.006586621085668454,0.01751554519205328,-0.001388232695216179,0.0,3.176091288008646,1.6,100.0,0.1,17.5
-0.03600717066908667,0.006586621085668454,0.01751554519205328,-0.001388232695216179,0.0,3.021189340431315,1.6,105.0,0.0405,15.3
-0.03600717066908667,0.006586621085668454,0.01751554519205328,-0.001388232695216179,0.0,3.000000043429446,1.6,100.0,0.1,12.2
-0.03600717066908667,0.006586621085668454,0.01751554519205328,-0.001388232695216179,0.0,3.875061269182293,1.6,100.0,0.09,15.41
-0.03600717066908667,0.006586621085668454,0.01751554519205328,-0.001388232695216179,4.0,4.033423759508195,1.6,90.0,0.06,14.9
-0.03600717066908667,0.006586621085668454,0.01751554519205328,-0.001388232695216179,0.6018428983557322,2.698970091194906,1.6,100.0,0.09,14.87
-0.03600717066908667,0.006586621085668454,0.01751554519205328,-0.001388232695216179,0.6018428983557322,3.653212523426332,1.6,100.0,0.1119999999999999,15.0
-0.03600717066908667,0.006586621085668454,0.01751554519205328,-0.001388232695216179,3.698970004336019,2.90309004127875,1.6,80.0,0.12,13.4
-0.03600717066908667,0.006586621085668454,0.01751554519205328,-0.001388232695216179,0.0,2.301030212811168,1.6,100.0,0.115,18.3
-0.03600717066908667,0.006586621085668454,0.01751554519205328,-0.001388232695216179,0.0,3.602060002185324,1.6,100.0,0.16,16.91
0.01495801894762426,0.01542494765749997,-0.0007357112892081006,-0.004616223218084806,0.6018428983557322,3.778151257621885,1.6,100.0,0.16,15.65
-0.03600717066908667,0.006586621085668454,0.01751554519205328,-0.001388232695216179,4.0,3.000000043429446,1.6,100.0,0.1,16.73
0.02426906489205793,0.02313763566186687,0.006017879679301838,0.001700746796246778,0.6018428983557322,2.204120254089891,1.54,80.0,0.058,16.93
-0.03600717066908667,0.006586621085668454,0.01751554519205328,-0.001388232695216179,0.9494913538483241,3.113943385714103,1.6,100.0,0.0707,16.51
-0.03600717066908667,0.006586621085668454,0.01751554519205328,-0.001388232695216179,4.0,3.778151257621885,1.6,100.0,0.1,12.2
-0.03600717066908667,0.006586621085668454,0.01751554519205328,-0.001388232695216179,0.6018428983557322,2.342422878228744,1.6,60.0,0.09,14.78
0.01633322678856756,0.0173110423977318,0.0007051028382190409,-0.004251484544345492,0.6018428983557322,3.653212523426332,1.6,100.0,0.16,18.87
-0.03600717066908667,0.006586621085668454,0.01751554519205328,-0.001388232695216179,4.0,4.225309284310949,1.6,20.0,0.045,10.13
-0.03600717066908667,0.006586621085668454,0.01751554519205328,-0.001388232695216179,3.477121254719663,3.000000043429446,1.6,100.0,0.09,12.8
-0.01549142515685884,0.0213377970377838,-0.05052475364080292,0.0662358275947395,0.6018428983557322,3.477121269196145,1.72,300.0,0.159,10.6
-0.03600717066908667,0.006586621085668454,0.01751554519205328,-0.001388232695216179,0.9538084319600062,3.000000043429446,1.6,100.0,0.1,18.4
0.01633322678856756,0.0173110423977318,0.0007051028382190409,-0.004251484544345492,0.6018428983557322,3.778151257621885,1.6,100.0,0.16,15.41
-0.03600717066908667,0.006586621085668454,0.01751554519205328,-0.001388232695216179,4.0,3.778151257621885,1.6,100.0,0.04,16.0
-0.03600717066908667,0.006586621085668454,0.01751554519205328,-0.001388232695216179,0.0,3.000000043429446,1.6,100.0,0.09,13.44
-0.03600717066908667,0.006586621085668454,0.01751554519205328,-0.001388232695216179,4.0,2.9845273583484,1.6,65.0,0.125,12.98
-0.03600717066908667,0.006586621085668454,0.01751554519205328,-0.001388232695216179,0.9537650480648696,3.477121269196145,1.56,100.0,0.1,13.99
-0.03600717066908667,0.006586621085668454,0.01751554519205328,-0.001388232695216179,0.0,3.000000043429446,1.6,100.0,0.09,12.36
-0.03600717066908667,0.006586621085668454,0.01751554519205328,-0.001388232695216179,4.0,4.056904855146073,1.6,95.0,0.16,18.6
-0.03600717066908667,0.006586621085668454,0.01751554519205328,-0.001388232695216179,4.0,3.755874863291693,1.6,65.0,0.04,16.0
-0.03600717066908667,0.006586621085668454,0.01751554519205328,-0.001388232695216179,4.0,2.698970091194906,1.6,100.0,0.102,18.36
-0.03600717066908667,0.006586621085668454,0.01751554519205328,-0.001388232695216179,4.0,3.653212523426332,1.6,100.0,0.135,12.8
-0.03600717066908667,0.006586621085668454,0.01751554519205328,-0.001388232695216179,0.6018428983557322,3.653212523426332,1.6,100.0,0.1119999999999999,15.9
-0.03600717066908667,0.006586621085668454,0.01751554519205328,-0.001388232695216179,3.698970004336019,3.176091288008646,1.6,100.0,0.049,10.05
-0.03600717066908667,0.006586621085668454,0.01751554519205328,-0.001388232695216179,3.698970004336019,3.176091288008646,1.6,150.0,0.078,13.07
-0.03600717066908667,0.006586621085668454,0.01751554519205328,-0.001388232695216179,0.8856793095398042,3.113943385714103,1.6,130.0,0.1,20.78
-0.03600717066908667,0.006586621085668454,0.01751554519205328,-0.001388232695216179,3.698970004336019,2.90309004127875,1.6,80.0,0.12,13.85
-0.03600717066908667,0.006586621085668454,0.01751554519205328,-0.001388232695216179,0.4769475716611976,3.68797462894316,1.6,40.0,0.1,17.3
-0.03600717066908667,0.006586621085668454,0.01751554519205328,-0.001388232695216179,4.0,3.607455033937989,1.6,90.0,0.08,13.1
-0.03600562255436168,0.006585262151843551,0.01751782781764756,-0.001410260912717985,3.698970004336019,3.000000043429446,1.55,100.0,0.1,14.09
-0.03600717066908667,0.006586621085668454,0.01751554519205328,-0.001388232695216179,0.6018428983557322,3.000000043429446,1.6,100.0,0.09,14.76
0.01519285890564475,0.01613689213021394,-0.0001681504279699043,-0.005518472658312402,0.6018428983557322,3.778151257621885,1.59,100.0,0.1,18.55
-0.03600717066908667,0.006586621085668454,0.01751554519205328,-0.001388232695216179,4.0,2.698970091194906,1.6,100.0,0.0919,13.6
-0.03600717066908667,0.006586621085668454,0.01751554519205328,-0.001388232695216179,0.6018428983557322,2.74818810455878,1.6,60.0,0.06,15.7
-0.03600717066908667,0.006586621085668454,0.01751554519205328,-0.001388232695216179,0.3678320445894042,3.397940026043817,1.6,100.0,0.1,18.2
-0.03272067193126536,0.007456604513200587,0.01704085397038922,-0.001130609114256066,0.9026992977420334,2.301030212811168,1.5,65.0,0.12,18.63
-0.03600717066908667,0.006586621085668454,0.01751554519205328,-0.001388232695216179,-0.6021142747455573,3.954242514264819,1.6,150.0,0.09,11.07
-0.03600717066908667,0.006586621085668454,0.01751554519205328,-0.001388232695216179,4.0,2.698970091194906,1.6,100.0,0.102,17.73
-0.03600717066908667,0.006586621085668454,0.01751554519205328,-0.001388232695216179,4.0,2.653212610285218,1.6,90.0,0.055,15.4
-0.0149323714639817,0.008411696589027937,-0.06040108746275723,0.04084621115816146,0.6018428983557322,3.301030017378705,1.9,200.0,1.0,11.61
-0.03600717066908667,0.006586621085668454,0.01751554519205328,-0.001388232695216179,0.0,3.07918128223883,1.6,120.0,0.14,12.2
-0.03600717066908667,0.006586621085668454,0.01751554519205328,-0.001388232695216179,0.0,3.000000043429446,1.63,100.0,0.1,16.15
-0.03600717066908667,0.006586621085668454,0.01751554519205328,-0.001388232695216179,3.698970004336019,3.778151257621885,1.5,100.0,0.1,10.22
-0.03600717066908667,0.006586621085668454,0.01751554519205328,-0.001388232695216179,0.3678320445894042,2.698970091194906,1.6,100.0,0.096,13.14
0.03005776304970446,0.02672802650017309,0.01134055436796627,0.001908825983798767,3.942008053022313,3.477121269196145,1.524,150.0,0.09,18.13
-0.03600717066908667,0.006586621085668454,0.01751554519205328,-0.001388232695216179,0.0,2.662757926093408,1.6,60.0,0.05,17.69
-0.03600717066908667,0.006586621085668454,0.01751554519205328,-0.001388232695216179,1.508205238672401,3.000000043429446,1.6,100.0,0.077,15.68
-0.03600562255436168,0.006585262151843551,0.01751782781764756,-0.001410260912717985,4.0,3.301030017378705,1.55,100.0,0.1,12.8
-0.03600717066908667,0.006586621085668454,0.01751554519205328,-0.001388232695216179,0.9134144851411414,2.477121399484465,1.6,100.0,0.09,12.14
-0.03600717066908667,0.006586621085668454,0.01751554519205328,-0.001388232695216179,0.0,3.000000043429446,1.63,100.0,0.1,14.02
-0.03600717066908667,0.006586621085668454,0.01751554519205328,-0.001388232695216179,0.9538084319600062,3.049218061446473,1.6,60.0,0.08,17.26
-0.03600717066908667,0.006586621085668454,0.01751554519205328,-0.001388232695216179,0.6018428983557322,3.653212523426332,1.6,100.0,0.04,12.95
-0.02506753238708409,0.002412263955540052,0.0120301029400502,0.00678134071027273,4.0,3.176091288008646,1.64,100.0,0.12,12.9
-0.03600717066908667,0.006586621085668454,0.01751554519205328,-0.001388232695216179,3.698970004336019,3.623249300738245,1.6,70.0,0.1,13.43
0.01495801894762426,0.01542494765749997,-0.0007357112892081006,-0.004616223218084806,0.6018428983557322,3.778151257621885,1.6,100.0,0.16,12.27
-0.03600717066908667,0.006586621085668454,0.01751554519205328,-0.001388232695216179,0.6018428983557322,3.000000043429446,1.6,100.0,0.0813,11.49
-0.03600717066908667,0.006586621085668454,0.01751554519205328,-0.001388232695216179,0.0,3.477121269196145,1.56,100.0,0.09,10.02
-0.03600717066908667,0.006586621085668454,0.01751554519205328,-0.001388232695216179,0.0,2.698970091194906,1.6,100.0,0.1,11.3
-0.03600717066908667,0.006586621085668454,0.01751554519205328,-0.001388232695216179,4.0,3.431363780243968,1.6,90.0,0.12,14.3
-0.03600717066908667,0.006586621085668454,0.01751554519205328,-0.001388232695216179,3.698970004336019,3.875061269182293,1.65,70.0,0.12,15.2
-0.03600717066908667,0.006586621085668454,0.01751554519205328,-0.001388232695216179,0.6018428983557322,3.518513953038326,1.59,110.0,0.16,18.3
-0.03600717066908667,0.006586621085668454,0.01751554519205328,-0.001388232695216179,0.9538084319600062,2.841984867078524,1.6,65.0,0.1,17.1
-0.03600717066908667,0.006586621085668454,0.01751554519205328,-0.001388232695216179,0.6018428983557322,3.000000043429446,1.6,100.0,0.1,15.72
-0.03600717066908667,0.006586621085668454,0.01751554519205328,-0.001388232695216179,3.698970004336019,4.103803724375599,1.6,70.0,0.1,15.85
-0.03600717066908667,0.006586621085668454,0.01751554519205328,-0.001388232695216179,3.698970004336019,3.778151257621885,1.6,100.0,0.096,14.0
-0.03600717066908667,0.006586621085668454,0.01751554519205328,-0.001388232695216179,0.0,3.301030017378705,1.56,100.0,0.1,14.2
-0.03600562255436168,0.006585262151843551,0.01751782781764756,-0.001410260912717985,1.145477082048643,3.778151257621885,1.6,100.0,0.1,16.2
-0.03600717066908667,0.006586621085668454,0.01751554519205328,-0.001388232695216179,4.0,3.380211259807209,1.62,60.0,0.06,14.75
-0.03600717066908667,0.006586621085668454,0.01751554519205328,-0.001388232695216179,4.0,3.676693618767908,1.6,95.0,0.04,12.77
-0.0383478050194859,-0.01674133044879193,0.01081150590238326,-0.0332995469659015,0.6018428983557322,3.778151257621885,1.58,100.0,0.16,11.07
-0.03600717066908667,0.006586621085668454,0.01751554519205328,-0.001388232695216179,0.0,3.778151257621885,1.6,100.0,0.16,16.19
-0.03600717066908667,0.006586621085668454,0.01751554519205328,-0.001388232695216179,0.9538084319600062,3.021189340431315,1.58,105.0,0.12,16.19
-0.03600717066908667,0.006586621085668454,0.01751554519205328,-0.001388232695216179,4.0,3.176091288008646,1.6,50.0,0.03,11.1
-0.03600717066908667,0.006586621085668454,0.01751554519205328,-0.001388232695216179,0.885549101782847,2.217484207422603,1.6,65.0,0.11,20.29
0.02010898262693502,0.02371316658480603,0.01171184976711218,0.001735805950349647,0.6018428983557322,3.653212523426332,1.53,150.0,0.09,19.83
-0.03600717066908667,0.006586621085668454,0.01751554519205328,-0.001388232695216179,4.0,3.602060002185324,1.6,20.0,0.16,13.07
-0.03600717066908667,0.006586621085668454,0.01751554519205328,-0.001388232695216179,0.6018428983557322,2.342422878228744,1.6,60.0,0.09,15.13
-0.03600717066908667,0.006586621085668454,0.01751554519205328,-0.001388232695216179,3.698970004336019,3.477121269196145,1.59,100.0,0.1,14.4
0.01511625508589558,0.01610619922474015,-0.0001540785287201364,-0.005537966291425511,0.6018428983557322,3.778151257621885,1.61,100.0,0.16,13.8
-0.03600717066908667,0.006586621085668454,0.01751554519205328,-0.001388232695216179,0.6018428983557322,3.505149991891608,1.6,80.0,0.07,10.27
0.01048738180198483,-0.01236500729567984,0.02324921616876246,0.00217955937251081,0.6018428983557322,2.698970091194906,1.25,100.0,0.1,15.69
-0.03600717066908667,0.006586621085668454,0.01751554519205328,-0.001388232695216179,0.0,3.000000043429446,1.6,100.0,0.1119999999999999,15.91
-0.03600717066908667,0.006586621085668454,0.01751554519205328,-0.001388232695216179,0.0,3.000000043429446,1.56,100.0,0.16,16.46
-0.03600562255436168,0.006585262151843551,0.01751782781764756,-0.001410260912717985,3.698970004336019,3.146128066699271,1.56,140.0,0.09,12.66
0.01559430366862345,0.01764665244318917,0.001606219330113659,-0.00345940503912006,0.6018428983557322,3.000000043429446,1.6,100.0,0.1,19.8
0.03005776304970446,0.02672802650017309,0.01134055436796627,0.001908825983798767,0.6018428983557322,3.447158046852736,1.51,140.0,0.11,10.23
-0.03600717066908667,0.006586621085668454,0.01751554519205328,-0.001388232695216179,4.0,2.9845273583484,1.6,65.0,0.125,13.9
-0.03600717066908667,0.006586621085668454,0.01751554519205328,-0.001388232695216179,3.698970004336019,2.977723651004054,1.6,95.0,0.09,14.0
-0.03600717066908667,0.006586621085668454,0.01751554519205328,-0.001388232695216179,0.6018428983557322,2.342422878228744,1.6,60.0,0.09,19.68
0.01721810518888469,0.0186848135286511,0.001603863546475575,-0.005737676287139042,0.6018428983557322,3.778151257621885,1.62,100.0,0.16,19.44
-0.03600717066908667,0.006586621085668454,0.01751554519205328,-0.001388232695216179,0.9538084319600062,3.000000043429446,1.6,100.0,0.09,17.38
-0.03600717066908667,0.006586621085668454,0.01751554519205328,-0.001388232695216179,0.0,3.556302512831023,1.6,120.0,1.0,10.8
-0.03600717066908667,0.006586621085668454,0.01751554519205328,-0.001388232695216179,4.0,2.90309004127875,1.55,80.0,0.9,11.38
-0.03600717066908667,0.006586621085668454,0.01751554519205328,-0.001388232695216179,4.0,3.146128066699271,1.6,70.0,0.09,16.93
-0.03600717066908667,0.006586621085668454,0.01751554519205328,-0.001388232695216179,0.9538084319600062,3.049218061446473,1.6,60.0,0.09,18.47
-0.03600717066908667,0.006586621085668454,0.01751554519205328,-0.001388232695216179,0.1759826990046465,3.0334237956994,1.5,40.0,0.09,13.5
-0.03600717066908667,0.006586621085668454,0.01751554519205328,-0.001388232695216179,3.698970004336019,2.977723651004054,1.6,95.0,0.09,15.4
-0.03600717066908667,0.006586621085668454,0.01751554519205328,-0.001388232695216179,4.0,3.643452686356516,1.6,110.0,0.1,15.99
-0.03600717066908667,0.006586621085668454,0.01751554519205328,-0.001388232695216179,4.0,2.698970091194906,1.6,100.0,0.06,12.6
0.01197217137413808,0.01470375890147542,0.001655525352503221,0.003234849952886738,0.6018428983557322,3.000000043429446,1.59,100.0,0.1,14.08
-0.03600717066908667,0.006586621085668454,0.01751554519205328,-0.001388232695216179,0.3008997268587542,3.000000043429446,1.6,100.0,0.104,17.5
-0.03600717066908667,0.006586621085668454,0.01751554519205328,-0.001388232695216179,4.0,3.113943385714103,1.55,130.0,0.13,11.6
0.03005776304970446,0.02672802650017309,0.01134055436796627,0.001908825983798767,3.698970004336019,3.562292876354953,1.48,70.0,0.1,16.78
-0.03600717066908667,0.006586621085668454,0.01751554519205328,-0.001388232695216179,0.6017994927805721,3.195899680071302,1.6,70.0,0.1,11.9
-0.03600717066908667,0.006586621085668454,0.01751554519205328,-0.001388232695216179,0.8447507433288933,3.176091288008646,1.6,100.0,0.06,14.5
-0.03600717066908667,0.006586621085668454,0.01751554519205328,-0.001388232695216179,0.0,3.000000043429446,1.56,100.0,0.16,10.2
-0.03600717066908667,0.006586621085668454,0.01751554519205328,-0.001388232695216179,0.7778473505988311,3.000000043429446,1.6,100.0,0.12,11.77
-0.03600717066908667,0.006586621085668454,0.01751554519205328,-0.001388232695216179,0.9538084319600062,3.301030017378705,1.5,100.0,0.0139999999999999,14.6
0.01495801894762426,0.01542494765749997,-0.0007357112892081006,-0.004616223218084806,0.6018428983557322,3.778151257621885,1.6,100.0,0.16,13.83
-0.03600717066908667,0.006586621085668454,0.01751554519205328,-0.001388232695216179,0.8447507433288933,2.9845273583484,1.6,65.0,0.1,14.05
-0.03600717066908667,0.006586621085668454,0.01751554519205328,-0.001388232695216179,4.0,4.000000004342945,1.6,100.0,0.25,10.9
-0.03600717066908667,0.006586621085668454,0.01751554519205328,-0.001388232695216179,3.698970004336019,3.623249300738245,1.5,70.0,0.09,10.9
-0.03600717066908667,0.006586621085668454,0.01751554519205328,-0.001388232695216179,3.698970004336019,2.90309004127875,1.6,60.0,1.1,14.95
-0.03600717066908667,0.006586621085668454,0.01751554519205328,-0.001388232695216179,0.6018428983557322,3.477121269196145,1.6,100.0,0.09,14.4
-0.03600717066908667,0.006586621085668454,0.01751554519205328,-0.001388232695216179,4.0,3.230448946925007,1.6,100.0,0.1,14.25
0.01725159014725069,0.01767724884070695,4.444345248363339e-05,-0.007976248404356711,0.6018428983557322,3.531478929815622,1.64,85.0,0.09,18.2
-0.03333970201397635,-0.001270276974379755,0.01014189366219509,-0.01162738346053158,3.698970004336019,3.960232877887904,1.7,100.0,0.075,16.6
-0.03600717066908667,0.006586621085668454,0.01751554519205328,-0.001388232695216179,4.0,3.431363780243968,1.65,90.0,0.12,11.07
-0.03600717066908667,0.006586621085668454,0.01751554519205328,-0.001388232695216179,0.6018428983557322,3.000000043429446,1.6,100.0,0.01,10.47
-0.03600717066908667,0.006586621085668454,0.01751554519205328,-0.001388232695216179,0.6018428983557322,3.000000043429446,1.6,100.0,0.1,13.0
-0.01617529853625768,0.01239181621706842,0.01509507911469608,-0.000123646437743316,0.9538084319600062,2.698970091194906,1.58,100.0,0.08,19.0
-0.03600717066908667,0.006586621085668454,0.01751554519205328,-0.001388232695216179,3.698970004336019,3.477121269196145,1.6,100.0,0.075,19.3
-0.03600717066908667,0.006586621085668454,0.01751554519205328,-0.001388232695216179,4.0,3.000000043429446,1.6,100.0,0.077,12.88
-0.03600717066908667,0.006586621085668454,0.01751554519205328,-0.001388232695216179,0.6018428983557322,2.477121399484465,1.6,100.0,0.1,14.3
0.03005776304970446,0.02672802650017309,0.01134055436796627,0.001908825983798767,3.698970004336019,2.939519302537521,1.48,40.0,0.123,12.03
-0.03600717066908667,0.006586621085668454,0.01751554519205328,-0.001388232695216179,1.060149889391518,3.000000043429446,1.6,100.0,0.09,12.29
-0.03600717066908667,0.006586621085668454,0.01751554519205328,-0.001388232695216179,0.9538084319600062,3.477121269196145,1.6,100.0,0.142,14.8
-0.03600717066908667,0.006586621085668454,0.01751554519205328,-0.001388232695216179,4.0,4.033423759508195,1.6,90.0,0.06,10.7
-0.03600717066908667,0.006586621085668454,0.01751554519205328,-0.001388232695216179,4.0,2.954242557694265,1.6,90.0,0.1,10.8
-0.03600717066908667,0.006586621085668454,0.01751554519205328,-0.001388232695216179,0.6018428983557322,2.755874931864499,1.6,95.0,0.09,16.99
-0.03600717066908667,0.006586621085668454,0.01751554519205328,-0.001388232695216179,4.0,3.000000043429446,1.6,100.0,0.1,12.62
-0.03600717066908667,0.006586621085668454,0.01751554519205328,-0.001388232695216179,0.0,2.954242557694265,1.59,90.0,0.06,11.58
-0.03600717066908667,0.006586621085668454,0.01751554519205328,-0.001388232695216179,0.9538084319600062,2.9845273583484,1.6,65.0,0.125,15.02
-0.03600717066908667,0.006586621085668454,0.01751554519205328,-0.001388232695216179,0.0,3.301030017378705,1.6,100.0,0.11,10.5
-0.03600717066908667,0.006586621085668454,0.01751554519205328,-0.001388232695216179,3.698970004336019,3.623249300738245,1.6,70.0,2.52,13.0
-0.03600717066908667,0.006586621085668454,0.01751554519205328,-0.001388232695216179,4.0,3.924279291232054,1.6,105.0,0.04,13.32
-0.03600717066908667,0.006586621085668454,0.01751554519205328,-0.001388232695216179,0.9538084319600062,3.000000043429446,1.6,100.0,0.1,16.9
-0.03600717066908667,0.006586621085668454,0.01751554519205328,-0.001388232695216179,4.0,2.698970091194906,1.6,100.0,0.1,12.27
0.02426906489205793,0.02313763566186687,0.006017879679301838,0.001700746796246778,0.6018428983557322,3.064458026666096,1.54,80.0,0.058,17.73
-0.03600717066908667,0.006586621085668454,0.01751554519205328,-0.001388232695216179,4.0,2.698970091194906,1.59,100.0,0.045,15.2
0.02426906489205793,0.02313763566186687,0.006017879679301838,0.001700746796246778,0.6018428983557322,2.204120254089891,1.54,80.0,0.058,19.65
-0.03600717066908667,0.006586621085668454,0.01751554519205328,-0.001388232695216179,3.698970004336019,3.477121269196145,1.53,100.0,0.1,10.45
0.02264819523078387,0.02519426365879981,0.001818743639669065,0.01200468798362992,3.933385112931894,3.431363780243968,1.56,120.0,1.0,18.36
-0.03600717066908667,0.006586621085668454,0.01751554519205328,-0.001388232695216179,4.0,3.000000043429446,1.6,100.0,0.04,10.2
-0.0241947528700941,-0.006290300909151659,0.001639524107098585,-0.02149225486737294,0.0,3.113943385714103,1.71,130.0,0.15,13.93
-0.03600717066908667,0.006586621085668454,0.01751554519205328,-0.001388232695216179,4.0,3.600972906571322,1.6,105.0,0.04,14.69
-0.03600717066908667,0.006586621085668454,0.01751554519205328,-0.001388232695216179,4.0,3.778151257621885,1.6,100.0,0.04,12.2
0.01519285890564475,0.01613689213021394,-0.0001681504279699043,-0.005518472658312402,0.6018428983557322,3.778151257621885,1.61,100.0,0.085,19.7
-0.03600717066908667,0.006586621085668454,0.01751554519205328,-0.001388232695216179,0.0,3.176091288008646,1.6,100.0,0.12,11.0
-0.03600717066908667,0.006586621085668454,0.01751554519205328,-0.001388232695216179,0.6018428983557322,2.755874931864499,1.6,95.0,0.09,18.3
-0.03600717066908667,0.006586621085668454,0.01751554519205328,-0.001388232695216179,0.6018428983557322,3.000000043429446,1.6,100.0,0.16,16.57
-0.009968571662421889,0.02174300945891316,-0.04282049347287567,0.0582826643005952,0.925418227904966,3.653212523426332,1.51,150.0,0.125,18.28
-0.03600717066908667,0.006586621085668454,0.01751554519205328,-0.001388232695216179,0.6018428983557322,2.477121399484465,1.58,100.0,0.1,12.47
0.02426906489205793,0.02313763566186687,0.006017879679301838,0.001700746796246778,0.6018428983557322,2.204120254089891,1.54,80.0,0.058,14.54
0.02426906489205793,0.02313763566186687,0.006017879679301838,0.001700746796246778,0.6018428983557322,2.204120254089891,1.54,80.0,0.058,12.56
-0.03600717066908667,0.006586621085668454,0.01751554519205328,-0.001388232695216179,4.0,3.000000043429446,1.6,100.0,0.1,16.0
-0.03600717066908667,0.006586621085668454,0.01751554519205328,-0.001388232695216179,0.0,3.653212523426332,1.6,150.0,0.05,10.2
-0.01821871967963404,-0.003415339715566656,0.01188834575343447,0.007905245819103334,4.0,2.477121399484465,1.6,50.0,0.1,14.55
-0.03600717066908667,0.006586621085668454,0.01751554519205328,-0.001388232695216179,0.6018428983557322,2.755874931864499,1.6,95.0,0.09,16.78
-0.03600717066908667,0.006586621085668454,0.01751554519205328,-0.001388232695216179,4.0,3.027349648553579,1.6,65.0,1.2,10.68
-0.03600717066908667,0.006586621085668454,0.01751554519205328,-0.001388232695216179,1.277885879421602,3.000000043429446,1.6,100.0,0.04,16.59
-0.03600717066908667,0.006586621085668454,0.01751554519205328,-0.001388232695216179,4.0,3.653212523426332,1.6,100.0,0.08,11.0
-0.03600717066908667,0.006586621085668454,0.01751554519205328,-0.001388232695216179,0.9537650480648696,3.477121269196145,1.5,100.0,0.1,18.68
-0.03600717066908667,0.006586621085668454,0.01751554519205328,-0.001388232695216179,0.0,3.07918128223883,1.6,100.0,0.11,12.6
-0.0383478050194859,-0.01674133044879193,0.01081150590238326,-0.0332995469659015,0.6018428983557322,3.778151257621885,1.58,100.0,0.16,10.71
-0.03600717066908667,0.006586621085668454,0.01751554519205328,-0.001388232695216179,0.6018428983557322,2.755874931864499,1.6,95.0,0.09,16.06
-0.03600717066908667,0.006586621085668454,0.01751554519205328,-0.001388232695216179,0.9538084319600062,2.423246037821487,1.56,65.0,1.4,11.84
-0.03600717066908667,0.006586621085668454,0.01751554519205328,-0.001388232695216179,4.0,4.079181249666745,1.6,100.0,0.06,11.81
-0.03600717066908667,0.006586621085668454,0.01751554519205328,-0.001388232695216179,0.6017994927805721,3.826074809182833,1.52,70.0,0.16,16.1
0.009728166341047718,0.01940384445269289,0.01041067695355533,-0.0003417404253111513,3.698970004336019,3.365488003610489,1.58,70.0,0.1,17.4
-0.03600717066908667,0.006586621085668454,0.01751554519205328,-0.001388232695216179,1.145433719811884,3.000000043429446,1.5,100.0,1.1,10.2
-0.03600717066908667,0.006586621085668454,0.01751554519205328,-0.001388232695216179,4.0,3.653212523426332,1.6,50.0,0.0725,15.01
-0.03600717066908667,0.006586621085668454,0.01751554519205328,-0.001388232695216179,4.0,3.000000043429446,1.6,100.0,0.0831,10.9
-0.03600717066908667,0.006586621085668454,0.01751554519205328,-0.001388232695216179,0.9538084319600062,2.841984867078524,1.6,65.0,0.1,15.67
-0.03600717066908667,0.006586621085668454,0.01751554519205328,-0.001388232695216179,4.0,3.653212523426332,1.6,100.0,0.09,11.87
-0.03125626316591173,-0.001970007162739431,0.01979343796383185,-0.0003014878135422939,0.0,3.301030017378705,1.51,100.0,0.09,12.46
-0.03600717066908667,0.006586621085668454,0.01751554519205328,-0.001388232695216179,0.3678320445894042,3.602060002185324,1.59,100.0,0.1,14.91
-0.03600717066908667,0.006586621085668454,0.01751554519205328,-0.001388232695216179,3.698970004336019,3.130333800664967,1.6,70.0,0.1256,14.55
-0.03600717066908667,0.006586621085668454,0.01751554519205328,-0.001388232695216179,3.698970004336019,3.778151257621885,1.6,100.0,0.01,10.37
-0.03600717066908667,0.006586621085668454,0.01751554519205328,-0.001388232695216179,3.698970004336019,4.103803724375599,1.59,70.0,0.1,12.74
0.01595192438895033,0.01749711436200546,0.0006812464098972891,-0.007034436800952369,0.6018428983557322,3.819543942122088,1.61,110.0,0.09,16.6
0.008666343605395555,-0.01280084841231095,0.02092849645524072,0.004808559698542245,0.812587757865713,2.698970091194906,1.26,100.0,0.1,17.29
-0.03600717066908667,0.006586621085668454,0.01751554519205328,-0.001388232695216179,3.698970004336019,2.90309004127875,1.6,80.0,0.12,14.78
-0.03600717066908667,0.006586621085668454,0.01751554519205328,-0.001388232695216179,4.0,3.778151257621885,1.5,100.0,0.1,11.07
-0.03600717066908667,0.006586621085668454,0.01751554519205328,-0.001388232695216179,0.6018428983557322,2.755874931864499,1.6,95.0,0.09,18.84
-0.03600717066908667,0.006586621085668454,0.01751554519205328,-0.001388232695216179,4.0,3.000000043429446,1.5,100.0,0.045,14.05
0.01495801894762426,0.01542494765749997,-0.0007357112892081006,-0.004616223218084806,0.6018428983557322,3.778151257621885,1.6,100.0,0.16,15.66
-0.03600717066908667,0.006586621085668454,0.01751554519205328,-0.001388232695216179,0.0,3.000000043429446,1.6,100.0,0.05,11.35
-0.03600717066908667,0.006586621085668454,0.01751554519205328,-0.001388232695216179,0.6018428983557322,3.000000043429446,1.6,100.0,0.1,12.33
-0.03600717066908667,0.006586621085668454,0.01751554519205328,-0.001388232695216179,4.0,3.397940026043817,1.59,100.0,0.04,12.09
-0.03600717066908667,0.006586621085668454,0.01751554519205328,-0.001388232695216179,4.0,2.698970091194906,1.6,100.0,0.09,18.2
-0.03430025224384223,0.001832674546535224,0.01308966928787325,-0.007481570460287299,0.0,3.176091288008646,1.63,100.0,0.1,14.2
-0.03600717066908667,0.006586621085668454,0.01751554519205328,-0.001388232695216179,0.9538084319600062,3.000000043429446,1.6,100.0,0.1,18.42
-0.03600717066908667,0.006586621085668454,0.01751554519205328,-0.001388232695216179,3.698970004336019,2.845098102056321,1.6,70.0,1.5,10.1
-0.03600717066908667,0.006586621085668454,0.01751554519205328,-0.001388232695216179,0.9538084319600062,3.000000043429446,1.6,100.0,0.1,14.7
-0.03600717066908667,0.006586621085668454,0.01751554519205328,-0.001388232695216179,0.6018428983557322,3.000000043429446,1.6,100.0,0.1,14.39
-0.03600717066908667,0.006586621085668454,0.01751554519205328,-0.001388232695216179,4.0,4.079181249666745,1.6,100.0,0.1,10.6
-0.03600717066908667,0.006586621085668454,0.01751554519205328,-0.001388232695216179,0.0,3.301030017378705,1.58,100.0,0.12,12.7
-0.03600717066908667,0.006586621085668454,0.01751554519205328,-0.001388232695216179,0.0,3.875061269182293,1.6,100.0,0.09,14.07
-0.03600717066908667,0.006586621085668454,0.01751554519205328,-0.001388232695216179,0.6017994927805721,3.477121269196145,1.6,100.0,0.1,15.05
-0.03600717066908667,0.006586621085668454,0.01751554519205328,-0.001388232695216179,4.0,2.954242557694265,1.6,90.0,0.075,11.8
-0.03536385426528208,0.004962303731858735,0.01604115248286328,-0.003365662837640618,3.698970004336019,3.623249300738245,1.638,70.0,0.09,14.23
-0.03600717066908667,0.006586621085668454,0.01751554519205328,-0.001388232695216179,4.0,2.301030212811168,1.55,100.0,0.16,16.8
-0.03600717066908667,0.006586621085668454,0.01751554519205328,-0.001388232695216179,3.698970004336019,3.000000043429446,1.6,100.0,0.1,13.1
0.03005776304970446,0.02672802650017309,0.01134055436796627,0.001908825983798767,0.6018428983557322,3.653212523426332,1.48,150.0,0.09,17.5
-0.03600717066908667,0.006586621085668454,0.01751554519205328,-0.001388232695216179,0.9538084319600062,3.000000043429446,1.5,100.0,0.04,15.51
-0.03600717066908667,0.006586621085668454,0.01751554519205328,-0.001388232695216179,4.0,3.653212523426332,1.6,100.0,0.01,12.37
0.01935207376321722,-0.01592721415402632,0.02486058844704745,0.002333830298762662,0.6018428983557322,2.845098102056321,1.25,100.0,0.1,14.7
-0.03600717066908667,0.006586621085668454,0.01751554519205328,-0.001388232695216179,0.0,3.000000043429446,1.6,100.0,0.09,15.14
-0.03600717066908667,0.006586621085668454,0.01751554519205328,-0.001388232695216179,0.4769475716611976,3.000000043429446,1.6,100.0,0.1,16.8
-0.03600717066908667,0.006586621085668454,0.01751554519205328,-0.001388232695216179,3.698970004336019,3.498310567576727,1.6,70.0,0.16,12.31
-0.03600717066908667,0.006586621085668454,0.01751554519205328,-0.001388232695216179,0.4769475716611976,3.68797462894316,1.6,40.0,0.1,17.5
-0.03600717066908667,0.006586621085668454,0.01751554519205328,-0.001388232695216179,4.0,3.000000043429446,1.6,100.0,0.1,11.5
-0.0149323714639817,0.008411696589027937,-0.06040108746275723,0.04084621115816146,0.3678320445894042,3.274157872364449,1.88,40.0,0.09,12.53
-0.03600717066908667,0.006586621085668454,0.01751554519205328,-0.001388232695216179,4.0,3.397940026043817,1.55,100.0,0.1,11.89
-0.03600717066908667,0.006586621085668454,0.01751554519205328,-0.001388232695216179,0.0,3.000000043429446,1.6,100.0,0.075,13.5
-0.0149323714639817,0.008411696589027937,-0.06040108746275723,0.04084621115816146,0.3678320445894042,2.76342806844129,1.88,40.0,0.09,11.42
-0.03600717066908667,0.006586621085668454,0.01751554519205328,-0.001388232695216179,0.6017994927805721,3.826074809182833,1.52,70.0,0.16,11.3
0.01559430366862345,0.01764665244318917,0.001606219330113659,-0.00345940503912006,0.6018428983557322,3.000000043429446,1.6,100.0,0.1,14.5
-0.03600717066908667,0.006586621085668454,0.01751554519205328,-0.001388232695216179,0.0,2.477121399484465,1.6,60.0,0.05,17.62
-0.03600717066908667,0.006586621085668454,0.01751554519205328,-0.001388232695216179,0.6017994927805721,2.698970091194906,1.6,100.0,0.1,19.17
-0.03600717066908667,0.006586621085668454,0.01751554519205328,-0.001388232695216179,4.0,3.796574340148041,1.6,130.0,0.16,11.05
-0.03600717066908667,0.006586621085668454,0.01751554519205328,-0.001388232695216179,0.0,3.000000043429446,1.6,100.0,1.02,15.8
-0.03600717066908667,0.006586621085668454,0.01751554519205328,-0.001388232695216179,3.698970004336019,3.000000043429446,1.6,100.0,0.1,13.52
-0.03600717066908667,0.006586621085668454,0.01751554519205328,-0.001388232695216179,0.3678320445894042,3.000000043429446,1.6,100.0,0.1,15.06
-0.0383478050194859,-0.01674133044879193,0.01081150590238326,-0.0332995469659015,0.6018428983557322,3.778151257621885,1.58,100.0,0.16,11.29
-0.03600717066908667,0.006586621085668454,0.01751554519205328,-0.001388232695216179,0.6018428983557322,2.000000434294265,1.6,100.0,0.1,13.56
-0.03600717066908667,0.006586621085668454,0.01751554519205328,-0.001388232695216179,3.698970004336019,3.778151257621885,1.6,100.0,0.1,12.62
-0.03600717066908667,0.006586621085668454,0.01751554519205328,-0.001388232695216179,0.6018428983557322,3.653212523426332,1.6,100.0,0.04,13.45
0.03005776304970446,0.02672802650017309,0.01134055436796627,0.001908825983798767,0.6018428983557322,3.301030017378705,1.51,100.0,0.11,14.99
0.02426906489205793,0.02313763566186687,0.006017879679301838,0.001700746796246778,0.6018428983557322,2.204120254089891,1.54,80.0,0.058,20.41
0.01519285890564475,0.01613689213021394,-0.0001681504279699043,-0.005518472658312402,0.6018428983557322,3.778151257621885,1.61,100.0,0.085,20.6
-0.03600717066908667,0.006586621085668454,0.01751554519205328,-0.001388232695216179,3.698970004336019,3.778151257621885,1.6,100.0,0.0644,18.1
-0.03600717066908667,0.006586621085668454,0.01751554519205328,-0.001388232695216179,3.698970004336019,3.819543942122088,1.6,70.0,0.1,13.6
-0.03600717066908667,0.006586621085668454,0.01751554519205328,-0.001388232695216179,0.9538084319600062,2.698970091194906,1.6,100.0,0.12,15.39
0.02790962296212144,0.02625093142065337,0.008624740481725207,0.004809183415632299,3.933053210369387,3.477121269196145,1.48,150.0,0.1,15.87
0.02426906489205793,0.02313763566186687,0.006017879679301838,0.001700746796246778,0.6018428983557322,2.204120254089891,1.54,80.0,0.058,13.86
-0.03600717066908667,0.006586621085668454,0.01751554519205328,-0.001388232695216179,0.9995225386255447,2.477121399484465,1.6,100.0,0.1,14.94
-0.03600717066908667,0.006586621085668454,0.01751554519205328,-0.001388232695216179,0.0,3.000000043429446,1.51,100.0,0.096,15.2
-0.03600717066908667,0.006586621085668454,0.01751554519205328,-0.001388232695216179,0.6018428983557322,3.025305906235946,1.6,60.0,0.09,14.72
-0.03600717066908667,0.006586621085668454,0.01751554519205328,-0.001388232695216179,-0.954290761701127,2.698970091194906,1.6,100.0,0.12,15.69
-0.03600717066908667,0.006586621085668454,0.01751554519205328,-0.001388232695216179,4.0,3.544068056758689,1.6,100.0,0.08,12.2
-0.03600717066908667,0.006586621085668454,0.01751554519205328,-0.001388232695216179,4.0,3.000000043429446,1.6,100.0,0.09,18.2
-0.03600717066908667,0.006586621085668454,0.01751554519205328,-0.001388232695216179,4.0,3.778151257621885,1.6,100.0,0.045,11.82
0.01595192438895033,0.01749711436200546,0.0006812464098972891,-0.007034436800952369,0.6018428983557322,3.477121269196145,1.57,100.0,1.01,11.66
0.02477534379536052,0.0251130772134741,0.01152687453299924,0.001822822911016522,0.9537650480648696,3.365488003610489,1.55,70.0,0.07,20.55
-0.03600717066908667,0.006586621085668454,0.01751554519205328,-0.001388232695216179,4.0,4.033423759508195,1.6,90.0,0.06,12.9
-0.03600717066908667,0.006586621085668454,0.01751554519205328,-0.001388232695216179,0.0,3.602060002185324,1.6,100.0,0.16,18.41
-0.03600717066908667,0.006586621085668454,0.01751554519205328,-0.001388232695216179,4.0,3.000000043429446,1.6,100.0,0.0314,10.6
-0.03600717066908667,0.006586621085668454,0.01751554519205328,-0.001388232695216179,4.0,3.301030017378705,1.6,100.0,0.16,10.6
-0.03600717066908667,0.006586621085668454,0.01751554519205328,-0.001388232695216179,0.9538084319600062,2.544068168434396,1.6,70.0,0.1,15.85
-0.03600717066908667,0.006586621085668454,0.01751554519205328,-0.001388232695216179,3.698970004336019,3.477121269196145,1.6,100.0,0.1,12.61
0.01495801894762426,0.01542494765749997,-0.0007357112892081006,-0.004616223218084806,0.6018428983557322,3.778151257621885,1.6,100.0,0.16,14.03
0.02790962296212144,0.02625093142065337,0.008624740481725207,0.004809183415632299,0.0,3.176091288008646,1.54,150.0,0.09,18.39
-0.03600717066908667,0.006586621085668454,0.01751554519205328,-0.001388232695216179,4.0,2.698970091194906,1.6,100.0,0.102,18.15
-0.03600717066908667,0.006586621085668454,0.01751554519205328,-0.001388232695216179,0.9538084319600062,2.301030212811168,1.6,100.0,0.09,13.8
-0.03600717066908667,0.006586621085668454,0.01751554519205328,-0.001388232695216179,0.6018428983557322,3.698970013021909,1.61,100.0,0.09,15.9
-0.03600717066908667,0.006586621085668454,0.01751554519205328,-0.001388232695216179,4.0,3.954242514264819,1.6,100.0,0.1032,12.23
-0.03600717066908667,0.006586621085668454,0.01751554519205328,-0.001388232695216179,3.698970004336019,4.12057393449596,1.6,20.0,0.065,16.8
0.01935207376321722,-0.01592721415402632,0.02486058844704745,0.002333830298762662,0.6018428983557322,2.845098102056321,1.25,100.0,0.1,15.7
0.01595086659036125,0.01715179071264882,0.0007689970839751136,-0.004302643624446361,0.9995225386255447,3.716837731635311,1.6,70.0,0.105,17.49
-0.03600717066908667,0.006586621085668454,0.01751554519205328,-0.001388232695216179,0.953374787908098,2.845098102056321,1.5,70.0,0.08,10.27
-0.02318085844109488,-0.006901461216180621,0.02153079392391328,0.005443436258708,0.9995225386255447,2.90309004127875,1.83,80.0,0.09,12.83
-0.03600717066908667,0.006586621085668454,0.01751554519205328,-0.001388232695216179,-8.68502116489478e-05,3.330413793643325,1.61,60.0,0.1,16.51
-0.03600717066908667,0.006586621085668454,0.01751554519205328,-0.001388232695216179,3.698970004336019,4.103803724375599,1.5,70.0,0.045,13.59
-0.03600717066908667,0.006586621085668454,0.01751554519205328,-0.001388232695216179,-0.6021142747455573,3.000000043429446,1.6,100.0,0.2,16.15
-0.03600717066908667,0.006586621085668454,0.01751554519205328,-0.001388232695216179,0.0,3.301030017378705,1.6,100.0,0.07,13.31
-0.03600717066908667,0.006586621085668454,0.01751554519205328,-0.001388232695216179,0.9538084319600062,2.698970091194906,1.6,100.0,0.12,16.28
-0.03600717066908667,0.006586621085668454,0.01751554519205328,-0.001388232695216179,0.9538084319600062,3.778151257621885,1.6,100.0,0.09,11.72
-0.0383478050194859,-0.01674133044879193,0.01081150590238326,-0.0332995469659015,0.6018428983557322,3.778151257621885,1.58,100.0,0.16,11.34
-0.03600717066908667,0.006586621085668454,0.01751554519205328,-0.001388232695216179,0.0,3.778151257621885,1.6,100.0,0.16,15.83
-0.03414676047505379,0.001359430052497769,0.01265250997201402,-0.00808700560746077,4.0,3.000000043429446,1.62,100.0,0.09,15.8
-0.03600717066908667,0.006586621085668454,0.01751554519205328,-0.001388232695216179,4.0,3.060697878118348,1.6,115.0,0.105,17.7
-0.03600717066908667,0.006586621085668454,0.01751554519205328,-0.001388232695216179,4.0,4.056904855146073,1.6,95.0,0.16,18.4
-0.03600717066908667,0.006586621085668454,0.01751554519205328,-0.001388232695216179,0.0,3.602060002185324,1.6,100.0,0.16,19.89
-0.03600717066908667,0.006586621085668454,0.01751554519205328,-0.001388232695216179,4.0,3.327358954823717,1.6,85.0,0.01,12.7
-0.03600717066908667,0.006586621085668454,0.01751554519205328,-0.001388232695216179,3.698970004336019,2.90309004127875,1.6,80.0,0.096,13.66
0.02948576963955644,0.01145375095382102,-0.00613784108597194,-0.04542255186721911,3.698970004336019,3.656098211599907,1.61,70.0,0.102,18.01
-0.03600717066908667,0.006586621085668454,0.01751554519205328,-0.001388232695216179,4.0,4.056904855146073,1.6,95.0,0.16,13.1
-0.03600717066908667,0.006586621085668454,0.01751554519205328,-0.001388232695216179,0.6018428983557322,2.342422878228744,1.6,60.0,0.09,17.01
0.01864605073018176,-0.04219627562397182,0.003302996648944446,-0.05887991090102299,0.6018428983557322,3.000000043429446,1.25,100.0,0.059,15.6
-0.03600717066908667,0.006586621085668454,0.01751554519205328,-0.001388232695216179,0.3678320445894042,4.079181249666745,1.6,50.0,0.15,11.9
-0.03600717066908667,0.006586621085668454,0.01751554519205328,-0.001388232695216179,0.6018428983557322,3.000000043429446,1.6,100.0,0.06,18.02
-0.03600717066908667,0.006586621085668454,0.01751554519205328,-0.001388232695216179,0.0,3.000000043429446,1.63,100.0,0.1,15.69
-0.03600717066908667,0.006586621085668454,0.01751554519205328,-0.001388232695216179,0.0,3.255272529230777,1.6,90.0,0.1,10.28
-0.03600717066908667,0.006586621085668454,0.01751554519205328,-0.001388232695216179,0.0,3.301030017378705,1.58,100.0,0.12,10.7
-0.03600717066908667,0.006586621085668454,0.01751554519205328,-0.001388232695216179,0.0,2.698970091194906,1.6,100.0,0.038,13.48
-0.03600717066908667,0.006586621085668454,0.01751554519205328,-0.001388232695216179,3.698970004336019,3.469822030700009,1.6,70.0,0.1,13.43
-0.03600717066908667,0.006586621085668454,0.01751554519205328,-0.001388232695216179,-0.954290761701127,2.698970091194906,1.6,100.0,0.12,14.77
-0.03600717066908667,0.006586621085668454,0.01751554519205328,-0.001388232695216179,0.0,3.000000043429446,1.6,100.0,0.09,14.05
0.01595086659036125,0.01715179071264882,0.0007689970839751136,-0.004302643624446361,0.9995225386255447,3.716837731635311,1.6,70.0,0.105,18.69
0.01495801894762426,0.01542494765749997,-0.0007357112892081006,-0.004616223218084806,0.6018428983557322,3.778151257621885,1.6,100.0,0.16,15.43
0.01400127348305888,0.01531251248640051,-0.0003547473416981374,-0.008869289345792038,0.0,3.000000043429446,1.5,100.0,0.0314,13.46
-0.03600717066908667,0.006586621085668454,0.01751554519205328,-0.001388232695216179,0.6018428983557322,2.755874931864499,1.6,95.0,0.09,15.61
-0.03600717066908667,0.006586621085668454,0.01751554519205328,-0.001388232695216179,4.0,3.975431813104972,1.55,105.0,0.0314,11.3
-0.03600717066908667,0.006586621085668454,0.01751554519205328,-0.001388232695216179,0.9538084319600062,2.799340618389208,1.5,65.0,0.08,18.21
-0.03380839763405821,0.0002761846094624547,0.01162318067996259,-0.009540331811269205,4.0,3.113943385714103,1.67,130.0,0.1,14.5
0.03005776304970446,0.02672802650017309,0.01134055436796627,0.001908825983798767,3.942008053022313,3.477121269196145,1.526,150.0,0.09,20.92
-0.03600717066908667,0.006586621085668454,0.01751554519205328,-0.001388232695216179,0.3678320445894042,3.000000043429446,1.6,100.0,0.1,14.7
-0.03600717066908667,0.006586621085668454,0.01751554519205328,-0.001388232695216179,3.698970004336019,3.146128066699271,1.6,70.0,0.04,11.2
-0.03600717066908667,0.006586621085668454,0.01751554519205328,-0.001388232695216179,0.3678320445894042,3.000000043429446,1.6,100.0,0.1,16.6
-0.03600717066908667,0.006586621085668454,0.01751554519205328,-0.001388232695216179,0.0,3.477121269196145,1.6,100.0,0.0314,10.7
-0.03600717066908667,0.006586621085668454,0.01751554519205328,-0.001388232695216179,3.698970004336019,4.103803724375599,1.6,70.0,0.1,14.62
-0.03600717066908667,0.006586621085668454,0.01751554519205328,-0.001388232695216179,4.0,3.93196611980764,1.6,95.0,0.07,12.01
-0.03600717066908667,0.006586621085668454,0.01751554519205328,-0.001388232695216179,0.9538084319600062,3.000000043429446,1.6,100.0,0.11,12.4
-0.03600717066908667,0.006586621085668454,0.01751554519205328,-0.001388232695216179,4.0,3.000000043429446,1.6,100.0,0.1,12.1
-0.03600717066908667,0.006586621085668454,0.01751554519205328,-0.001388232695216179,0.0,3.477121269196145,1.51,100.0,0.16,14.73
0.01519285890564475,0.01613689213021394,-0.0001681504279699043,-0.005518472658312402,0.6018428983557322,3.778151257621885,1.613,100.0,0.09,18.01
0.02426906489205793,0.02313763566186687,0.006017879679301838,0.001700746796246778,0.6018428983557322,2.204120254089891,1.54,80.0,0.058,13.29
-0.03600717066908667,0.006586621085668454,0.01751554519205328,-0.001388232695216179,0.9538084319600062,3.000000043429446,1.55,100.0,0.01,15.0
0.01495801894762426,0.01542494765749997,-0.0007357112892081006,-0.004616223218084806,0.6018428983557322,3.778151257621885,1.6,100.0,0.16,10.41
-0.03600717066908667,0.006586621085668454,0.01751554519205328,-0.001388232695216179,0.9538084319600062,2.301030212811168,1.6,100.0,0.09,15.8
-0.03600717066908667,0.006586621085668454,0.01751554519205328,-0.001388232695216179,4.0,3.000000043429446,1.6,100.0,0.1,14.29
-0.03600717066908667,0.006586621085668454,0.01751554519205328,-0.001388232695216179,4.0,3.778151257621885,1.6,100.0,0.1,14.2
0.02658510335774138,0.024790210394919,0.008363965066280727,0.002125958845107204,1.277842538821606,3.707570184613514,1.56,70.0,0.09,16.74
0.01595192438895033,0.01749711436200546,0.0006812464098972891,-0.007034436800952369,0.6018428983557322,3.477121269196145,1.57,100.0,1.01,12.09
-0.03600717066908667,0.006586621085668454,0.01751554519205328,-0.001388232695216179,0.3678320445894042,3.000000043429446,1.6,100.0,0.1,18.2
-0.03600717066908667,0.006586621085668454,0.01751554519205328,-0.001388232695216179,0.0,3.000000043429446,1.6,100.0,0.09,15.94
0.03005776304970446,0.02672802650017309,0.01134055436796627,0.001908825983798767,3.942008053022313,3.477121269196145,1.526,150.0,0.09,19.62
-0.03600717066908667,0.006586621085668454,0.01751554519205328,-0.001388232695216179,3.698970004336019,3.924279291232054,1.6,70.0,0.04,10.4
-0.03600717066908667,0.006586621085668454,0.01751554519205328,-0.001388232695216179,4.0,3.000000043429446,1.6,100.0,0.16,10.09
-0.03600717066908667,0.006586621085668454,0.01751554519205328,-0.001388232695216179,0.0,3.021189340431315,1.6,105.0,0.045,16.3
-0.03600717066908667,0.006586621085668454,0.01751554519205328,-0.001388232695216179,3.698970004336019,3.000000043429446,1.6,100.0,0.075,15.91
-0.03600717066908667,0.006586621085668454,0.01751554519205328,-0.001388232695216179,0.6018428983557322,3.000000043429446,1.6,100.0,0.16,16.08
-0.03600717066908667,0.006586621085668454,0.01751554519205328,-0.001388232695216179,4.0,3.778151257621885,1.57,100.0,0.1,11.9
-0.03600717066908667,0.006586621085668454,0.01751554519205328,-0.001388232695216179,3.698970004336019,3.322219315414608,1.6,70.0,0.1,15.48
-0.03600717066908667,0.006586621085668454,0.01751554519205328,-0.001388232695216179,3.698970004336019,3.000000043429446,1.6,100.0,0.07,11.92
0.01721810518888469,0.0186848135286511,0.001603863546475575,-0.005737676287139042,0.6018428983557322,3.819543942122088,1.56,110.0,0.1,16.9
-0.03600717066908667,0.006586621085668454,0.01751554519205328,-0.001388232695216179,0.0,3.000000043429446,1.63,100.0,0.1,15.96
0.03005776304970446,0.02672802650017309,0.01134055436796627,0.001908825983798767,3.698970004336019,2.939519302537521,1.48,40.0,0.123,11.88
-0.03600717066908667,0.006586621085668454,0.01751554519205328,-0.001388232695216179,0.0,3.176091288008646,1.6,100.0,0.1,15.46
0.0153463914243956,0.01666206609717935,0.0005254438418683985,-0.004700168066198921,0.6018428983557322,3.653212523426332,1.59,100.0,0.115,14.0
-0.03600717066908667,0.006586621085668454,0.01751554519205328,-0.001388232695216179,0.0,2.74818810455878,1.6,60.0,0.1,13.4
-0.03600717066908667,0.006586621085668454,0.01751554519205328,-0.001388232695216179,4.0,3.000000043429446,1.6,100.0,0.16,10.7
-0.03600717066908667,0.006586621085668454,0.01751554519205328,-0.001388232695216179,0.9124512459397834,3.954242514264819,1.6,100.0,0.1,18.2
-0.03600717066908667,0.006586621085668454,0.01751554519205328,-0.001388232695216179,0.6018428983557322,2.755874931864499,1.6,95.0,0.09,16.43
-0.03600717066908667,0.006586621085668454,0.01751554519205328,-0.001388232695216179,4.0,2.875061321297627,1.6,75.0,0.102,14.0
-0.03600717066908667,0.006586621085668454,0.01751554519205328,-0.001388232695216179,-0.1250472966593348,3.176091288008646,1.55,100.0,0.16,20.08
-0.03600717066908667,0.006586621085668454,0.01751554519205328,-0.001388232695216179,0.6987095057886286,3.000000043429446,1.6,100.0,0.12,10.69
0.01935207376321722,-0.01592721415402632,0.02486058844704745,0.002333830298762662,0.9538084319600062,2.698970091194906,1.25,100.0,0.04,15.8
-0.03600717066908667,0.006586621085668454,0.01751554519205328,-0.001388232695216179,0.0,2.954242557694265,1.6,90.0,0.09,17.14
-0.03600717066908667,0.006586621085668454,0.01751554519205328,-0.001388232695216179,4.0,2.90309004127875,1.6,80.0,0.1,14.3
-0.02318085844109488,-0.006901461216180621,0.02153079392391328,0.005443436258708,0.9995225386255447,2.90309004127875,1.75,80.0,0.09,14.1
-0.03600717066908667,0.006586621085668454,0.01751554519205328,-0.001388232695216179,0.6018428983557322,3.000000043429446,1.6,100.0,0.1,15.8
-0.03600717066908667,0.006586621085668454,0.01751554519205328,-0.001388232695216179,4.0,2.942008102655965,1.6,25.0,0.1,13.3
-0.03600717066908667,0.006586621085668454,0.01751554519205328,-0.001388232695216179,-0.6021142747455573,3.000000043429446,1.6,100.0,0.2,12.87
-0.03600562255436168,0.006585262151843551,0.01751782781764756,-0.001410260912717985,3.698970004336019,3.498310567576727,1.6,70.0,0.16,10.33
-0.03600717066908667,0.006586621085668454,0.01751554519205328,-0.001388232695216179,0.6018428983557322,2.845098102056321,1.6,70.0,0.1,13.68
-0.03600717066908667,0.006586621085668454,0.01751554519205328,-0.001388232695216179,4.0,3.518513953038326,1.6,100.0,0.12,13.05
-0.03600717066908667,0.006586621085668454,0.01751554519205328,-0.001388232695216179,4.0,3.643452686356516,1.6,110.0,0.104,11.3
0.02247626753248053,0.01898513275623157,-0.0008990819477338892,0.0005207531829390315,0.6018428983557322,3.763428001050773,1.6,145.0,0.125,18.56
-0.03600562255436168,0.006585262151843551,0.01751782781764756,-0.001410260912717985,3.698970004336019,3.498310567576727,1.6,70.0,0.16,13.02
-0.03600717066908667,0.006586621085668454,0.01751554519205328,-0.001388232695216179,-0.1250472966593348,3.176091288008646,1.55,100.0,0.16,17.41
-0.03600717066908667,0.006586621085668454,0.01751554519205328,-0.001388232695216179,3.698970004336019,3.477121269196145,1.6,100.0,1.0,16.58
-0.03600717066908667,0.006586621085668454,0.01751554519205328,-0.001388232695216179,4.0,3.278753623810433,1.6,95.0,0.1,11.64
-0.03479293020573898,0.003390186078363859,0.01458352281776514,-0.005440013617874126,4.0,3.000000043429446,1.63,100.0,0.1,16.6
-0.03600717066908667,0.006586621085668454,0.01751554519205328,-0.001388232695216179,0.0,3.000000043429446,1.6,100.0,0.04,14.6
0.01543223250038279,0.01693691650159826,0.0008637094370783219,-0.004328264419567483,0.6017994927805721,3.000000043429446,1.6,100.0,0.0916,21.1
-0.03600717066908667,0.006586621085668454,0.01751554519205328,-0.001388232695216179,4.0,3.778151257621885,1.6,100.0,0.06,10.1
0.03005776304970446,0.02672802650017309,0.01134055436796627,0.001908825983798767,0.0,3.653212523426332,1.48,150.0,0.1,10.58
-0.03600717066908667,0.006586621085668454,0.01751554519205328,-0.001388232695216179,3.698970004336019,3.681241246423389,1.6,160.0,0.1,16.0
-0.03530716124899496,0.006413374613310882,0.01727013085339615,-0.0008211561798218356,0.6018428983557322,3.698970013021909,1.61,100.0,0.09,15.0
-0.03600717066908667,0.006586621085668454,0.01751554519205328,-0.001388232695216179,4.0,3.995635198984363,1.6,110.0,0.09,15.48
-0.03600717066908667,0.006586621085668454,0.01751554519205328,-0.001388232695216179,4.0,3.000000043429446,1.6,100.0,0.16,11.3
-0.03600717066908667,0.006586621085668454,0.01751554519205328,-0.001388232695216179,3.698970004336019,3.534026118754804,1.6,40.0,0.1,10.67
-0.03600717066908667,0.006586621085668454,0.01751554519205328,-0.001388232695216179,3.698970004336019,2.845098102056321,1.55,70.0,0.2,11.2
-0.03600717066908667,0.006586621085668454,0.01751554519205328,-0.001388232695216179,4.0,3.301030017378705,1.6,100.0,0.16,11.33
0.02274526485520561,0.02336249955656735,0.009508529428223852,-1.052920997297618e-05,0.9772244535919058,3.365488003610489,1.57,70.0,0.09,18.3
-0.03600717066908667,0.006586621085668454,0.01751554519205328,-0.001388232695216179,3.698970004336019,3.845098046218464,1.6,100.0,0.16,11.21
-0.03600717066908667,0.006586621085668454,0.01751554519205328,-0.001388232695216179,4.0,3.301030017378705,1.6,100.0,0.1,10.42
0.02426906489205793,0.02313763566186687,0.006017879679301838,0.001700746796246778,0.6018428983557322,2.204120254089891,1.54,80.0,0.058,11.91
0.01595192438895033,0.01749711436200546,0.0006812464098972891,-0.007034436800952369,0.6018428983557322,3.477121269196145,1.57,100.0,1.01,15.01
-0.03600717066908667,0.006586621085668454,0.01751554519205328,-0.001388232695216179,0.6018428983557322,3.000000043429446,1.6,100.0,0.1,13.59
-0.03600717066908667,0.006586621085668454,0.01751554519205328,-0.001388232695216179,0.3008997268587542,3.000000043429446,1.6,100.0,0.104,16.2
-0.03600717066908667,0.006586621085668454,0.01751554519205328,-0.001388232695216179,4.0,3.301030017378705,1.6,100.0,0.16,13.8
-0.03600717066908667,0.006586621085668454,0.01751554519205328,-0.001388232695216179,4.0,4.225309284310949,1.6,20.0,0.045,14.13
-0.03600717066908667,0.006586621085668454,0.01751554519205328,-0.001388232695216179,3.477121254719663,3.000000043429446,1.6,100.0,0.09,12.2
0.03150321732604403,0.009965007694660482,-0.01695828679981605,-0.04501455537543197,3.698970004336019,3.656098211599907,1.72,70.0,0.102,12.76
-0.03600717066908667,0.006586621085668454,0.01751554519205328,-0.001388232695216179,0.6018428983557322,2.755874931864499,1.6,95.0,0.09,15.8
-0.03600717066908667,0.006586621085668454,0.01751554519205328,-0.001388232695216179,0.0,3.000000043429446,1.6,100.0,0.14,11.44
-0.03600717066908667,0.006586621085668454,0.01751554519205328,-0.001388232695216179,0.0,3.301030017378705,1.63,100.0,0.07,10.92
-0.03600717066908667,0.006586621085668454,0.01751554519205328,-0.001388232695216179,3.698970004336019,3.322219315414608,1.6,70.0,0.09,13.17
-0.03600717066908667,0.006586621085668454,0.01751554519205328,-0.001388232695216179,0.6018428983557322,3.000000043429446,1.6,100.0,0.1,11.99
-0.03600717066908667,0.006586621085668454,0.01751554519205328,-0.001388232695216179,0.3678320445894042,3.000000043429446,1.6,100.0,0.1,16.6
0.01595086659036125,0.01715179071264882,0.0007689970839751136,-0.004302643624446361,0.6018428983557322,3.342422700562864,1.59,110.0,1.0,19.9
-0.03600717066908667,0.006586621085668454,0.01751554519205328,-0.001388232695216179,0.9538084319600062,2.799340618389208,1.5,65.0,0.08,15.15
-0.03600717066908667,0.006586621085668454,0.01751554519205328,-0.001388232695216179,0.9538084319600062,2.792391759545745,1.6,60.0,0.9,14.54
-0.03600717066908667,0.006586621085668454,0.01751554519205328,-0.001388232695216179,-0.6021142747455573,3.954242514264819,1.6,150.0,0.09,14.28
-0.03600717066908667,0.006586621085668454,0.01751554519205328,-0.001388232695216179,3.698970004336019,2.919078144700707,1.55,70.0,0.1,14.0
-0.03600717066908667,0.006586621085668454,0.01751554519205328,-0.001388232695216179,0.0,3.000000043429446,1.6,100.0,0.0875,11.68
-0.03600717066908667,0.006586621085668454,0.01751554519205328,-0.001388232695216179,-8.68502116489478e-05,3.330413793643325,1.61,60.0,0.1,11.53
-0.03600717066908667,0.006586621085668454,0.01751554519205328,-0.001388232695216179,3.698970004336019,3.176091288008646,1.6,100.0,0.049,10.72
-0.03600717066908667,0.006586621085668454,0.01751554519205328,-0.001388232695216179,0.9538084319600062,2.423246037821487,1.56,65.0,0.12,10.49
-0.03600717066908667,0.006586621085668454,0.01751554519205328,-0.001388232695216179,4.0,3.653212523426332,1.6,45.0,0.105,13.92
-0.03600717066908667,0.006586621085668454,0.01751554519205328,-0.001388232695216179,3.698970004336019,3.498310567576727,1.6,75.0,0.1031,18.77
0.01418570971880974,0.01610277909860432,0.001176875425587305,-0.0005142033567676001,0.6018428983557322,3.000000043429446,1.59,100.0,0.1,15.04
-0.03600717066908667,0.006586621085668454,0.01751554519205328,-0.001388232695216179,0.0,3.176091288008646,1.6,100.0,0.125,16.4
0.02115246733572777,0.02099240964253258,0.004913153602382739,-0.003183273641000749,0.6018428983557322,3.176091288008646,1.5,100.0,0.11,15.14
-0.03600717066908667,0.006586621085668454,0.01751554519205328,-0.001388232695216179,3.698970004336019,4.033423759508195,1.6,90.0,0.098,12.23
0.01519285890564475,0.01613689213021394,-0.0001681504279699043,-0.005518472658312402,0.6018428983557322,3.778151257621885,1.63,100.0,0.071,11.13
-0.03600717066908667,0.006586621085668454,0.01751554519205328,-0.001388232695216179,0.3678320445894042,2.698970091194906,1.6,100.0,0.1,11.72
-0.03600717066908667,0.006586621085668454,0.01751554519205328,-0.001388232695216179,4.0,2.301030212811168,1.5,100.0,0.16,15.46
-0.03600717066908667,0.006586621085668454,0.01751554519205328,-0.001388232695216179,3.698970004336019,3.556302512831023,1.5,90.0,0.07,12.74
-0.03600717066908667,0.006586621085668454,0.01751554519205328,-0.001388232695216179,3.698970004336019,2.90309004127875,1.6,80.0,0.12,13.35
-0.03600717066908667,0.006586621085668454,0.01751554519205328,-0.001388232695216179,4.0,2.698970091194906,1.6,100.0,0.102,16.55
-0.009968571662421889,0.02174300945891316,-0.04282049347287567,0.0582826643005952,0.925418227904966,3.653212523426332,1.51,150.0,0.125,16.7
-0.03600717066908667,0.006586621085668454,0.01751554519205328,-0.001388232695216179,0.0,3.176091288008646,1.6,100.0,0.0314,13.37
-0.03600717066908667,0.006586621085668454,0.01751554519205328,-0.001388232695216179,3.698970004336019,4.170261718329379,1.6,70.0,1.2,12.13
-0.03600717066908667,0.006586621085668454,0.01751554519205328,-0.001388232695216179,0.9538084319600062,3.000000043429446,1.6,100.0,0.1,12.54
0.03005776304970446,0.02672802650017309,0.01134055436796627,0.001908825983798767,0.6018428983557322,3.653212523426332,1.48,150.0,0.09,18.89
0.01889842806343216,0.01789688272352865,-0.004163048102718754,0.007448894851821705,0.6018428983557322,3.301030017378705,1.57,100.0,0.09,16.72
-0.03600717066908667,0.006586621085668454,0.01751554519205328,-0.001388232695216179,0.0,3.021189340431315,1.6,105.0,0.09,12.5
-0.03600717066908667,0.006586621085668454,0.01751554519205328,-0.001388232695216179,0.9538084319600062,2.662757926093408,1.6,60.0,0.06,17.01
-0.03600717066908667,0.006586621085668454,0.01751554519205328,-0.001388232695216179,0.0,3.000000043429446,1.6,100.0,0.09,16.52
0.01519285890564475,0.01613689213021394,-0.0001681504279699043,-0.005518472658312402,0.6018428983557322,3.778151257621885,1.58,100.0,0.1,17.1
-0.03600717066908667,0.006586621085668454,0.01751554519205328,-0.001388232695216179,0.9537650480648696,3.146128066699271,1.6,140.0,0.09,16.11
-0.03600717066908667,0.006586621085668454,0.01751554519205328,-0.001388232695216179,0.0,3.000000043429446,1.6,100.0,0.09,14.05
-0.03600717066908667,0.006586621085668454,0.01751554519205328,-0.001388232695216179,1.060149889391518,3.000000043429446,1.6,100.0,0.09,14.64
-0.03600717066908667,0.006586621085668454,0.01751554519205328,-0.001388232695216179,4.0,3.857332502463136,1.6,60.0,0.1,14.75
-0.03600717066908667,0.006586621085668454,0.01751554519205328,-0.001388232695216179,0.0,3.322219315414608,1.6,70.0,0.09,14.8
-0.03600717066908667,0.006586621085668454,0.01751554519205328,-0.001388232695216179,0.0,3.176091288008646,1.6,100.0,0.06,12.67
-0.03600717066908667,0.006586621085668454,0.01751554519205328,-0.001388232695216179,1.148087033069473,3.000000043429446,1.5,100.0,0.1,17.0
-0.03600717066908667,0.006586621085668454,0.01751554519205328,-0.001388232695216179,3.698970004336019,3.301030017378705,1.6,100.0,0.06,15.75
-0.03600717066908667,0.006586621085668454,0.01751554519205328,-0.001388232695216179,0.6018428983557322,3.477121269196145,1.6,100.0,0.09,19.1
-0.03600717066908667,0.006586621085668454,0.01751554519205328,-0.001388232695216179,0.6018428983557322,2.544068168434396,1.59,70.0,0.1,11.31
-0.03600717066908667,0.006586621085668454,0.01751554519205328,-0.001388232695216179,3.698970004336019,3.146128066699271,1.6,70.0,0.04,10.8
-0.03600717066908667,0.006586621085668454,0.01751554519205328,-0.001388232695216179,0.6017994927805721,3.477121269196145,1.6,100.0,0.1,14.45
-0.03600717066908667,0.006586621085668454,0.01751554519205328,-0.001388232695216179,0.0,3.000000043429446,1.5,100.0,0.1,14.18
-0.03600717066908667,0.006586621085668454,0.01751554519205328,-0.001388232695216179,4.0,3.000000043429446,1.5,100.0,0.045,10.03
-0.03600717066908667,0.006586621085668454,0.01751554519205328,-0.001388232695216179,4.0,3.778151257621885,1.6,100.0,0.09,13.91
-0.03600717066908667,0.006586621085668454,0.01751554519205328,-0.001388232695216179,4.0,3.327358954823717,1.6,85.0,0.01,13.5
-0.03600717066908667,0.006586621085668454,0.01751554519205328,-0.001388232695216179,3.698970004336019,3.477121269196145,1.6,100.0,0.1,14.42
-0.03600717066908667,0.006586621085668454,0.01751554519205328,-0.001388232695216179,0.0,3.322219315414608,1.6,105.0,0.021,11.82
-0.03600717066908667,0.006586621085668454,0.01751554519205328,-0.001388232695216179,4.0,3.778151257621885,1.6,100.0,0.04,14.0
-0.03600717066908667,0.006586621085668454,0.01751554519205328,-0.001388232695216179,0.0,2.301030212811168,1.6,100.0,0.115,16.2
-0.03600717066908667,0.006586621085668454,0.01751554519205328,-0.001388232695216179,3.698970004336019,3.375663632246968,1.6,70.0,0.108,11.42
0.03005776304970446,0.02672802650017309,0.01134055436796627,0.001908825983798767,3.698970004336019,3.562292876354953,1.48,70.0,0.1,18.44
0.01519285890564475,0.01613689213021394,-0.0001681504279699043,-0.005518472658312402,0.6018428983557322,3.732393767865459,1.57,120.0,3.3,15.56
-0.03600717066908667,0.006586621085668454,0.01751554519205328,-0.001388232695216179,0.6018428983557322,3.021189340431315,1.6,105.0,0.09,12.41
0.03005776304970446,0.02672802650017309,0.01134055436796627,0.001908825983798767,3.9128498242811,3.458637864131544,1.48,70.0,0.04,13.31
-0.03600717066908667,0.006586621085668454,0.01751554519205328,-0.001388232695216179,3.698970004336019,3.681241246423389,1.55,80.0,0.159,14.01
-0.03600717066908667,0.006586621085668454,0.01751554519205328,-0.001388232695216179,4.0,3.778151257621885,1.6,100.0,0.09,12.36
-0.03600717066908667,0.006586621085668454,0.01751554519205328,-0.001388232695216179,4.0,4.209515017223461,1.6,90.0,0.0314,11.62
-0.03600717066908667,0.006586621085668454,0.01751554519205328,-0.001388232695216179,0.0,3.000000043429446,1.6,100.0,0.09,13.4
-0.03600717066908667,0.006586621085668454,0.01751554519205328,-0.001388232695216179,4.0,2.698970091194906,1.6,100.0,0.09,14.3
-0.03600717066908667,0.006586621085668454,0.01751554519205328,-0.001388232695216179,4.0,3.954242514264819,1.6,100.0,0.1032,12.46
-0.03600717066908667,0.006586621085668454,0.01751554519205328,-0.001388232695216179,4.0,3.852784874775909,1.6,95.0,0.09,12.65
-0.03600717066908667,0.006586621085668454,0.01751554519205328,-0.001388232695216179,-0.954290761701127,2.698970091194906,1.6,100.0,0.12,15.31
-0.03600717066908667,0.006586621085668454,0.01751554519205328,-0.001388232695216179,0.6018428983557322,3.000000043429446,1.6,100.0,0.16,11.15
-0.03600717066908667,0.006586621085668454,0.01751554519205328,-0.001388232695216179,0.7792917234925025,3.414973364674452,1.6,130.0,0.14,13.55
-0.03600717066908667,0.006586621085668454,0.01751554519205328,-0.001388232695216179,0.0,3.000000043429446,1.63,100.0,0.1,17.04
0.03005776304970446,0.02672802650017309,0.01134055436796627,0.001908825983798767,0.6018428983557322,3.778151257621885,1.48,100.0,0.1,15.77
-0.01607050154992985,-0.03354387549050481,0.02178596877136146,-0.006072553618327833,0.6018428983557322,3.380211259807209,1.26,80.0,0.04,10.11
-0.03600717066908667,0.006586621085668454,0.01751554519205328,-0.001388232695216179,4.0,3.556302512831023,1.6,60.0,0.1,13.5
0.01471457533504886,0.01566632529492641,-0.0001328303231181586,-0.002787393647270941,0.6018428983557322,2.000000434294265,1.63,100.0,0.09,13.7
0.02790962296212144,0.02625093142065337,0.008624740481725207,0.004809183415632299,0.6018428983557322,3.477121269196145,1.61,100.0,0.1017,18.25
0.01544903891867226,0.01645109586654739,-1.74087881978316e-05,-0.005818194363929405,0.6018428983557322,3.782472631332862,1.61,60.0,1.0,17.08
-0.03600717066908667,0.006586621085668454,0.01751554519205328,-0.001388232695216179,0.4769475716611976,2.574031383539565,1.6,75.0,0.09,15.79
-0.03600717066908667,0.006586621085668454,0.01751554519205328,-0.001388232695216179,3.698970004336019,3.176091288008646,1.6,150.0,0.078,18.78
-0.03600717066908667,0.006586621085668454,0.01751554519205328,-0.001388232695216179,0.6018428983557322,2.342422878228744,1.5,60.0,0.09,13.74
-0.03600717066908667,0.006586621085668454,0.01751554519205328,-0.001388232695216179,4.0,3.431363780243968,1.65,90.0,0.12,14.9
-0.03600717066908667,0.006586621085668454,0.01751554519205328,-0.001388232695216179,4.0,3.000000043429446,1.5,100.0,0.1,16.0
0.0153463914243956,0.01666206609717935,0.0005254438418683985,-0.004700168066198921,0.6018428983557322,3.653212523426332,1.59,100.0,0.115,14.5
-0.03600717066908667,0.006586621085668454,0.01751554519205328,-0.001388232695216179,0.0,3.000000043429446,1.6,100.0,0.09,11.73
-0.03600717066908667,0.006586621085668454,0.01751554519205328,-0.001388232695216179,4.0,3.000000043429446,1.6,100.0,0.1,11.19
-0.03600717066908667,0.006586621085668454,0.01751554519205328,-0.001388232695216179,4.0,4.209515017223461,1.6,90.0,0.0314,11.76
-0.03600717066908667,0.006586621085668454,0.01751554519205328,-0.001388232695216179,3.698970004336019,3.176091288008646,1.6,150.0,0.078,15.78
-0.03099509260614379,0.002489799383184507,0.01476191732313853,0.0006851897003579438,4.0,2.511883494607925,1.6,65.0,0.13,11.08
-0.03600717066908667,0.006586621085668454,0.01751554519205328,-0.001388232695216179,0.9538084319600062,3.000000043429446,1.59,100.0,0.1,11.2
-0.03600717066908667,0.006586621085668454,0.01751554519205328,-0.001388232695216179,4.0,2.628389032237236,1.5,85.0,0.009,11.02
-0.03600717066908667,0.006586621085668454,0.01751554519205328,-0.001388232695216179,0.6018428983557322,3.477121269196145,1.6,100.0,0.09,17.6
-0.03600717066908667,0.006586621085668454,0.01751554519205328,-0.001388232695216179,4.0,2.698970091194906,1.6,100.0,0.0919,11.0
-0.03600717066908667,0.006586621085668454,0.01751554519205328,-0.001388232695216179,0.6018428983557322,2.755874931864499,1.6,95.0,0.09,19.43
-0.03600717066908667,0.006586621085668454,0.01751554519205328,-0.001388232695216179,3.698970004336019,2.90309004127875,1.6,80.0,0.096,11.98
-0.03600717066908667,0.006586621085668454,0.01751554519205328,-0.001388232695216179,0.9538084319600062,2.518514071482256,1.6,65.0,0.1256,10.3
-0.03600717066908667,0.006586621085668454,0.01751554519205328,-0.001388232695216179,0.6017994927805721,3.195899680071302,1.6,70.0,0.1,19.41
-0.03600717066908667,0.006586621085668454,0.01751554519205328,-0.001388232695216179,4.0,2.90309004127875,1.6,80.0,0.1,19.34
-0.03600717066908667,0.006586621085668454,0.01751554519205328,-0.001388232695216179,0.9538084319600062,2.698970091194906,1.6,100.0,0.01,16.15
-0.03600717066908667,0.006586621085668454,0.01751554519205328,-0.001388232695216179,3.698970004336019,3.498310567576727,1.6,75.0,0.1031,16.5
-0.03600717066908667,0.006586621085668454,0.01751554519205328,-0.001388232695216179,0.3678320445894042,2.698970091194906,1.587,100.0,0.1,16.07
-0.03600717066908667,0.006586621085668454,0.01751554519205328,-0.001388232695216179,0.3678320445894042,3.000000043429446,1.6,100.0,0.1,11.4
-0.03600717066908667,0.006586621085668454,0.01751554519205328,-0.001388232695216179,4.0,3.327358954823717,1.6,85.0,0.01,14.0
-0.03600717066908667,0.006586621085668454,0.01751554519205328,-0.001388232695216179,4.0,2.954242557694265,1.6,90.0,0.075,12.06
-0.03600717066908667,0.006586621085668454,0.01751554519205328,-0.001388232695216179,0.0,3.602060002185324,1.6,100.0,0.16,19.44
-0.03600717066908667,0.006586621085668454,0.01751554519205328,-0.001388232695216179,0.0,4.079181249666745,1.6,100.0,0.1,17.1
-0.03600717066908667,0.006586621085668454,0.01751554519205328,-0.001388232695216179,4.0,4.209515017223461,1.6,90.0,0.0314,12.88
0.0153463914243956,0.01666206609717935,0.0005254438418683985,-0.004700168066198921,0.6018428983557322,3.653212523426332,1.59,100.0,0.115,11.3
-0.03600717066908667,0.006586621085668454,0.01751554519205328,-0.001388232695216179,3.698970004336019,3.301030017378705,1.6,100.0,0.12,10.89
-0.03600717066908667,0.006586621085668454,0.01751554519205328,-0.001388232695216179,0.0,3.778151257621885,1.6,100.0,1.05,12.68
-0.03600717066908667,0.006586621085668454,0.01751554519205328,-0.001388232695216179,4.0,2.698970091194906,1.59,100.0,0.045,13.3
-0.03600717066908667,0.006586621085668454,0.01751554519205328,-0.001388232695216179,4.0,3.113943385714103,1.55,130.0,0.95,10.4
-0.03600717066908667,0.006586621085668454,0.01751554519205328,-0.001388232695216179,0.9995225386255447,3.477121269196145,1.55,100.0,0.12,15.3
-0.03600717066908667,0.006586621085668454,0.01751554519205328,-0.001388232695216179,4.0,3.352182537413339,1.6,150.0,0.09,17.09
-0.03600717066908667,0.006586621085668454,0.01751554519205328,-0.001388232695216179,3.522878745280337,3.049218061446473,1.5,40.0,0.15,10.93
0.01495801894762426,0.01542494765749997,-0.0007357112892081006,-0.004616223218084806,0.6018428983557322,3.778151257621885,1.6,100.0,0.16,15.51
-0.03600717066908667,0.006586621085668454,0.01751554519205328,-0.001388232695216179,0.0,3.176091288008646,1.58,100.0,0.1,13.3
-0.03600717066908667,0.006586621085668454,0.01751554519205328,-0.001388232695216179,0.6018428983557322,2.755874931864499,1.6,95.0,0.09,15.93
-0.03600717066908667,0.006586621085668454,0.01751554519205328,-0.001388232695216179,4.0,3.93196611980764,1.56,95.0,0.03,12.29
-0.03600717066908667,0.006586621085668454,0.01751554519205328,-0.001388232695216179,-0.6021142747455573,3.954242514264819,1.6,150.0,0.09,16.5
-0.03600717066908667,0.006586621085668454,0.01751554519205328,-0.001388232695216179,3.698970004336019,3.176091288008646,1.6,150.0,0.078,19.29
-0.03600717066908667,0.006586621085668454,0.01751554519205328,-0.001388232695216179,3.698970004336019,2.90309004127875,1.6,80.0,0.12,14.38
-0.03600717066908667,0.006586621085668454,0.01751554519205328,-0.001388232695216179,3.698970004336019,3.623249300738245,1.6,70.0,0.07,12.87
0.02790962296212144,0.02625093142065337,0.008624740481725207,0.004809183415632299,3.933053210369387,3.477121269196145,1.48,150.0,0.1,16.77
-0.03600717066908667,0.006586621085668454,0.01751554519205328,-0.001388232695216179,0.9538084319600062,3.283301251323053,1.6,60.0,0.08,10.1
-0.03600717066908667,0.006586621085668454,0.01751554519205328,-0.001388232695216179,3.698970004336019,3.623249300738245,1.6,70.0,0.1,15.36
-0.03600717066908667,0.006586621085668454,0.01751554519205328,-0.001388232695216179,4.0,3.954242514264819,1.55,100.0,0.0625,13.73
-0.03600717066908667,0.006586621085668454,0.01751554519205328,-0.001388232695216179,3.698970004336019,2.602060099901569,1.6,80.0,0.04,12.53
-0.03600717066908667,0.006586621085668454,0.01751554519205328,-0.001388232695216179,0.0,2.623249393801336,1.6,60.0,0.05,16.5
0.03005776304970446,0.02672802650017309,0.01134055436796627,0.001908825983798767,3.698970004336019,3.337459281258218,1.48,145.0,0.04,17.08
-0.03600717066908667,0.006586621085668454,0.01751554519205328,-0.001388232695216179,0.0,3.000000043429446,1.5,100.0,0.1,13.35
0.01495801894762426,0.01542494765749997,-0.0007357112892081006,-0.004616223218084806,0.6018428983557322,3.778151257621885,1.6,100.0,0.16,15.0
-0.03600717066908667,0.006586621085668454,0.01751554519205328,-0.001388232695216179,0.0,2.819544001344058,1.6,110.0,0.13,14.68
-0.03600717066908667,0.006586621085668454,0.01751554519205328,-0.001388232695216179,4.0,3.146128066699271,1.6,70.0,0.09,12.68
-0.03600717066908667,0.006586621085668454,0.01751554519205328,-0.001388232695216179,4.0,2.90309004127875,1.6,80.0,0.1,14.7
-0.03600717066908667,0.006586621085668454,0.01751554519205328,-0.001388232695216179,0.9538084319600062,2.799340618389208,1.5,65.0,0.08,16.56
-0.03600717066908667,0.006586621085668454,0.01751554519205328,-0.001388232695216179,4.0,2.942008102655965,1.6,25.0,0.1,11.08
0.01559430366862345,0.01764665244318917,0.001606219330113659,-0.00345940503912006,0.6018428983557322,3.000000043429446,1.6,100.0,0.1,17.6
-0.03600717066908667,0.006586621085668454,0.01751554519205328,-0.001388232695216179,3.698970004336019,3.623249300738245,1.6,70.0,0.1,15.24
-0.0383478050194859,-0.01674133044879193,0.01081150590238326,-0.0332995469659015,0.6018428983557322,3.778151257621885,1.58,100.0,0.16,11.48
-0.003006876101278598,0.01648835430625897,0.01372202363165282,0.000621753253145231,3.698970004336019,2.982271278278575,1.6,120.0,0.1,10.9
-0.03600717066908667,0.006586621085668454,0.01751554519205328,-0.001388232695216179,0.0,3.000000043429446,1.55,100.0,0.06,16.72
-0.02203591217983892,-0.02205886054785581,0.01821350585072688,-0.007133983394042232,0.6018428983557322,3.380211259807209,1.26,80.0,0.04,13.4
0.02790962296212144,0.02625093142065337,0.008624740481725207,0.004809183415632299,0.6018428983557322,3.477121269196145,1.61,100.0,0.1017,18.67
-0.03600717066908667,0.006586621085668454,0.01751554519205328,-0.001388232695216179,0.6018428983557322,3.653212523426332,1.6,100.0,0.04,16.49
-0.03600717066908667,0.006586621085668454,0.01751554519205328,-0.001388232695216179,0.6018428983557322,3.000000043429446,1.6,100.0,0.1,17.9
-0.03600717066908667,0.006586621085668454,0.01751554519205328,-0.001388232695216179,4.0,3.778151257621885,1.6,100.0,0.04,12.4
-0.03600717066908667,0.006586621085668454,0.01751554519205328,-0.001388232695216179,4.0,3.000000043429446,1.6,100.0,0.16,16.2
-0.03600717066908667,0.006586621085668454,0.01751554519205328,-0.001388232695216179,0.6018428983557322,3.176091288008646,1.59,100.0,0.0919,13.4
-0.03600717066908667,0.006586621085668454,0.01751554519205328,-0.001388232695216179,4.0,3.000000043429446,1.6,100.0,0.09,15.6
-0.03600717066908667,0.006586621085668454,0.01751554519205328,-0.001388232695216179,0.9994791590638145,3.477121269196145,1.6,100.0,0.04,10.46
-0.03600717066908667,0.006586621085668454,0.01751554519205328,-0.001388232695216179,0.9538084319600062,3.301030017378705,1.61,100.0,0.1,12.53
-0.02278239447693326,0.01036814125439047,0.01580730048243987,-0.0004937699354612438,0.0,3.477121269196145,1.5,100.0,0.1,17.1
0.02426906489205793,0.02313763566186687,0.006017879679301838,0.001700746796246778,0.6018428983557322,2.204120254089891,1.54,80.0,0.058,19.32
0.01519285890564475,0.01613689213021394,-0.0001681504279699043,-0.005518472658312402,0.6018428983557322,3.778151257621885,1.59,100.0,0.1,17.06
-0.03600717066908667,0.006586621085668454,0.01751554519205328,-0.001388232695216179,3.698970004336019,3.498310567576727,1.6,90.0,0.102,13.61
-0.03600717066908667,0.006586621085668454,0.01751554519205328,-0.001388232695216179,0.0,3.000000043429446,1.6,100.0,0.09,14.87
0.01645883749703963,0.01736343104815911,0.0006842880231336526,-0.004232850881524671,0.6018428983557322,3.477121269196145,1.6,100.0,0.02506,17.0
-0.01549142515685884,0.0213377970377838,-0.05052475364080292,0.0662358275947395,4.0,3.000000043429446,1.5,100.0,0.0464,15.64
-0.03600717066908667,0.006586621085668454,0.01751554519205328,-0.001388232695216179,0.0,3.000000043429446,1.6,100.0,0.09,13.91
0.00853268470568188,1.462189319349229e-05,-0.01218240384771604,-0.0419814138030833,3.698970004336019,3.656098211599907,1.7,70.0,0.102,11.44
-0.03600717066908667,0.006586621085668454,0.01751554519205328,-0.001388232695216179,3.845098040014257,3.000000043429446,1.6,100.0,0.0314,21.04
-0.03600717066908667,0.006586621085668454,0.01751554519205328,-0.001388232695216179,4.0,3.000000043429446,1.55,100.0,1.1,20.0
-0.03600717066908667,0.006586621085668454,0.01751554519205328,-0.001388232695216179,3.954242509439325,3.000000043429446,1.6,100.0,0.09,14.66
-0.03600717066908667,0.006586621085668454,0.01751554519205328,-0.001388232695216179,0.0,3.000000043429446,1.6,100.0,0.1,12.51
-0.009523016197279036,0.01305912838754589,0.01273952487941118,-0.001621260169321354,0.0,3.414973364674452,1.56,130.0,0.0754,15.6
-0.03600717066908667,0.006586621085668454,0.01751554519205328,-0.001388232695216179,3.698970004336019,2.477121399484465,1.6,100.0,0.0757,15.67
-0.03600717066908667,0.006586621085668454,0.01751554519205328,-0.001388232695216179,0.9124512459397834,3.954242514264819,1.6,100.0,0.1,17.3
-0.03600717066908667,0.006586621085668454,0.01751554519205328,-0.001388232695216179,0.3678320445894042,3.000000043429446,1.6,100.0,0.1,15.74
-0.03600717066908667,0.006586621085668454,0.01751554519205328,-0.001388232695216179,0.6018428983557322,3.623249300738245,1.6,105.0,0.09,17.21
-0.03600717066908667,0.006586621085668454,0.01751554519205328,-0.001388232695216179,3.698970004336019,2.954242557694265,1.6,90.0,0.07,10.2
-0.03600717066908667,0.006586621085668454,0.01751554519205328,-0.001388232695216179,0.0,3.556302512831023,1.6,25.0,0.09,11.1
-0.03600717066908667,0.006586621085668454,0.01751554519205328,-0.001388232695216179,4.0,3.000000043429446,1.6,100.0,0.16,10.5
-0.03600717066908667,0.006586621085668454,0.01751554519205328,-0.001388232695216179,3.698970004336019,3.477121269196145,1.53,100.0,0.1,11.26
-0.03600717066908667,0.006586621085668454,0.01751554519205328,-0.001388232695216179,0.9538084319600062,3.021189340431315,1.6,50.0,0.09,18.2
-0.03600717066908667,0.006586621085668454,0.01751554519205328,-0.001388232695216179,4.0,2.698970091194906,1.6,100.0,0.0612,11.88
0.01268030238026302,0.001431572666677301,-0.01075462581781291,-0.04443333932421852,3.698970004336019,3.607455033937989,1.71,70.0,0.102,13.96
-0.03600717066908667,0.006586621085668454,0.01751554519205328,-0.001388232695216179,4.0,2.698970091194906,1.6,100.0,0.102,19.13
-0.03600717066908667,0.006586621085668454,0.01751554519205328,-0.001388232695216179,4.0,2.653212610285218,1.6,90.0,0.055,14.35
-0.03600717066908667,0.006586621085668454,0.01751554519205328,-0.001388232695216179,4.0,3.778151257621885,1.6,100.0,0.04,13.0
0.03005776304970446,0.02672802650017309,0.01134055436796627,0.001908825983798767,0.9026992977420334,3.477121269196145,1.48,100.0,0.1,17.66
0.01495801894762426,0.01542494765749997,-0.0007357112892081006,-0.004616223218084806,0.6018428983557322,3.778151257621885,1.6,100.0,0.16,14.07
0.01519285890564475,0.01613689213021394,-0.0001681504279699043,-0.005518472658312402,0.6018428983557322,3.778151257621885,1.607,100.0,0.09,17.58
-0.03600717066908667,0.006586621085668454,0.01751554519205328,-0.001388232695216179,4.0,3.000000043429446,1.5,100.0,0.1,15.6
-0.03600717066908667,0.006586621085668454,0.01751554519205328,-0.001388232695216179,3.698970004336019,3.105510218832285,1.5,100.0,0.08,12.21
-0.03600717066908667,0.006586621085668454,0.01751554519205328,-0.001388232695216179,4.0,3.653212523426332,1.6,100.0,0.0314,12.3
0.01721810518888469,0.0186848135286511,0.001603863546475575,-0.005737676287139042,0.6018428983557322,3.778151257621885,1.62,100.0,0.16,16.36
-0.0343000906470767,0.001832675129337723,0.0130891784910055,-0.007476533636630268,3.698970004336019,3.146128066699271,1.58,140.0,0.09,14.21
-0.03414676047505379,0.001359430052497769,0.01265250997201402,-0.00808700560746077,4.0,3.000000043429446,1.62,100.0,0.09,11.7
-0.009523016197279036,0.01305912838754589,0.01273952487941118,-0.001621260169321354,0.0,3.414973364674452,1.56,130.0,0.0754,19.0
-0.03600717066908667,0.006586621085668454,0.01751554519205328,-0.001388232695216179,4.0,3.600972906571322,1.6,105.0,0.04,13.77
-0.03600717066908667,0.006586621085668454,0.01751554519205328,-0.001388232695216179,0.6018428983557322,3.04139272463954,1.6,110.0,0.09,17.71
0.01495801894762426,0.01542494765749997,-0.0007357112892081006,-0.004616223218084806,0.6018428983557322,3.778151257621885,1.6,100.0,0.16,12.78
-0.03600717066908667,0.006586621085668454,0.01751554519205328,-0.001388232695216179,0.0,3.07918128223883,1.6,100.0,0.11,14.0
-0.03600717066908667,0.006586621085668454,0.01751554519205328,-0.001388232695216179,3.698970004336019,3.623249300738245,1.6,70.0,0.1,10.32
-0.03600717066908667,0.006586621085668454,0.01751554519205328,-0.001388232695216179,3.698970004336019,2.447158186447364,1.6,70.0,0.108,14.78
0.01903082233424021,0.009880241686060364,-0.02219010458121227,-0.0294848269136234,3.698970004336019,3.656098211599907,1.65,70.0,0.102,18.49
-0.03600717066908667,0.006586621085668454,0.01751554519205328,-0.001388232695216179,0.6018428983557322,2.74036276845687,1.6,110.0,0.1,17.37
-0.03600717066908667,0.006586621085668454,0.01751554519205328,-0.001388232695216179,4.0,3.653212523426332,1.6,45.0,0.105,13.49
0.01721810518888469,0.0186848135286511,0.001603863546475575,-0.005737676287139042,0.6018428983557322,3.477121269196145,1.51,100.0,0.13,15.86
-0.03600717066908667,0.006586621085668454,0.01751554519205328,-0.001388232695216179,3.698970004336019,2.000000434294265,1.57,25.0,0.108,18.75
0.02426906489205793,0.02313763566186687,0.006017879679301838,0.001700746796246778,0.6018428983557322,3.064458026666096,1.54,80.0,0.058,12.76
-0.03600717066908667,0.006586621085668454,0.01751554519205328,-0.001388232695216179,4.0,2.698970091194906,1.6,100.0,0.1,12.21
-0.03600717066908667,0.006586621085668454,0.01751554519205328,-0.001388232695216179,0.3678320445894042,3.000000043429446,1.6,100.0,0.1,18.5
-0.03600717066908667,0.006586621085668454,0.01751554519205328,-0.001388232695216179,0.8856793095398042,2.477121399484465,1.6,100.0,0.12,12.83
-0.03600717066908667,0.006586621085668454,0.01751554519205328,-0.001388232695216179,4.0,2.301030212811168,1.55,100.0,0.16,18.2
-0.03600717066908667,0.006586621085668454,0.01751554519205328,-0.001388232695216179,0.6018428983557322,3.04139272463954,1.6,110.0,0.09,13.16
-0.009459252107133524,0.01170164872309852,0.01101245111775466,-0.003414609595002316,4.0,1.778151974207177,1.5,60.0,0.045,13.01
-0.03600717066908667,0.006586621085668454,0.01751554519205328,-0.001388232695216179,3.698970004336019,4.644438590452634,1.6,70.0,0.09,17.13
-0.0149323714639817,0.008411696589027937,-0.06040108746275723,0.04084621115816146,0.0,3.511883374341781,1.92,25.0,0.09,11.97
-0.03600717066908667,0.006586621085668454,0.01751554519205328,-0.001388232695216179,0.6018428983557322,3.477121269196145,1.6,100.0,0.1,15.76
-0.03600717066908667,0.006586621085668454,0.01751554519205328,-0.001388232695216179,4.0,3.954242514264819,1.55,100.0,0.0625,15.0
0.0152120300891636,0.0164396810863263,0.0002930446589891751,-0.00499373737471356,0.6018428983557322,3.778151257621885,1.6,100.0,0.1,11.03
-0.03600717066908667,0.006586621085668454,0.01751554519205328,-0.001388232695216179,4.0,3.060697878118348,1.6,115.0,0.105,19.8
-0.03530716124899496,0.006413374613310882,0.01727013085339615,-0.0008211561798218356,0.6018428983557322,3.698970013021909,1.61,100.0,0.09,16.9
-0.03600717066908667,0.006586621085668454,0.01751554519205328,-0.001388232695216179,0.6018428983557322,3.000000043429446,1.5,100.0,0.16,16.3
-0.03600717066908667,0.006586621085668454,0.01751554519205328,-0.001388232695216179,0.0,3.000000043429446,1.6,100.0,0.09,12.82
0.03005776304970446,0.02672802650017309,0.01134055436796627,0.001908825983798767,4.0,3.176091288008646,1.48,150.0,0.09,19.27
-0.03600717066908667,0.006586621085668454,0.01751554519205328,-0.001388232695216179,4.0,3.000000043429446,1.6,100.0,0.1,10.66
-0.03600717066908667,0.006586621085668454,0.01751554519205328,-0.001388232695216179,3.698970004336019,3.146128066699271,1.6,70.0,0.04,10.9
0.03005776304970446,0.02672802650017309,0.01134055436796627,0.001908825983798767,3.698970004336019,3.562292876354953,1.48,70.0,0.1,15.94
-0.03600717066908667,0.006586621085668454,0.01751554519205328,-0.001388232695216179,0.9538084319600062,2.518514071482256,1.6,65.0,0.1,11.7
-0.03600717066908667,0.006586621085668454,0.01751554519205328,-0.001388232695216179,0.9995225386255447,2.477121399484465,1.6,100.0,0.1,18.62
0.02477534379536052,0.0251130772134741,0.01152687453299924,0.001822822911016522,0.9537650480648696,3.365488003610489,1.55,70.0,0.07,19.95
0.01522972070112667,0.0162653083535584,8.918994459320598e-06,-0.005299468060085308,0.6018428983557322,3.653212523426332,1.63,100.0,0.09,15.4
0.01721810518888469,0.0186848135286511,0.001603863546475575,-0.005737676287139042,0.9537650480648696,3.477121269196145,1.47,150.0,1.0,17.2
-0.03600717066908667,0.006586621085668454,0.01751554519205328,-0.001388232695216179,0.6018428983557322,3.176091288008646,1.6,100.0,0.1,17.23
-0.03600717066908667,0.006586621085668454,0.01751554519205328,-0.001388232695216179,3.698970004336019,4.103803724375599,1.6,70.0,0.1,12.21
-0.03600717066908667,0.006586621085668454,0.01751554519205328,-0.001388232695216179,0.0,3.000000043429446,1.63,100.0,0.1,14.66
0.01679399456762696,0.02271329126196624,0.01190195746282018,0.001625992028859026,3.698970004336019,3.602060002185324,1.35,100.0,0.096,16.1
0.03005776304970446,0.02672802650017309,0.01134055436796627,0.001908825983798767,0.6018428983557322,3.301030017378705,1.51,100.0,0.11,13.54
-0.03600717066908667,0.006586621085668454,0.01751554519205328,-0.001388232695216179,3.698970004336019,4.103803724375599,1.5,70.0,0.045,12.83
-0.03600717066908667,0.006586621085668454,0.01751554519205328,-0.001388232695216179,0.0,3.000000043429446,1.6,100.0,0.09,11.52
0.01495801894762426,0.01542494765749997,-0.0007357112892081006,-0.004616223218084806,0.6018428983557322,3.778151257621885,1.6,100.0,0.16,16.36
-0.03600717066908667,0.006586621085668454,0.01751554519205328,-0.001388232695216179,4.0,3.653212523426332,1.6,100.0,0.08,15.8
-0.03600717066908667,0.006586621085668454,0.01751554519205328,-0.001388232695216179,0.6018428983557322,3.04139272463954,1.6,110.0,0.09,16.72
-0.03600717066908667,0.006586621085668454,0.01751554519205328,-0.001388232695216179,4.0,3.000000043429446,1.6,100.0,0.16,13.1
0.01721810518888469,0.0186848135286511,0.001603863546475575,-0.005737676287139042,0.6018428983557322,3.778151257621885,1.59,100.0,0.1,13.0
-0.03600717066908667,0.006586621085668454,0.01751554519205328,-0.001388232695216179,0.0,3.000000043429446,1.6,100.0,1.017,16.5
-0.03600717066908667,0.006586621085668454,0.01751554519205328,-0.001388232695216179,-0.954290761701127,3.498310567576727,1.6,105.0,0.08,10.5
-0.03600717066908667,0.006586621085668454,0.01751554519205328,-0.001388232695216179,0.3008997268587542,3.000000043429446,1.6,100.0,1.01,16.24
-0.03600717066908667,0.006586621085668454,0.01751554519205328,-0.001388232695216179,0.0,3.000000043429446,1.6,100.0,0.04,17.1
-0.03600717066908667,0.006586621085668454,0.01751554519205328,-0.001388232695216179,0.0,3.322219315414608,1.6,105.0,0.021,10.31
-0.03600717066908667,0.006586621085668454,0.01751554519205328,-0.001388232695216179,3.698970004336019,3.778151257621885,1.6,100.0,0.0644,16.6
-0.03600717066908667,0.006586621085668454,0.01751554519205328,-0.001388232695216179,3.698970004336019,3.204120009799329,1.6,80.0,0.09,10.5
-0.03600717066908667,0.006586621085668454,0.01751554519205328,-0.001388232695216179,3.698970004336019,3.04139272463954,1.6,120.0,0.12,10.32
0.01543223250038279,0.01693691650159826,0.0008637094370783219,-0.004328264419567483,0.6018428983557322,2.698970091194906,1.6,100.0,0.0916,19.5
-0.02062507615602032,-0.0005713536871366117,0.01238632250812434,0.007308991442128512,0.9538084319600062,3.000000043429446,1.65,100.0,0.08,10.7
-0.0149323714639817,0.008411696589027937,-0.06040108746275723,0.04084621115816146,0.0,3.511883374341781,1.92,25.0,0.09,11.97
-0.03600717066908667,0.006586621085668454,0.01751554519205328,-0.001388232695216179,4.0,3.544068056758689,1.6,100.0,0.12,13.7
-0.03600717066908667,0.006586621085668454,0.01751554519205328,-0.001388232695216179,0.6018428983557322,3.000000043429446,1.6,100.0,0.1,17.6
-0.03600717066908667,0.006586621085668454,0.01751554519205328,-0.001388232695216179,0.6018428983557322,2.000000434294265,1.6,100.0,0.1,14.86
-0.03600717066908667,0.006586621085668454,0.01751554519205328,-0.001388232695216179,0.0,3.301030017378705,1.58,100.0,0.12,13.8
-0.03600717066908667,0.006586621085668454,0.01751554519205328,-0.001388232695216179,0.9026992977420334,2.698970091194906,1.6,100.0,0.1,15.87
-0.03600717066908667,0.006586621085668454,0.01751554519205328,-0.001388232695216179,4.0,3.000000043429446,1.6,100.0,0.1,16.9
-0.03600717066908667,0.006586621085668454,0.01751554519205328,-0.001388232695216179,0.6018428983557322,3.000000043429446,1.6,100.0,0.1,12.5
-0.03600717066908667,0.006586621085668454,0.01751554519205328,-0.001388232695216179,0.0,3.000000043429446,1.6,100.0,0.1,13.33
0.01721810518888469,0.0186848135286511,0.001603863546475575,-0.005737676287139042,0.6018428983557322,3.414973364674452,1.57,130.0,0.1,17.12
-0.03600717066908667,0.006586621085668454,0.01751554519205328,-0.001388232695216179,0.0,3.176091288008646,1.6,100.0,0.125,12.1
-0.03600717066908667,0.006586621085668454,0.01751554519205328,-0.001388232695216179,3.698970004336019,3.431363780243968,1.5,135.0,0.108,17.35
-0.03600717066908667,0.006586621085668454,0.01751554519205328,-0.001388232695216179,4.0,2.720159386128707,1.6,105.0,0.04,15.9
-0.03600717066908667,0.006586621085668454,0.01751554519205328,-0.001388232695216179,0.4769475716611976,3.477121269196145,1.6,100.0,0.1,18.88
0.02274526485520561,0.02336249955656735,0.009508529428223852,-1.052920997297618e-05,1.277799202546371,3.365488003610489,1.57,70.0,1.0,20.12
-0.03600717066908667,0.006586621085668454,0.01751554519205328,-0.001388232695216179,4.0,2.9845273583484,1.6,65.0,0.125,14.8
-0.03600717066908667,0.006586621085668454,0.01751554519205328,-0.001388232695216179,0.6018428983557322,3.000000043429446,1.6,100.0,0.1,17.67
-0.03600717066908667,0.006586621085668454,0.01751554519205328,-0.001388232695216179,4.0,3.796574340148041,1.6,130.0,0.16,12.14
-0.03600717066908667,0.006586621085668454,0.01751554519205328,-0.001388232695216179,4.0,3.623249300738245,1.5,105.0,0.09,13.81
-0.03600717066908667,0.006586621085668454,0.01751554519205328,-0.001388232695216179,3.698970004336019,2.90309004127875,1.6,80.0,0.12,14.09
-0.03600717066908667,0.006586621085668454,0.01751554519205328,-0.001388232695216179,4.0,3.732393767865459,1.6,90.0,0.1,11.22
-0.03600717066908667,0.006586621085668454,0.01751554519205328,-0.001388232695216179,0.0,3.477121269196145,1.6,100.0,0.16,15.3
0.01495801894762426,0.01542494765749997,-0.0007357112892081006,-0.004616223218084806,0.6018428983557322,3.778151257621885,1.6,100.0,0.16,15.42
-0.03600717066908667,0.006586621085668454,0.01751554519205328,-0.001388232695216179,0.0,2.90309004127875,1.6,80.0,0.1,11.5
-0.03600717066908667,0.006586621085668454,0.01751554519205328,-0.001388232695216179,4.0,3.000000043429446,1.6,100.0,0.1,17.7
0.03005776304970446,0.02672802650017309,0.01134055436796627,0.001908825983798767,3.942008053022313,3.477121269196145,1.526,150.0,0.09,20.86
-0.03600717066908667,0.006586621085668454,0.01751554519205328,-0.001388232695216179,3.698970004336019,3.498310567576727,1.6,70.0,0.16,10.97
-0.03600717066908667,0.006586621085668454,0.01751554519205328,-0.001388232695216179,0.9026992977420334,2.423246037821487,1.6,65.0,0.11,10.35
-0.03600717066908667,0.006586621085668454,0.01751554519205328,-0.001388232695216179,4.0,3.000000043429446,1.6,100.0,0.1,13.3
0.01725159014725069,0.01767724884070695,4.444345248363339e-05,-0.007976248404356711,0.6018428983557322,3.531478929815622,1.64,85.0,0.09,16.23
-0.03600717066908667,0.006586621085668454,0.01751554519205328,-0.001388232695216179,4.0,3.000000043429446,1.6,100.0,0.16,10.6
-0.03600717066908667,0.006586621085668454,0.01751554519205328,-0.001388232695216179,0.6018428983557322,3.653212523426332,1.6,100.0,0.04,16.86
0.03005776304970446,0.02672802650017309,0.01134055436796627,0.001908825983798767,3.698970004336019,4.170261718329379,1.48,70.0,0.12,15.11
-0.03600717066908667,0.006586621085668454,0.01751554519205328,-0.001388232695216179,0.6018428983557322,3.653212523426332,1.6,100.0,0.04,14.24
-0.03600717066908667,0.006586621085668454,0.01751554519205328,-0.001388232695216179,0.0,3.477121269196145,1.6,50.0,0.107,13.56
0.02477534379536052,0.0251130772134741,0.01152687453299924,0.001822822911016522,0.9537650480648696,3.365488003610489,1.55,70.0,0.07,22.5
-0.03600717066908667,0.006586621085668454,0.01751554519205328,-0.001388232695216179,2.920818753952375,3.301030017378705,1.6,100.0,0.08,11.49
-0.03600717066908667,0.006586621085668454,0.01751554519205328,-0.001388232695216179,4.0,2.9845273583484,1.6,65.0,0.125,15.24
-0.03600717066908667,0.006586621085668454,0.01751554519205328,-0.001388232695216179,0.0,3.000000043429446,1.6,100.0,0.16,18.28
-0.03600717066908667,0.006586621085668454,0.01751554519205328,-0.001388232695216179,3.477121254719663,3.000000043429446,1.6,100.0,0.314,11.62
-0.03600717066908667,0.006586621085668454,0.01751554519205328,-0.001388232695216179,3.698970004336019,2.919078144700707,1.55,70.0,0.1,13.4
0.00924468594300522,-0.003042749062691462,-0.01028585697258479,-0.01864098575624602,0.6018376894576518,3.778151257621885,1.63,100.0,0.125,17.82
-0.03600717066908667,0.006586621085668454,0.01751554519205328,-0.001388232695216179,3.698970004336019,2.447158186447364,1.6,70.0,0.108,15.15
0.01721810518888469,0.0186848135286511,0.001603863546475575,-0.005737676287139042,0.6017994927805721,3.301030017378705,1.59,100.0,0.159,19.4
-0.03600717066908667,0.006586621085668454,0.01751554519205328,-0.001388232695216179,4.0,3.778151257621885,1.6,100.0,0.045,10.83
-0.03600717066908667,0.006586621085668454,0.01751554519205328,-0.001388232695216179,0.0,3.176091288008646,1.6,100.0,0.1,17.3
0.02426906489205793,0.02313763566186687,0.006017879679301838,0.001700746796246778,0.6018428983557322,3.064458026666096,1.54,80.0,0.058,16.34
-0.03600717066908667,0.006586621085668454,0.01751554519205328,-0.001388232695216179,3.698970004336019,3.477121269196145,1.6,100.0,0.1,10.58
-0.03600717066908667,0.006586621085668454,0.01751554519205328,-0.001388232695216179,0.0,3.000000043429446,1.6,100.0,0.1,16.3
0.01721810518888469,0.0186848135286511,0.001603863546475575,-0.005737676287139042,0.6018428983557322,3.414973364674452,1.57,130.0,0.1,17.61
0.02426906489205793,0.02313763566186687,0.006017879679301838,0.001700746796246778,0.6018428983557322,3.064458026666096,1.54,80.0,0.058,16.61
-0.03600717066908667,0.006586621085668454,0.01751554519205328,-0.001388232695216179,0.6018428983557322,3.000000043429446,1.6,100.0,0.1,11.08
-0.03600717066908667,0.006586621085668454,0.01751554519205328,-0.001388232695216179,0.0,3.301030017378705,1.58,100.0,0.12,14.1
-0.03600562255436168,0.006585262151843551,0.01751782781764756,-0.001410260912717985,3.698970004336019,3.498310567576727,1.6,70.0,0.16,13.84
-0.03600717066908667,0.006586621085668454,0.01751554519205328,-0.001388232695216179,0.0,3.000000043429446,1.6,100.0,0.09,10.71
-0.03600717066908667,0.006586621085668454,0.01751554519205328,-0.001388232695216179,0.9538084319600062,3.000000043429446,1.6,100.0,0.1,16.1
-0.03600717066908667,0.006586621085668454,0.01751554519205328,-0.001388232695216179,0.9538084319600062,3.000000043429446,1.6,100.0,0.1,20.5
-0.03600717066908667,0.006586621085668454,0.01751554519205328,-0.001388232695216179,4.0,4.056904855146073,1.6,95.0,0.16,19.0
-0.03600717066908667,0.006586621085668454,0.01751554519205328,-0.001388232695216179,4.0,3.857332502463136,1.5,120.0,0.16,12.4
-0.01549142515685884,0.0213377970377838,-0.05052475364080292,0.0662358275947395,4.0,3.000000043429446,1.5,100.0,0.0464,16.75
-0.03600717066908667,0.006586621085668454,0.01751554519205328,-0.001388232695216179,0.9995225386255447,3.477121269196145,1.55,100.0,0.12,14.1
-0.03600717066908667,0.006586621085668454,0.01751554519205328,-0.001388232695216179,4.0,3.230448946925007,1.6,100.0,0.1,11.08
-0.03600717066908667,0.006586621085668454,0.01751554519205328,-0.001388232695216179,0.9538084319600062,3.027349648553579,1.6,65.0,0.06,16.15
-0.03600717066908667,0.006586621085668454,0.01751554519205328,-0.001388232695216179,0.0,3.301030017378705,1.6,100.0,0.07,10.42
-0.03600717066908667,0.006586621085668454,0.01751554519205328,-0.001388232695216179,3.698970004336019,3.498310567576727,1.6,70.0,0.16,14.68
-0.03600717066908667,0.006586621085668454,0.01751554519205328,-0.001388232695216179,-0.1250472966593348,3.176091288008646,1.55,100.0,0.16,18.12
-0.03600717066908667,0.006586621085668454,0.01751554519205328,-0.001388232695216179,0.3008997268587542,3.04139272463954,1.6,110.0,0.1,11.6
-0.03600717066908667,0.006586621085668454,0.01751554519205328,-0.001388232695216179,4.0,3.000000043429446,1.55,100.0,0.06,19.23
-0.03600717066908667,0.006586621085668454,0.01751554519205328,-0.001388232695216179,-0.954290761701127,3.498310567576727,1.6,105.0,0.08,14.26
-0.03600717066908667,0.006586621085668454,0.01751554519205328,-0.001388232695216179,4.0,3.653212523426332,1.6,100.0,0.0314,12.3
-0.03600717066908667,0.006586621085668454,0.01751554519205328,-0.001388232695216179,4.0,3.681241246423389,1.6,65.0,0.06,11.82
-0.03600717066908667,0.006586621085668454,0.01751554519205328,-0.001388232695216179,-0.1761636354381341,3.176091288008646,1.6,100.0,0.09,14.4
-0.03600717066908667,0.006586621085668454,0.01751554519205328,-0.001388232695216179,0.3678320445894042,3.000000043429446,1.6,100.0,0.1,18.46
-0.03600717066908667,0.006586621085668454,0.01751554519205328,-0.001388232695216179,0.9538084319600062,3.027349648553579,1.6,65.0,0.06,18.5
-0.03600717066908667,0.006586621085668454,0.01751554519205328,-0.001388232695216179,0.6018428983557322,3.000000043429446,1.6,100.0,0.1,10.5
-0.03600717066908667,0.006586621085668454,0.01751554519205328,-0.001388232695216179,4.0,3.852784874775909,1.6,95.0,0.09,11.61
0.01375649658071521,0.0142153202131647,-0.001754691174569508,-0.01068742858369088,0.6018428983557322,3.778151257621885,1.69,100.0,0.81,18.4
-0.03600717066908667,0.006586621085668454,0.01751554519205328,-0.001388232695216179,2.958607314841775,2.698970091194906,1.6,100.0,0.07,12.86
-0.03600717066908667,0.006586621085668454,0.01751554519205328,-0.001388232695216179,0.8856793095398042,3.176091288008646,1.6,100.0,0.09,17.27
-0.03600717066908667,0.006586621085668454,0.01751554519205328,-0.001388232695216179,0.0,2.977723651004054,1.6,95.0,0.08,16.57
-0.03600717066908667,0.006586621085668454,0.01751554519205328,-0.001388232695216179,0.9538084319600062,2.799340618389208,1.5,65.0,0.08,14.61
0.01979890759719196,0.008351115281981894,-0.009833734108104642,-0.01276434824060742,0.6018428983557322,3.778151257621885,1.72,100.0,0.1,14.1
-0.03600717066908667,0.006586621085668454,0.01751554519205328,-0.001388232695216179,0.4769475716611976,3.585460740788877,1.6,40.0,0.1,19.2
-0.03600717066908667,0.006586621085668454,0.01751554519205328,-0.001388232695216179,0.6018428983557322,3.653212523426332,1.6,100.0,0.1119999999999999,16.5
0.01495801894762426,0.01542494765749997,-0.0007357112892081006,-0.004616223218084806,0.6018428983557322,3.778151257621885,1.6,100.0,0.16,15.11
-0.03600717066908667,0.006586621085668454,0.01751554519205328,-0.001388232695216179,4.0,3.845098046218464,1.6,100.0,0.075,15.0
-0.03600717066908667,0.006586621085668454,0.01751554519205328,-0.001388232695216179,0.6018428983557322,3.000000043429446,1.6,100.0,0.09,17.66
-0.03600717066908667,0.006586621085668454,0.01751554519205328,-0.001388232695216179,4.0,3.643452686356516,1.6,110.0,0.1,11.23
-0.03600717066908667,0.006586621085668454,0.01751554519205328,-0.001388232695216179,0.0,3.477121269196145,1.6,100.0,0.1,13.6
-0.03600717066908667,0.006586621085668454,0.01751554519205328,-0.001388232695216179,4.0,3.000000043429446,1.6,100.0,0.09,14.27
-0.03600717066908667,0.006586621085668454,0.01751554519205328,-0.001388232695216179,0.6018428983557322,2.342422878228744,1.5,60.0,0.09,17.79
-0.03600717066908667,0.006586621085668454,0.01751554519205328,-0.001388232695216179,4.0,3.000000043429446,1.6,100.0,0.16,11.28
-0.03600717066908667,0.006586621085668454,0.01751554519205328,-0.001388232695216179,4.0,2.301030212811168,1.6,100.0,1.0,13.3
-0.01296642657973385,-0.006400094451433123,0.01030251926837082,0.01056513585454626,4.0,3.176091288008646,1.655,150.0,0.05,11.44
-0.03600717066908667,0.006586621085668454,0.01751554519205328,-0.001388232695216179,0.0,3.322219315414608,1.5,60.0,0.16,16.9
-0.03600717066908667,0.006586621085668454,0.01751554519205328,-0.001388232695216179,3.698970004336019,3.322219315414608,1.55,70.0,0.09,15.3
-0.0383478050194859,-0.01674133044879193,0.01081150590238326,-0.0332995469659015,0.6018428983557322,3.778151257621885,1.58,100.0,0.16,10.87
-0.03600717066908667,0.006586621085668454,0.01751554519205328,-0.001388232695216179,0.3678320445894042,3.000000043429446,1.6,100.0,0.066,18.01
-0.03600717066908667,0.006586621085668454,0.01751554519205328,-0.001388232695216179,0.9538084319600062,3.000000043429446,1.6,100.0,0.159,12.5
-0.03600717066908667,0.006586621085668454,0.01751554519205328,-0.001388232695216179,4.0,3.778151257621885,1.6,100.0,0.04,12.4
-0.03600717066908667,0.006586621085668454,0.01751554519205328,-0.001388232695216179,4.0,3.000000043429446,1.6,100.0,0.04,10.5
-0.03600717066908667,0.006586621085668454,0.01751554519205328,-0.001388232695216179,3.698970004336019,2.447158186447364,1.6,70.0,0.108,12.88
-0.03600717066908667,0.006586621085668454,0.01751554519205328,-0.001388232695216179,0.0,2.90309004127875,1.6,60.0,0.1,17.1
-0.03600717066908667,0.006586621085668454,0.01751554519205328,-0.001388232695216179,4.0,3.653212523426332,1.6,50.0,0.0725,12.29
0.02426906489205793,0.02313763566186687,0.006017879679301838,0.001700746796246778,0.6018428983557322,2.204120254089891,1.54,80.0,0.058,15.67
-0.03600717066908667,0.006586621085668454,0.01751554519205328,-0.001388232695216179,4.0,3.732393767865459,1.6,90.0,0.0725,12.3
0.01612918226130538,0.01814476332960037,0.001593124800696327,-0.005998176255709883,0.6018428983557322,3.653212523426332,1.57,100.0,0.16,10.2
-0.03600717066908667,0.006586621085668454,0.01751554519205328,-0.001388232695216179,3.698970004336019,3.903089992420624,1.6,100.0,0.1,12.6
-0.03600717066908667,0.006586621085668454,0.01751554519205328,-0.001388232695216179,0.0,3.000000043429446,1.6,100.0,1.017,15.26
-0.03600717066908667,0.006586621085668454,0.01751554519205328,-0.001388232695216179,3.698970004336019,2.845098102056321,1.6,70.0,1.5,10.4
-0.03600717066908667,0.006586621085668454,0.01751554519205328,-0.001388232695216179,3.698970004336019,3.431363780243968,1.6,90.0,0.07,12.5
0.02477534379536052,0.0251130772134741,0.01152687453299924,0.001822822911016522,0.9537650480648696,3.365488003610489,1.55,70.0,0.07,20.78
-0.03600717066908667,0.006586621085668454,0.01751554519205328,-0.001388232695216179,0.9538084319600062,3.027349648553579,1.6,65.0,0.06,17.39
-0.03600717066908667,0.006586621085668454,0.01751554519205328,-0.001388232695216179,0.6018428983557322,3.025305906235946,1.6,60.0,0.09,18.01
-0.03600717066908667,0.006586621085668454,0.01751554519205328,-0.001388232695216179,4.0,3.924279291232054,1.6,105.0,0.04,14.32
-0.03600717066908667,0.006586621085668454,0.01751554519205328,-0.001388232695216179,0.0,3.322219315414608,1.5,60.0,0.16,10.8
-0.03600717066908667,0.006586621085668454,0.01751554519205328,-0.001388232695216179,0.0,3.000000043429446,1.59,100.0,0.0314,15.1
-0.03600717066908667,0.006586621085668454,0.01751554519205328,-0.001388232695216179,4.0,3.000000043429446,1.6,100.0,0.09,11.58
-0.03600717066908667,0.006586621085668454,0.01751554519205328,-0.001388232695216179,0.0,3.301030017378705,1.58,100.0,0.16,19.59
-0.03600717066908667,0.006586621085668454,0.01751554519205328,-0.001388232695216179,0.0,3.000000043429446,1.5,100.0,0.1,13.32
-0.0149323714639817,0.008411696589027937,-0.06040108746275723,0.04084621115816146,0.6018428983557322,3.07918128223883,1.9,120.0,0.04,11.6
-0.03289042032241936,-0.002805718341861456,0.008679248139178858,-0.01373382886032731,3.698970004336019,3.146128066699271,1.62,140.0,0.09,12.72
-0.03600717066908667,0.006586621085668454,0.01751554519205328,-0.001388232695216179,4.0,4.079181249666745,1.6,50.0,0.09,13.2
-0.03600717066908667,0.006586621085668454,0.01751554519205328,-0.001388232695216179,3.698970004336019,2.454845012392512,1.6,95.0,0.0757,21.37
-0.03600717066908667,0.006586621085668454,0.01751554519205328,-0.001388232695216179,4.0,3.778151257621885,1.6,100.0,0.09,16.3
-0.03600717066908667,0.006586621085668454,0.01751554519205328,-0.001388232695216179,4.0,2.698970091194906,1.6,100.0,0.66,12.3
-0.03600717066908667,0.006586621085668454,0.01751554519205328,-0.001388232695216179,0.0,3.778151257621885,1.58,100.0,0.1,10.45
-0.03600717066908667,0.006586621085668454,0.01751554519205328,-0.001388232695216179,0.3678320445894042,2.698970091194906,1.6,100.0,0.1,14.29
-0.03600717066908667,0.006586621085668454,0.01751554519205328,-0.001388232695216179,4.0,3.954242514264819,1.6,100.0,0.1032,10.59
0.02746497908880164,0.01275713770389753,-0.01927236088365503,-0.03428182422358368,3.698970004336019,3.656098211599907,1.65,70.0,0.102,18.22
-0.0383478050194859,-0.01674133044879193,0.01081150590238326,-0.0332995469659015,0.6018428983557322,3.778151257621885,1.58,100.0,0.16,16.49
-0.03600717066908667,0.006586621085668454,0.01751554519205328,-0.001388232695216179,-0.1250472966593348,3.176091288008646,1.55,100.0,0.16,21.1
-0.03600717066908667,0.006586621085668454,0.01751554519205328,-0.001388232695216179,4.0,3.397940026043817,1.6,100.0,0.08,11.7
-0.03600717066908667,0.006586621085668454,0.01751554519205328,-0.001388232695216179,0.6018428983557322,3.021189340431315,1.6,105.0,0.09,13.2
-0.03600717066908667,0.006586621085668454,0.01751554519205328,-0.001388232695216179,4.0,3.778151257621885,1.6,100.0,0.04,16.6
-0.03600717066908667,0.006586621085668454,0.01751554519205328,-0.001388232695216179,4.0,3.653212523426332,1.6,100.0,0.08,17.8
-0.03272067193126536,0.007456604513200587,0.01704085397038922,-0.001130609114256066,0.9026992977420334,2.301030212811168,1.5,65.0,0.12,12.35
-0.03600717066908667,0.006586621085668454,0.01751554519205328,-0.001388232695216179,3.698970004336019,3.000000043429446,1.6,100.0,0.0707,19.0
0.02157293468193556,0.008017444466925493,-0.02878603850115331,-0.032496212852369,3.698970004336019,3.656098211599907,1.72,70.0,0.102,12.01
-0.03600717066908667,0.006586621085668454,0.01751554519205328,-0.001388232695216179,0.6018428983557322,3.021189340431315,1.6,105.0,0.09,20.2
-0.03600717066908667,0.006586621085668454,0.01751554519205328,-0.001388232695216179,0.0,3.000000043429446,1.63,100.0,0.1,15.61
-0.03600717066908667,0.006586621085668454,0.01751554519205328,-0.001388232695216179,3.698970004336019,3.623249300738245,1.59,70.0,0.06,14.05
-0.03380839763405821,0.0002761846094624547,0.01162318067996259,-0.009540331811269205,4.0,3.04139272463954,1.67,110.0,0.1,17.3
-0.03600717066908667,0.006586621085668454,0.01751554519205328,-0.001388232695216179,3.698970004336019,3.498310567576727,1.6,70.0,0.16,11.07
-0.03600562255436168,0.006585262151843551,0.01751782781764756,-0.001410260912717985,1.145477082048643,3.778151257621885,1.6,100.0,0.1,16.9
-0.03600717066908667,0.006586621085668454,0.01751554519205328,-0.001388232695216179,0.9538084319600062,3.000000043429446,1.6,100.0,0.1,15.92
-0.03600717066908667,0.006586621085668454,0.01751554519205328,-0.001388232695216179,0.0,3.07918128223883,1.6,100.0,0.11,15.2
-0.03600717066908667,0.006586621085668454,0.01751554519205328,-0.001388232695216179,3.698970004336019,2.845098102056321,1.56,70.0,0.038,10.29
-0.03600717066908667,0.006586621085668454,0.01751554519205328,-0.001388232695216179,0.3008997268587542,3.000000043429446,1.6,100.0,0.104,12.4
-0.03600717066908667,0.006586621085668454,0.01751554519205328,-0.001388232695216179,0.6017994927805721,2.698970091194906,1.6,100.0,0.1,18.81
-0.03600717066908667,0.006586621085668454,0.01751554519205328,-0.001388232695216179,0.0,2.477121399484465,1.6,100.0,0.1,16.1
0.01519285890564475,0.01613689213021394,-0.0001681504279699043,-0.005518472658312402,0.6018428983557322,3.342422700562864,1.62,110.0,0.09,15.39
-0.03600717066908667,0.006586621085668454,0.01751554519205328,-0.001388232695216179,0.9537650480648696,3.120573964106946,1.6,110.0,0.03,13.0
-0.03600717066908667,0.006586621085668454,0.01751554519205328,-0.001388232695216179,4.0,3.255272529230777,1.5,80.0,0.16,15.85
-0.009523016197279036,0.01305912838754589,0.01273952487941118,-0.001621260169321354,0.0,3.414973364674452,1.56,130.0,0.0754,18.1
-0.03600717066908667,0.006586621085668454,0.01751554519205328,-0.001388232695216179,0.9538084319600062,3.049218061446473,1.6,60.0,0.09,17.62
-0.03600717066908667,0.006586621085668454,0.01751554519205328,-0.001388232695216179,3.698970004336019,3.322219315414608,1.6,70.0,0.07,11.6
-0.03600717066908667,0.006586621085668454,0.01751554519205328,-0.001388232695216179,4.0,4.135132654558419,1.6,55.0,0.1,10.66
-0.03600717066908667,0.006586621085668454,0.01751554519205328,-0.001388232695216179,3.698970004336019,3.477121269196145,1.59,150.0,0.075,19.29
0.02036978720965425,0.007300913184930801,-0.004888362749376986,-0.04063519720210299,4.0,3.113943385714103,1.53,130.0,0.1,18.1
-0.03600717066908667,0.006586621085668454,0.01751554519205328,-0.001388232695216179,4.0,4.130333771712002,1.55,90.0,0.02,13.5
-0.03600717066908667,0.006586621085668454,0.01751554519205328,-0.001388232695216179,4.0,3.477121269196145,1.6,100.0,0.06,12.2
-0.03600717066908667,0.006586621085668454,0.01751554519205328,-0.001388232695216179,3.698970004336019,3.000000043429446,1.6,100.0,0.075,17.13
-0.03600717066908667,0.006586621085668454,0.01751554519205328,-0.001388232695216179,0.6018428983557322,2.755874931864499,1.6,95.0,0.09,15.79
-0.03600717066908667,0.006586621085668454,0.01751554519205328,-0.001388232695216179,1.589330894217499,3.000000043429446,1.6,100.0,0.04,15.86
-0.03600717066908667,0.006586621085668454,0.01751554519205328,-0.001388232695216179,4.0,3.000000043429446,1.6,100.0,0.1,19.04
0.01588875343584062,0.01863894024920732,0.003681536775633083,-0.001488014934813955,0.9538084319600062,3.176091288008646,1.59,100.0,0.09,14.0
-0.03600717066908667,0.006586621085668454,0.01751554519205328,-0.001388232695216179,3.698970004336019,3.498310567576727,1.6,70.0,0.16,13.63
-0.01821871967963404,-0.003415339715566656,0.01188834575343447,0.007905245819103334,0.3678320445894042,3.000000043429446,1.637,100.0,0.05,13.26
-0.03600717066908667,0.006586621085668454,0.01751554519205328,-0.001388232695216179,4.0,2.50515011403691,1.6,80.0,0.052,15.67
-0.03600717066908667,0.006586621085668454,0.01751554519205328,-0.001388232695216179,0.0,3.000000043429446,1.6,100.0,0.09,15.98
-0.03600717066908667,0.006586621085668454,0.01751554519205328,-0.001388232695216179,0.6018428983557322,2.342422878228744,1.6,60.0,0.09,18.84
-0.03600717066908667,0.006586621085668454,0.01751554519205328,-0.001388232695216179,0.0,3.000000043429446,1.6,100.0,0.09,17.41
-0.03600717066908667,0.006586621085668454,0.01751554519205328,-0.001388232695216179,0.0,3.176091288008646,1.6,100.0,0.06,12.62
-0.03600717066908667,0.006586621085668454,0.01751554519205328,-0.001388232695216179,0.9538084319600062,2.698970091194906,1.6,100.0,0.1,15.92
-0.03600717066908667,0.006586621085668454,0.01751554519205328,-0.001388232695216179,3.698970004336019,2.477121399484465,1.5,100.0,0.1,16.22
-0.03600562255436168,0.006585262151843551,0.01751782781764756,-0.001410260912717985,3.99563519459755,3.380211259807209,1.55,120.0,0.09,11.4
-0.03600717066908667,0.006586621085668454,0.01751554519205328,-0.001388232695216179,3.698970004336019,3.000000043429446,1.59,100.0,3.8,14.7
-0.03600717066908667,0.006586621085668454,0.01751554519205328,-0.001388232695216179,3.698970004336019,3.322219315414608,1.6,70.0,0.07,11.88
-0.03600717066908667,0.006586621085668454,0.01751554519205328,-0.001388232695216179,0.3678320445894042,3.602060002185324,1.59,100.0,0.1,19.18
0.02790962296212144,0.02625093142065337,0.008624740481725207,0.004809183415632299,3.933053210369387,3.477121269196145,1.48,150.0,0.1,15.83
-0.03600717066908667,0.006586621085668454,0.01751554519205328,-0.001388232695216179,0.0,2.301030212811168,1.6,100.0,0.115,17.6
-0.03600717066908667,0.006586621085668454,0.01751554519205328,-0.001388232695216179,0.0,3.778151257621885,1.63,100.0,0.1,17.85
-0.03600717066908667,0.006586621085668454,0.01751554519205328,-0.001388232695216179,0.0,3.633468465679458,1.6,100.0,0.09,14.98
-0.03600717066908667,0.006586621085668454,0.01751554519205328,-0.001388232695216179,0.6018428983557322,3.021189340431315,1.6,105.0,0.09,18.51
0.03005776304970446,0.02672802650017309,0.01134055436796627,0.001908825983798767,3.942008053022313,3.477121269196145,1.529,150.0,0.09,15.39
-0.03600717066908667,0.006586621085668454,0.01751554519205328,-0.001388232695216179,3.698970004336019,2.477121399484465,1.5,100.0,0.1,13.46
-0.03600717066908667,0.006586621085668454,0.01751554519205328,-0.001388232695216179,3.698970004336019,3.477121269196145,1.6,150.0,0.123,16.25
0.01519285890564475,0.01613689213021394,-0.0001681504279699043,-0.005518472658312402,0.6018428983557322,3.602060002185324,1.6,100.0,0.1,13.37
0.01721810518888469,0.0186848135286511,0.001603863546475575,-0.005737676287139042,0.6018428983557322,3.740362697390507,1.61,150.0,0.1,20.12
-0.03600717066908667,0.006586621085668454,0.01751554519205328,-0.001388232695216179,0.0,3.301030017378705,1.6,100.0,0.07,16.2
-0.03600717066908667,0.006586621085668454,0.01751554519205328,-0.001388232695216179,0.9538084319600062,3.000000043429446,1.6,100.0,0.16,10.47
-0.0149323714639817,0.008411696589027937,-0.06040108746275723,0.04084621115816146,1.277842538821606,3.653212523426332,1.94,300.0,0.09,14.03
-0.03600717066908667,0.006586621085668454,0.01751554519205328,-0.001388232695216179,0.6018428983557322,2.755874931864499,1.6,95.0,0.09,19.19
-0.03600717066908667,0.006586621085668454,0.01751554519205328,-0.001388232695216179,0.0,3.000000043429446,1.59,100.0,0.0314,17.4
-0.03600717066908667,0.006586621085668454,0.01751554519205328,-0.001388232695216179,4.0,4.033423759508195,1.6,60.0,0.04,10.6
-0.03600717066908667,0.006586621085668454,0.01751554519205328,-0.001388232695216179,4.0,2.301030212811168,1.6,100.0,1.0,12.9
-0.03600717066908667,0.006586621085668454,0.01751554519205328,-0.001388232695216179,4.0,2.491361833929244,1.6,70.0,0.1,11.8
0.01495801894762426,0.01542494765749997,-0.0007357112892081006,-0.004616223218084806,0.6018428983557322,3.778151257621885,1.6,100.0,0.16,16.43
0.01595192438895033,0.01749711436200546,0.0006812464098972891,-0.007034436800952369,0.6018428983557322,3.819543942122088,1.61,110.0,0.09,19.0
-0.03600717066908667,0.006586621085668454,0.01751554519205328,-0.001388232695216179,3.778151250383644,3.021189340431315,1.6,105.0,0.1,16.5
-0.03600562255436168,0.006585262151843551,0.01751782781764756,-0.001410260912717985,1.145477082048643,3.778151257621885,1.6,100.0,0.1,16.6
-0.03600717066908667,0.006586621085668454,0.01751554519205328,-0.001388232695216179,3.698970004336019,3.322219315414608,1.6,70.0,0.1,13.29
-0.03600717066908667,0.006586621085668454,0.01751554519205328,-0.001388232695216179,0.0,3.000000043429446,1.585,100.0,0.1024,17.37
-0.03600717066908667,0.006586621085668454,0.01751554519205328,-0.001388232695216179,4.0,3.954242514264819,1.6,100.0,0.09,17.1
-0.03600717066908667,0.006586621085668454,0.01751554519205328,-0.001388232695216179,4.0,4.033423759508195,1.6,90.0,0.079,10.91
-0.03600717066908667,0.006586621085668454,0.01751554519205328,-0.001388232695216179,4.0,2.698970091194906,1.6,100.0,0.102,16.77
-0.03600717066908667,0.006586621085668454,0.01751554519205328,-0.001388232695216179,-8.68502116489478e-05,2.342422878228744,1.6,60.0,0.1,14.42
0.02300642363472738,0.02308343879466066,0.00160052302569487,0.007700420575730609,0.6018428983557322,3.301030017378705,1.6,100.0,0.09,19.57
-0.03600717066908667,0.006586621085668454,0.01751554519205328,-0.001388232695216179,4.0,3.000000043429446,1.6,100.0,0.04,17.09
-0.03600717066908667,0.006586621085668454,0.01751554519205328,-0.001388232695216179,4.0,3.795880024292787,1.6,25.0,0.1,13.19
-0.01203824431151404,-0.002950123550930105,0.01989959864717675,0.0009744645699744081,0.6018428983557322,2.698970091194906,1.33,100.0,0.09,12.18
-0.03600717066908667,0.006586621085668454,0.01751554519205328,-0.001388232695216179,4.0,3.755874863291693,1.6,65.0,0.04,15.7
-0.03600717066908667,0.006586621085668454,0.01751554519205328,-0.001388232695216179,4.0,2.653212610285218,1.6,90.0,0.055,13.16
-0.03600717066908667,0.006586621085668454,0.01751554519205328,-0.001388232695216179,4.0,3.954242514264819,1.6,100.0,0.09,14.2
-0.03600717066908667,0.006586621085668454,0.01751554519205328,-0.001388232695216179,4.0,3.000000043429446,1.6,100.0,0.16,12.25
-0.03600717066908667,0.006586621085668454,0.01751554519205328,-0.001388232695216179,0.0,3.000000043429446,1.6,100.0,0.1,12.3
0.03005776304970446,0.02672802650017309,0.01134055436796627,0.001908825983798767,3.698970004336019,3.000000043429446,1.54,25.0,0.12,15.18
0.0153463914243956,0.01666206609717935,0.0005254438418683985,-0.004700168066198921,0.6018428983557322,3.653212523426332,1.59,100.0,0.115,13.0
-0.03333970201397635,-0.001270276974379755,0.01014189366219509,-0.01162738346053158,3.698970004336019,3.623249300738245,1.683,70.0,0.09,11.03
-0.03600717066908667,0.006586621085668454,0.01751554519205328,-0.001388232695216179,0.3678320445894042,3.380211259807209,1.6,80.0,0.1,15.35
-0.03600717066908667,0.006586621085668454,0.01751554519205328,-0.001388232695216179,3.698970004336019,3.574031279308905,1.6,125.0,0.16,11.26
-0.03600717066908667,0.006586621085668454,0.01751554519205328,-0.001388232695216179,0.0,3.000000043429446,1.6,100.0,0.09,13.8
-0.03600717066908667,0.006586621085668454,0.01751554519205328,-0.001388232695216179,3.698970004336019,3.000000043429446,1.6,100.0,0.1,12.88
-0.03600717066908667,0.006586621085668454,0.01751554519205328,-0.001388232695216179,3.698970004336019,3.53781910766152,1.6,115.0,0.1,14.02
-0.03600717066908667,0.006586621085668454,0.01751554519205328,-0.001388232695216179,0.0,3.000000043429446,1.6,100.0,0.1,17.52
-0.03600717066908667,0.006586621085668454,0.01751554519205328,-0.001388232695216179,0.0,3.301030017378705,1.58,100.0,0.12,12.5
-0.03600717066908667,0.006586621085668454,0.01751554519205328,-0.001388232695216179,0.0,3.000000043429446,1.6,100.0,0.1,11.37
-0.03600717066908667,0.006586621085668454,0.01751554519205328,-0.001388232695216179,4.0,3.352182537413339,1.6,150.0,0.09,15.73
0.01268030238026302,0.001431572666677301,-0.01075462581781291,-0.04443333932421852,3.698970004336019,3.705007967899302,1.71,70.0,0.102,16.04
-0.03600717066908667,0.006586621085668454,0.01751554519205328,-0.001388232695216179,4.0,4.033423759508195,1.6,90.0,0.16,11.82
-0.03600717066908667,0.006586621085668454,0.01751554519205328,-0.001388232695216179,3.698970004336019,2.90309004127875,1.6,80.0,0.12,13.7
-0.03600717066908667,0.006586621085668454,0.01751554519205328,-0.001388232695216179,0.9538084319600062,2.662757926093408,1.6,60.0,0.06,16.48
-0.03600717066908667,0.006586621085668454,0.01751554519205328,-0.001388232695216179,4.0,4.079181249666745,1.6,100.0,0.16,11.7
-0.0383478050194859,-0.01674133044879193,0.01081150590238326,-0.0332995469659015,0.6018428983557322,3.778151257621885,1.58,100.0,0.16,10.76
0.01312758592508253,0.02274392142657087,-0.03542890230804387,0.02710303363283155,0.0,3.477121269196145,1.55,100.0,0.09,16.4
-0.03600717066908667,0.006586621085668454,0.01751554519205328,-0.001388232695216179,0.0,3.000000043429446,1.6,100.0,0.09,13.05
-0.03600717066908667,0.006586621085668454,0.01751554519205328,-0.001388232695216179,0.0,3.322219315414608,1.6,70.0,0.09,15.8
0.03005776304970446,0.02672802650017309,0.01134055436796627,0.001908825983798767,3.942008053022313,3.477121269196145,1.526,150.0,0.09,19.59
-0.01505671750466331,0.02063439580897483,-0.04946096625329637,0.06546472497904719,0.0,2.875061321297627,1.73,25.0,0.16,11.09
-0.03600717066908667,0.006586621085668454,0.01751554519205328,-0.001388232695216179,0.0,3.000000043429446,1.56,100.0,0.16,16.77
0.03627353000352992,0.01107809030998497,-0.01117054459611136,-0.05112022133497054,3.698970004336019,3.656098211599907,1.7,70.0,0.102,12.22
-0.03600717066908667,0.006586621085668454,0.01751554519205328,-0.001388232695216179,4.0,4.079181249666745,1.6,100.0,0.0314,10.72
0.01559430366862345,0.01764665244318917,0.001606219330113659,-0.00345940503912006,0.6018428983557322,3.000000043429446,1.6,100.0,0.1,21.1
0.01495801894762426,0.01542494765749997,-0.0007357112892081006,-0.004616223218084806,0.6018428983557322,3.778151257621885,1.6,100.0,0.16,15.35
0.01602626779278794,0.01776653933526398,0.001036007093208327,-0.00660616540582157,0.6018428983557322,3.778151257621885,1.63,100.0,0.09,13.3
0.01511625508589558,0.01610619922474015,-0.0001540785287201364,-0.005537966291425511,0.6018428983557322,3.778151257621885,1.61,100.0,0.16,16.0
-0.03600717066908667,0.006586621085668454,0.01751554519205328,-0.001388232695216179,4.0,3.778151257621885,1.5,100.0,0.1,13.93
-0.03600717066908667,0.006586621085668454,0.01751554519205328,-0.001388232695216179,4.0,3.000000043429446,1.6,100.0,0.16,10.9
0.01400127348305888,0.01531251248640051,-0.0003547473416981374,-0.008869289345792038,0.0,3.000000043429446,1.5,100.0,0.0314,13.74
-0.03600717066908667,0.006586621085668454,0.01751554519205328,-0.001388232695216179,3.698970004336019,2.454845012392512,1.6,95.0,0.0757,19.1
-0.03600717066908667,0.006586621085668454,0.01751554519205328,-0.001388232695216179,4.0,3.000000043429446,1.6,100.0,0.1,14.01
-0.03600717066908667,0.006586621085668454,0.01751554519205328,-0.001388232695216179,3.698970004336019,4.103803724375599,1.6,70.0,0.045,15.5
-0.03600717066908667,0.006586621085668454,0.01751554519205328,-0.001388232695216179,0.0,3.000000043429446,1.6,100.0,0.1,12.15
-0.03600717066908667,0.006586621085668454,0.01751554519205328,-0.001388232695216179,4.0,3.477121269196145,1.56,100.0,0.07,15.76
-0.03600717066908667,0.006586621085668454,0.01751554519205328,-0.001388232695216179,4.0,4.225309284310949,1.6,20.0,0.045,10.61
-0.03600717066908667,0.006586621085668454,0.01751554519205328,-0.001388232695216179,-8.68502116489478e-05,2.342422878228744,1.6,60.0,0.1,13.58
0.02426906489205793,0.02313763566186687,0.006017879679301838,0.001700746796246778,0.6018428983557322,3.064458026666096,1.54,80.0,0.058,19.42
-0.03600717066908667,0.006586621085668454,0.01751554519205328,-0.001388232695216179,0.6018428983557322,2.342422878228744,1.5,60.0,0.09,18.57
-0.03600717066908667,0.006586621085668454,0.01751554519205328,-0.001388232695216179,1.27787721095558,3.352182537413339,1.6,150.0,0.2,11.05
-0.03600717066908667,0.006586621085668454,0.01751554519205328,-0.001388232695216179,4.0,3.975431813104972,1.6,105.0,0.1,16.1
0.01495801894762426,0.01542494765749997,-0.0007357112892081006,-0.004616223218084806,0.6018428983557322,3.778151257621885,1.6,100.0,0.16,15.4
-0.03600717066908667,0.006586621085668454,0.01751554519205328,-0.001388232695216179,0.0,3.07918128223883,1.6,100.0,0.11,14.3
0.01665666451719165,0.01664958773603534,-0.001351351288347561,-0.00992135928893844,0.6018428983557322,3.778151257621885,1.61,100.0,0.19,11.22
-0.03600717066908667,0.006586621085668454,0.01751554519205328,-0.001388232695216179,0.0,2.778151322766051,1.6,120.0,0.16,18.4
0.01522925121552272,0.01603507397536508,-3.958377809364476e-05,-0.002665067335227732,0.6018428983557322,3.000000043429446,1.61,100.0,0.1,20.05
0.02305187767568748,-0.008118773729914522,0.0225188881913881,0.00220109925318612,0.4769475716611976,3.000000043429446,1.22,100.0,0.073,21.1
-0.03600717066908667,0.006586621085668454,0.01751554519205328,-0.001388232695216179,4.0,3.113943385714103,1.57,130.0,0.09,17.9
-0.03600717066908667,0.006586621085668454,0.01751554519205328,-0.001388232695216179,0.753023766873799,3.707570184613514,1.6,100.0,0.085,10.7
-0.03600717066908667,0.006586621085668454,0.01751554519205328,-0.001388232695216179,0.6018428983557322,3.025305906235946,1.6,60.0,0.09,16.11
-0.03600717066908667,0.006586621085668454,0.01751554519205328,-0.001388232695216179,0.3008997268587542,3.000000043429446,1.6,100.0,0.1,15.84
-0.03600717066908667,0.006586621085668454,0.01751554519205328,-0.001388232695216179,3.698970004336019,4.103803724375599,1.59,70.0,0.1,13.64
-0.003006876101278598,0.01648835430625897,0.01372202363165282,0.000621753253145231,3.698970004336019,2.982271278278575,1.6,120.0,0.1,12.47
-0.03600717066908667,0.006586621085668454,0.01751554519205328,-0.001388232695216179,4.0,4.079181249666745,1.6,100.0,0.0314,11.07
-0.03600717066908667,0.006586621085668454,0.01751554519205328,-0.001388232695216179,4.0,3.13987911787185,1.6,60.0,0.1,11.01
-0.01904834796439462,-0.002455980283183227,0.01207508567289412,0.007686549369755298,0.9538084319600062,3.000000043429446,1.65,100.0,0.08,11.4
-0.03600717066908667,0.006586621085668454,0.01751554519205328,-0.001388232695216179,0.6018428983557322,2.857332556749942,1.61,90.0,0.04,18.3
-0.03600717066908667,0.006586621085668454,0.01751554519205328,-0.001388232695216179,3.698970004336019,4.103803724375599,1.5,70.0,0.045,11.75
-0.03600717066908667,0.006586621085668454,0.01751554519205328,-0.001388232695216179,3.698970004336019,3.544068056758689,1.51,70.0,0.12,10.08
-0.03600717066908667,0.006586621085668454,0.01751554519205328,-0.001388232695216179,4.0,3.000000043429446,1.6,100.0,0.09,11.24
-0.03600717066908667,0.006586621085668454,0.01751554519205328,-0.001388232695216179,0.9538084319600062,3.049218061446473,1.6,60.0,0.09,18.85
-0.03600717066908667,0.006586621085668454,0.01751554519205328,-0.001388232695216179,0.0,3.000000043429446,1.6,100.0,0.16,12.1
-0.03600717066908667,0.006586621085668454,0.01751554519205328,-0.001388232695216179,4.0,3.000000043429446,1.5,100.0,0.045,11.85
-0.03600717066908667,0.006586621085668454,0.01751554519205328,-0.001388232695216179,3.698970004336019,3.049218061446473,1.6,40.0,0.1,14.53
-0.03600717066908667,0.006586621085668454,0.01751554519205328,-0.001388232695216179,0.0,3.113943385714103,1.55,130.0,0.15,15.6
-0.03600717066908667,0.006586621085668454,0.01751554519205328,-0.001388232695216179,4.0,3.027349648553579,1.6,65.0,0.09,15.26
-0.03600717066908667,0.006586621085668454,0.01751554519205328,-0.001388232695216179,0.0,4.079181249666745,1.6,50.0,0.8,15.6
-0.03600717066908667,0.006586621085668454,0.01751554519205328,-0.001388232695216179,0.0,3.000000043429446,1.59,100.0,0.09,15.3
-0.03600717066908667,0.006586621085668454,0.01751554519205328,-0.001388232695216179,3.698970004336019,3.498310567576727,1.6,75.0,0.1031,18.11
-0.03600717066908667,0.006586621085668454,0.01751554519205328,-0.001388232695216179,4.0,3.982271237563469,1.6,80.0,0.09,11.0
-0.03600717066908667,0.006586621085668454,0.01751554519205328,-0.001388232695216179,0.6018428983557322,2.755874931864499,1.6,95.0,0.09,18.89
-0.03600717066908667,0.006586621085668454,0.01751554519205328,-0.001388232695216179,0.6018428983557322,3.176091288008646,1.6,100.0,0.09,14.0
-0.03600717066908667,0.006586621085668454,0.01751554519205328,-0.001388232695216179,0.9538084319600062,2.752048524685712,1.6,65.0,0.09,15.7
-0.03600717066908667,0.006586621085668454,0.01751554519205328,-0.001388232695216179,0.0,3.000000043429446,1.6,100.0,0.096,19.6
-0.03600717066908667,0.006586621085668454,0.01751554519205328,-0.001388232695216179,0.9538084319600062,3.000000043429446,1.6,100.0,0.1,14.4
-0.03600717066908667,0.006586621085668454,0.01751554519205328,-0.001388232695216179,0.6018428983557322,3.000000043429446,1.6,100.0,0.16,14.85
-0.03600717066908667,0.006586621085668454,0.01751554519205328,-0.001388232695216179,3.698970004336019,3.477121269196145,1.6,100.0,0.1,14.5
-0.03600717066908667,0.006586621085668454,0.01751554519205328,-0.001388232695216179,0.0,3.301030017378705,1.59,100.0,0.09,19.47
0.01979890759719196,0.008351115281981894,-0.009833734108104642,-0.01276434824060742,0.6018428983557322,3.778151257621885,1.72,100.0,0.1,14.7
0.01495801894762426,0.01542494765749997,-0.0007357112892081006,-0.004616223218084806,0.6018428983557322,3.778151257621885,1.6,100.0,0.16,16.02
-0.03600562255436168,0.006585262151843551,0.01751782781764756,-0.001410260912717985,3.977723605288848,3.380211259807209,1.55,120.0,0.09,11.9
-0.03600717066908667,0.006586621085668454,0.01751554519205328,-0.001388232695216179,4.0,3.000000043429446,1.6,100.0,0.0813,11.7
-0.03600717066908667,0.006586621085668454,0.01751554519205328,-0.001388232695216179,4.0,3.397940026043817,1.6,100.0,0.08,10.2
-0.03600717066908667,0.006586621085668454,0.01751554519205328,-0.001388232695216179,3.698970004336019,3.867762030538939,1.6,110.0,0.0725,18.3
-0.03600717066908667,0.006586621085668454,0.01751554519205328,-0.001388232695216179,0.9538084319600062,3.000000043429446,1.6,100.0,0.1,20.34
-0.03600717066908667,0.006586621085668454,0.01751554519205328,-0.001388232695216179,4.0,3.93196611980764,1.6,95.0,0.1,14.9
-0.03600717066908667,0.006586621085668454,0.01751554519205328,-0.001388232695216179,1.277885879421602,3.000000043429446,1.6,100.0,0.12,16.35
0.01495801894762426,0.01542494765749997,-0.0007357112892081006,-0.004616223218084806,0.6018428983557322,3.778151257621885,1.6,100.0,0.16,15.81
-0.03600717066908667,0.006586621085668454,0.01751554519205328,-0.001388232695216179,0.0,3.000000043429446,1.593,100.0,0.075,13.5
-0.03600717066908667,0.006586621085668454,0.01751554519205328,-0.001388232695216179,3.698970004336019,3.778151257621885,1.6,100.0,0.0644,18.7
-0.03600717066908667,0.006586621085668454,0.01751554519205328,-0.001388232695216179,4.0,3.892094608258359,1.52,130.0,0.17,16.53
-0.03600717066908667,0.006586621085668454,0.01751554519205328,-0.001388232695216179,3.698970004336019,2.477121399484465,1.6,100.0,0.0757,16.58
-0.03600717066908667,0.006586621085668454,0.01751554519205328,-0.001388232695216179,4.0,3.000000043429446,1.6,100.0,0.13,16.45
-0.03600717066908667,0.006586621085668454,0.01751554519205328,-0.001388232695216179,0.0,2.977723651004054,1.6,95.0,0.122,10.1
0.01404402619908414,0.004741308643058481,-0.00291522326868083,-0.04337302328134106,3.698970004336019,3.656098211599907,1.63,70.0,0.102,17.79
-0.03600717066908667,0.006586621085668454,0.01751554519205328,-0.001388232695216179,0.0,3.698970013021909,1.6,100.0,0.1,10.4
0.02477534379536052,0.0251130772134741,0.01152687453299924,0.001822822911016522,0.9537650480648696,3.365488003610489,1.55,70.0,0.07,23.32
-0.03600717066908667,0.006586621085668454,0.01751554519205328,-0.001388232695216179,0.0,3.176091288008646,1.6,100.0,0.125,16.5
-0.03600717066908667,0.006586621085668454,0.01751554519205328,-0.001388232695216179,0.0,3.176091288008646,1.6,50.0,0.1,15.79
0.01495801894762426,0.01542494765749997,-0.0007357112892081006,-0.004616223218084806,0.6018428983557322,3.778151257621885,1.6,100.0,0.16,10.01
-0.03600717066908667,0.006586621085668454,0.01751554519205328,-0.001388232695216179,4.0,3.113943385714103,1.6,130.0,3.76,12.0
-0.02506753238708409,0.002412263955540052,0.0120301029400502,0.00678134071027273,4.0,3.176091288008646,1.64,100.0,0.06,10.3
-0.03600717066908667,0.006586621085668454,0.01751554519205328,-0.001388232695216179,0.7778473505988311,3.000000043429446,1.6,100.0,0.12,11.06
-0.03600717066908667,0.006586621085668454,0.01751554519205328,-0.001388232695216179,0.0,3.176091288008646,1.6,100.0,0.125,10.8
-0.03600717066908667,0.006586621085668454,0.01751554519205328,-0.001388232695216179,0.9538084319600062,3.000000043429446,1.6,100.0,0.09,18.14
-0.03600717066908667,0.006586621085668454,0.01751554519205328,-0.001388232695216179,0.6018428983557322,2.342422878228744,1.6,60.0,0.09,15.56
-0.03600717066908667,0.006586621085668454,0.01751554519205328,-0.001388232695216179,4.0,3.000000043429446,1.6,100.0,0.1,16.21
0.01595086659036125,0.01715179071264882,0.0007689970839751136,-0.004302643624446361,0.6018428983557322,3.342422700562864,1.59,110.0,1.0,20.1
0.01559430366862345,0.01764665244318917,0.001606219330113659,-0.00345940503912006,0.6018428983557322,3.000000043429446,1.6,100.0,0.1,18.5
-0.03600717066908667,0.006586621085668454,0.01751554519205328,-0.001388232695216179,3.698970004336019,3.000000043429446,1.6,100.0,0.07,11.71
0.01495801894762426,0.01542494765749997,-0.0007357112892081006,-0.004616223218084806,0.6018428983557322,3.778151257621885,1.6,100.0,0.16,14.5
0.01595192438895033,0.01749711436200546,0.0006812464098972891,-0.007034436800952369,0.6018428983557322,3.477121269196145,1.55,100.0,1.01,20.25
-0.03600717066908667,0.006586621085668454,0.01751554519205328,-0.001388232695216179,0.0,3.000000043429446,1.55,100.0,0.14,12.8
0.01671138174723541,0.01797933492090864,0.001633282111947744,-0.003303161303879688,0.6018428983557322,3.903089992420624,1.61,100.0,0.16,19.12
-0.02506753238708409,0.002412263955540052,0.0120301029400502,0.00678134071027273,4.0,3.176091288008646,1.64,100.0,0.12,10.4
-0.03600717066908667,0.006586621085668454,0.01751554519205328,-0.001388232695216179,0.9124512459397834,3.954242514264819,1.6,100.0,0.1,19.3
-0.03600717066908667,0.006586621085668454,0.01751554519205328,-0.001388232695216179,0.6018428983557322,3.477121269196145,1.6,100.0,0.09,15.1
-0.03600717066908667,0.006586621085668454,0.01751554519205328,-0.001388232695216179,0.0,3.778151257621885,1.6,100.0,0.16,14.49
-0.03600717066908667,0.006586621085668454,0.01751554519205328,-0.001388232695216179,4.0,2.9845273583484,1.6,65.0,0.125,16.83
-0.03600717066908667,0.006586621085668454,0.01751554519205328,-0.001388232695216179,3.698970004336019,3.681241246423389,1.55,80.0,0.159,15.41
-0.03600717066908667,0.006586621085668454,0.01751554519205328,-0.001388232695216179,4.0,3.292256093514357,1.5,80.0,0.16,19.51
0.01495801894762426,0.01542494765749997,-0.0007357112892081006,-0.004616223218084806,0.6018428983557322,3.778151257621885,1.6,100.0,0.16,15.59
-0.03600717066908667,0.006586621085668454,0.01751554519205328,-0.001388232695216179,0.0,3.176091288008646,1.6,100.0,0.06,12.84
-0.03600717066908667,0.006586621085668454,0.01751554519205328,-0.001388232695216179,4.0,3.327358954823717,1.6,85.0,0.01,13.2
-0.03600717066908667,0.006586621085668454,0.01751554519205328,-0.001388232695216179,0.0,3.000000043429446,1.56,100.0,0.1,14.15
-0.03600717066908667,0.006586621085668454,0.01751554519205328,-0.001388232695216179,4.0,2.812913423457386,1.6,130.0,0.09,16.8
0.01519285890564475,0.01613689213021394,-0.0001681504279699043,-0.005518472658312402,0.6018428983557322,3.778151257621885,1.7,100.0,0.088,17.2
-0.03600717066908667,0.006586621085668454,0.01751554519205328,-0.001388232695216179,4.0,3.623249300738245,1.6,105.0,0.0625,14.02
0.00924468594300522,-0.003042749062691462,-0.01028585697258479,-0.01864098575624602,0.6018211950258807,3.778151257621885,1.63,100.0,0.125,17.48
-0.03600717066908667,0.006586621085668454,0.01751554519205328,-0.001388232695216179,0.9538084319600062,3.07736794162679,1.6,65.0,0.06,16.4
-0.03600717066908667,0.006586621085668454,0.01751554519205328,-0.001388232695216179,4.0,4.033423759508195,1.6,100.0,0.0625,12.0
0.03005776304970446,0.02672802650017309,0.01134055436796627,0.001908825983798767,3.942008053022313,3.477121269196145,1.526,150.0,0.09,19.95
-0.03600717066908667,0.006586621085668454,0.01751554519205328,-0.001388232695216179,4.0,2.602060099901569,1.6,80.0,0.09,13.9
-0.03600717066908667,0.006586621085668454,0.01751554519205328,-0.001388232695216179,0.3678320445894042,3.477121269196145,1.6,100.0,0.07,11.13
0.01495801894762426,0.01542494765749997,-0.0007357112892081006,-0.004616223218084806,0.6018428983557322,3.778151257621885,1.6,100.0,0.16,15.03
-0.03600717066908667,0.006586621085668454,0.01751554519205328,-0.001388232695216179,3.698970004336019,3.477121269196145,1.6,150.0,0.123,15.04
-0.03600717066908667,0.006586621085668454,0.01751554519205328,-0.001388232695216179,4.0,3.000000043429446,1.6,100.0,0.1,13.4
-0.03600717066908667,0.006586621085668454,0.01751554519205328,-0.001388232695216179,3.698970004336019,2.875061321297627,1.55,25.0,0.0006,10.53
-0.02443316539667051,0.002715823070317745,0.009411719523545234,-0.00975170623347884,3.903089986991944,3.000000043429446,1.53,100.0,0.096,13.2
-0.03600717066908667,0.006586621085668454,0.01751554519205328,-0.001388232695216179,0.3008997268587542,3.000000043429446,1.6,100.0,0.1,11.98
-0.03600717066908667,0.006586621085668454,0.01751554519205328,-0.001388232695216179,4.0,3.060697878118348,1.6,115.0,0.105,18.2
-0.03600717066908667,0.006586621085668454,0.01751554519205328,-0.001388232695216179,0.0,3.000000043429446,1.6,100.0,0.06,11.18
-0.03600717066908667,0.006586621085668454,0.01751554519205328,-0.001388232695216179,4.0,3.301030017378705,1.6,100.0,0.16,12.52
-0.03600717066908667,0.006586621085668454,0.01751554519205328,-0.001388232695216179,0.3678320445894042,3.000000043429446,1.6,100.0,0.1,20.52
-0.03600717066908667,0.006586621085668454,0.01751554519205328,-0.001388232695216179,0.9538084319600062,3.477121269196145,1.6,100.0,0.08,11.11
0.02426906489205793,0.02313763566186687,0.006017879679301838,0.001700746796246778,0.6018428983557322,2.204120254089891,1.54,80.0,0.058,20.08
-0.03600717066908667,0.006586621085668454,0.01751554519205328,-0.001388232695216179,0.3678320445894042,3.000000043429446,1.6,100.0,0.1,17.77
-0.03600717066908667,0.006586621085668454,0.01751554519205328,-0.001388232695216179,0.0,2.929418976807758,1.6,85.0,0.12,14.5
-0.03600717066908667,0.006586621085668454,0.01751554519205328,-0.001388232695216179,0.6018428983557322,3.000000043429446,1.6,100.0,0.16,15.0
0.01889842806343216,0.01789688272352865,-0.004163048102718754,0.007448894851821705,0.6018428983557322,3.301030017378705,1.57,100.0,0.09,15.93
-0.03600562255436168,0.006585262151843551,0.01751782781764756,-0.001410260912717985,3.698970004336019,3.049218061446473,1.55,3.0,0.1,13.67
-0.03600717066908667,0.006586621085668454,0.01751554519205328,-0.001388232695216179,0.6018428983557322,3.000000043429446,1.5,100.0,0.16,18.9
-0.03600717066908667,0.006586621085668454,0.01751554519205328,-0.001388232695216179,0.9538084319600062,3.477121269196145,1.6,100.0,0.08,13.35
0.02426906489205793,0.02313763566186687,0.006017879679301838,0.001700746796246778,0.6018428983557322,2.204120254089891,1.54,80.0,0.058,20.17
-0.03600717066908667,0.006586621085668454,0.01751554519205328,-0.001388232695216179,4.0,3.544068056758689,1.6,100.0,0.08,11.2
-0.03600717066908667,0.006586621085668454,0.01751554519205328,-0.001388232695216179,3.698970004336019,3.322219315414608,1.55,70.0,0.09,12.6
0.01471457533504886,0.01566632529492641,-0.0001328303231181586,-0.002787393647270941,0.6018428983557322,3.778151257621885,1.63,100.0,0.09,14.6
-0.03600717066908667,0.006586621085668454,0.01751554519205328,-0.001388232695216179,4.0,2.698970091194906,1.6,100.0,0.18,16.64
-0.03600717066908667,0.006586621085668454,0.01751554519205328,-0.001388232695216179,0.0,3.07918128223883,1.6,100.0,0.11,11.7
0.02426906489205793,0.02313763566186687,0.006017879679301838,0.001700746796246778,0.6018428983557322,3.064458026666096,1.54,80.0,0.058,16.27
-0.03600717066908667,0.006586621085668454,0.01751554519205328,-0.001388232695216179,4.0,3.653212523426332,1.6,45.0,0.105,11.31
-0.03125626316591173,-0.001970007162739431,0.01979343796383185,-0.0003014878135422939,4.0,3.806179980769739,1.32,80.0,0.09,12.81
-0.03600717066908667,0.006586621085668454,0.01751554519205328,-0.001388232695216179,4.0,2.301030212811168,1.55,100.0,0.16,15.4
-0.03600717066908667,0.006586621085668454,0.01751554519205328,-0.001388232695216179,0.0,2.954242557694265,1.59,90.0,0.09,14.9
-0.0383478050194859,-0.01674133044879193,0.01081150590238326,-0.0332995469659015,0.6018428983557322,3.778151257621885,1.58,100.0,0.16,14.36
0.03217174593265641,-0.004129666502719383,0.009198047107861734,0.01576074555894181,0.268721245877823,3.146128066699271,1.24,70.0,0.2,14.8
-0.03600717066908667,0.006586621085668454,0.01751554519205328,-0.001388232695216179,0.3678320445894042,3.07918128223883,1.6,120.0,0.1,18.68
-0.03600717066908667,0.006586621085668454,0.01751554519205328,-0.001388232695216179,0.9538084319600062,2.477121399484465,1.6,100.0,0.1,16.4
-0.03600717066908667,0.006586621085668454,0.01751554519205328,-0.001388232695216179,0.0,3.301030017378705,1.6,100.0,0.04,16.4
-0.03600717066908667,0.006586621085668454,0.01751554519205328,-0.001388232695216179,0.3678320445894042,3.198657114441414,1.6,60.0,0.1,10.7
-0.03600717066908667,0.006586621085668454,0.01751554519205328,-0.001388232695216179,0.0,3.000000043429446,1.6,100.0,0.0875,12.52
-0.03600717066908667,0.006586621085668454,0.01751554519205328,-0.001388232695216179,0.9538084319600062,2.698970091194906,1.6,100.0,0.0757,14.39
-0.03600717066908667,0.006586621085668454,0.01751554519205328,-0.001388232695216179,0.6018428983557322,2.477121399484465,1.6,100.0,0.1,15.01
-0.03600717066908667,0.006586621085668454,0.01751554519205328,-0.001388232695216179,0.0,3.176091288008646,1.6,100.0,0.12,15.9
-0.03600717066908667,0.006586621085668454,0.01751554519205328,-0.001388232695216179,0.9538084319600062,2.217484207422603,1.5,65.0,0.11,12.7
-0.03600717066908667,0.006586621085668454,0.01751554519205328,-0.001388232695216179,4.0,3.301030017378705,1.6,100.0,0.1,12.31
-0.03600717066908667,0.006586621085668454,0.01751554519205328,-0.001388232695216179,4.0,4.079181249666745,1.6,100.0,0.06,12.73
-0.03600717066908667,0.006586621085668454,0.01751554519205328,-0.001388232695216179,0.0,2.698970091194906,1.6,100.0,0.0177,13.0
-0.03600717066908667,0.006586621085668454,0.01751554519205328,-0.001388232695216179,0.0,3.000000043429446,1.57,100.0,0.09,17.52
-0.03600717066908667,0.006586621085668454,0.01751554519205328,-0.001388232695216179,3.698970004336019,3.477121269196145,1.59,150.0,0.075,19.03
-0.03600717066908667,0.006586621085668454,0.01751554519205328,-0.001388232695216179,4.0,4.079181249666745,1.6,100.0,0.055,11.6
0.01495801894762426,0.01542494765749997,-0.0007357112892081006,-0.004616223218084806,0.6018428983557322,3.778151257621885,1.6,100.0,0.16,11.54
0.02426906489205793,0.02313763566186687,0.006017879679301838,0.001700746796246778,0.6018428983557322,3.064458026666096,1.54,80.0,0.058,11.31
-0.03600717066908667,0.006586621085668454,0.01751554519205328,-0.001388232695216179,0.9538084319600062,3.000000043429446,1.3,100.0,0.05,13.0
-0.01981353144789139,-0.001523731190688502,0.01221279806990617,0.007504051997490713,0.9538084319600062,3.000000043429446,1.65,100.0,0.08,15.4
-0.03600717066908667,0.006586621085668454,0.01751554519205328,-0.001388232695216179,3.698970004336019,3.146128066699271,1.6,70.0,0.04,12.0
-0.03600717066908667,0.006586621085668454,0.01751554519205328,-0.001388232695216179,4.0,3.852784874775909,1.6,95.0,0.09,11.96
-0.03600717066908667,0.006586621085668454,0.01751554519205328,-0.001388232695216179,0.0,3.301030017378705,1.6,100.0,0.07,14.05
-0.03600717066908667,0.006586621085668454,0.01751554519205328,-0.001388232695216179,2.920818753952375,3.301030017378705,1.6,100.0,0.08,11.09
-0.03600717066908667,0.006586621085668454,0.01751554519205328,-0.001388232695216179,0.0,3.021189340431315,1.6,105.0,0.09,12.0
0.01721810518888469,0.0186848135286511,0.001603863546475575,-0.005737676287139042,0.6018428983557322,3.778151257621885,1.55,100.0,0.002,15.9
-0.03600717066908667,0.006586621085668454,0.01751554519205328,-0.001388232695216179,4.0,2.301030212811168,1.6,100.0,0.096,17.2
-0.03600717066908667,0.006586621085668454,0.01751554519205328,-0.001388232695216179,0.6018428983557322,3.000000043429446,1.6,100.0,0.1,18.18
-0.03600717066908667,0.006586621085668454,0.01751554519205328,-0.001388232695216179,4.0,3.000000043429446,1.6,100.0,0.0813,12.9
-0.03600717066908667,0.006586621085668454,0.01751554519205328,-0.001388232695216179,0.0,3.000000043429446,1.6,100.0,0.1,15.08
-0.03600717066908667,0.006586621085668454,0.01751554519205328,-0.001388232695216179,3.698970004336019,3.623249300738245,1.6,70.0,0.1,11.36
0.02492249300603196,-0.007121368458538763,0.008406055149984047,-0.004235627254149995,0.6018428983557322,3.477121269196145,1.38,100.0,0.04,13.25
-0.03600717066908667,0.006586621085668454,0.01751554519205328,-0.001388232695216179,3.698970004336019,3.105510218832285,1.5,100.0,0.08,15.14
-0.03600717066908667,0.006586621085668454,0.01751554519205328,-0.001388232695216179,0.9538084319600062,3.000000043429446,1.5,100.0,0.04,15.91
0.007300353439409963,0.01271257663910736,0.0029680215466511,0.01152831285805827,0.4769475716611976,3.301030017378705,1.73,100.0,0.04,17.48
-0.03600717066908667,0.006586621085668454,0.01751554519205328,-0.001388232695216179,3.698970004336019,2.477121399484465,1.6,100.0,0.0757,14.6
-0.03600717066908667,0.006586621085668454,0.01751554519205328,-0.001388232695216179,4.0,3.000000043429446,1.6,100.0,0.1,16.98
-0.03600717066908667,0.006586621085668454,0.01751554519205328,-0.001388232695216179,0.0,2.531479044775907,1.6,60.0,0.05,16.68
0.01595192438895033,0.01749711436200546,0.0006812464098972891,-0.007034436800952369,0.6018428983557322,3.819543942122088,1.61,110.0,0.09,18.5
0.01519285890564475,0.01613689213021394,-0.0001681504279699043,-0.005518472658312402,0.6018428983557322,3.778151257621885,1.613,100.0,0.09,16.83
-0.03600717066908667,0.006586621085668454,0.01751554519205328,-0.001388232695216179,4.0,3.90848502424031,1.6,90.0,0.025,12.5
-0.03600717066908667,0.006586621085668454,0.01751554519205328,-0.001388232695216179,3.698970004336019,3.322219315414608,1.6,70.0,0.07,13.2
-0.03600717066908667,0.006586621085668454,0.01751554519205328,-0.001388232695216179,4.0,2.653212610285218,1.6,90.0,0.055,16.0
-0.03600717066908667,0.006586621085668454,0.01751554519205328,-0.001388232695216179,0.0,3.477121269196145,1.6,100.0,0.15,12.72
-0.03600717066908667,0.006586621085668454,0.01751554519205328,-0.001388232695216179,0.0,3.000000043429446,1.55,100.0,0.12,10.39
-0.03600717066908667,0.006586621085668454,0.01751554519205328,-0.001388232695216179,0.0,3.000000043429446,1.6,100.0,0.1,12.39
-0.03600717066908667,0.006586621085668454,0.01751554519205328,-0.001388232695216179,4.0,3.982271237563469,1.6,80.0,0.09,15.4
-0.03600717066908667,0.006586621085668454,0.01751554519205328,-0.001388232695216179,0.9537650480648696,3.477121269196145,1.56,100.0,0.1,12.96
-0.03600717066908667,0.006586621085668454,0.01751554519205328,-0.001388232695216179,4.0,2.301030212811168,1.6,100.0,0.096,15.6
-0.03600717066908667,0.006586621085668454,0.01751554519205328,-0.001388232695216179,0.3678320445894042,3.04139272463954,1.6,110.0,0.1,14.0
-0.03600717066908667,0.006586621085668454,0.01751554519205328,-0.001388232695216179,4.0,3.000000043429446,1.6,100.0,0.09,10.19
-0.03600717066908667,0.006586621085668454,0.01751554519205328,-0.001388232695216179,0.0,3.000000043429446,1.6,100.0,0.1119999999999999,13.49
-0.03600717066908667,0.006586621085668454,0.01751554519205328,-0.001388232695216179,0.3678320445894042,3.000000043429446,1.6,100.0,0.0314,14.78
-0.03600717066908667,0.006586621085668454,0.01751554519205328,-0.001388232695216179,3.698970004336019,3.176091288008646,1.6,150.0,0.078,18.03
-0.03600717066908667,0.006586621085668454,0.01751554519205328,-0.001388232695216179,0.0,3.000000043429446,1.6,100.0,0.09,15.87
-0.03600717066908667,0.006586621085668454,0.01751554519205328,-0.001388232695216179,3.698970004336019,3.498310567576727,1.6,90.0,0.102,12.28
-0.03600717066908667,0.006586621085668454,0.01751554519205328,-0.001388232695216179,0.0,3.000000043429446,1.6,100.0,0.09,13.97
-0.03600717066908667,0.006586621085668454,0.01751554519205328,-0.001388232695216179,4.0,2.698970091194906,1.6,100.0,0.09,14.7
0.01495801894762426,0.01542494765749997,-0.0007357112892081006,-0.004616223218084806,0.6018428983557322,3.778151257621885,1.6,100.0,0.16,15.3
-0.03600717066908667,0.006586621085668454,0.01751554519205328,-0.001388232695216179,3.698970004336019,3.607455033937989,1.6,90.0,0.08,13.53
-0.03600717066908667,0.006586621085668454,0.01751554519205328,-0.001388232695216179,0.0,3.000000043429446,1.6,100.0,0.0314,12.93
-0.03600717066908667,0.006586621085668454,0.01751554519205328,-0.001388232695216179,0.9538084319600062,2.423246037821487,1.5,65.0,0.12,14.63
0.02426906489205793,0.02313763566186687,0.006017879679301838,0.001700746796246778,0.6018428983557322,2.204120254089891,1.54,80.0,0.058,16.39
-0.03600562255436168,0.006585262151843551,0.01751782781764756,-0.001410260912717985,0.0,3.000000043429446,1.6,100.0,0.1,15.37
-0.03389108107886409,0.007674980830096041,0.01178646772586522,0.004321921077766509,0.0,2.954242557694265,1.59,90.0,0.09,18.1
-0.03600717066908667,0.006586621085668454,0.01751554519205328,-0.001388232695216179,0.9538084319600062,2.698970091194906,1.6,100.0,0.01,12.03
-0.03600717066908667,0.006586621085668454,0.01751554519205328,-0.001388232695216179,3.698970004336019,4.778151251107468,1.6,100.0,0.1,15.3
-0.03600717066908667,0.006586621085668454,0.01751554519205328,-0.001388232695216179,4.0,2.698970091194906,1.6,100.0,0.18,12.91
-0.03600717066908667,0.006586621085668454,0.01751554519205328,-0.001388232695216179,0.0,3.477121269196145,1.6,100.0,0.16,13.3
-0.03600717066908667,0.006586621085668454,0.01751554519205328,-0.001388232695216179,3.698970004336019,3.153814894821334,1.6,95.0,0.055,12.0
-0.009523016197279036,0.01305912838754589,0.01273952487941118,-0.001621260169321354,0.9538084319600062,3.414973364674452,1.51,130.0,0.0676,16.9
0.01495801894762426,0.01542494765749997,-0.0007357112892081006,-0.004616223218084806,0.6018428983557322,3.778151257621885,1.6,100.0,0.16,17.3
-0.03600717066908667,0.006586621085668454,0.01751554519205328,-0.001388232695216179,3.698970004336019,3.447158046852736,1.6,70.0,0.1,16.1
-0.03600717066908667,0.006586621085668454,0.01751554519205328,-0.001388232695216179,3.698970004336019,3.487138389623587,1.5,70.0,0.1,12.18
-0.03600717066908667,0.006586621085668454,0.01751554519205328,-0.001388232695216179,4.0,3.623249300738245,1.5,105.0,0.09,13.14
-0.03600717066908667,0.006586621085668454,0.01751554519205328,-0.001388232695216179,0.6018428983557322,3.623249300738245,1.6,105.0,0.09,18.35
-0.03600717066908667,0.006586621085668454,0.01751554519205328,-0.001388232695216179,4.0,3.607455033937989,1.6,90.0,0.08,12.0
-0.03600717066908667,0.006586621085668454,0.01751554519205328,-0.001388232695216179,3.698970004336019,3.819543942122088,1.6,70.0,0.1,13.0
0.02426906489205793,0.02313763566186687,0.006017879679301838,0.001700746796246778,0.6018428983557322,2.204120254089891,1.54,80.0,0.058,20.33
-0.03600717066908667,0.006586621085668454,0.01751554519205328,-0.001388232695216179,-8.68502116489478e-05,2.301030212811168,1.47,100.0,0.0139999999999999,17.34
-0.03600717066908667,0.006586621085668454,0.01751554519205328,-0.001388232695216179,3.698970004336019,3.623249300738245,1.6,70.0,0.25,12.75
-0.03600717066908667,0.006586621085668454,0.01751554519205328,-0.001388232695216179,0.6018428983557322,3.000000043429446,1.6,100.0,0.1,14.5
-0.03600717066908667,0.006586621085668454,0.01751554519205328,-0.001388232695216179,4.0,3.000000043429446,1.55,100.0,0.08,21.5
-0.01821871967963404,-0.003415339715566656,0.01188834575343447,0.007905245819103334,0.3678320445894042,3.000000043429446,1.64,100.0,0.05,10.96
-0.03600717066908667,0.006586621085668454,0.01751554519205328,-0.001388232695216179,0.9538084319600062,2.9845273583484,1.6,65.0,0.04,14.7
-0.03600717066908667,0.006586621085668454,0.01751554519205328,-0.001388232695216179,0.9538084319600062,3.049218061446473,1.6,60.0,0.08,17.28
-0.03600717066908667,0.006586621085668454,0.01751554519205328,-0.001388232695216179,4.0,3.301030017378705,1.55,100.0,0.16,16.5
-0.03600717066908667,0.006586621085668454,0.01751554519205328,-0.001388232695216179,0.8804402595364347,3.113943385714103,1.6,130.0,1.0,11.7
0.02790962296212144,0.02625093142065337,0.008624740481725207,0.004809183415632299,0.6018428983557322,3.477121269196145,1.61,100.0,0.1017,18.04
-0.03600717066908667,0.006586621085668454,0.01751554519205328,-0.001388232695216179,4.0,3.301030017378705,1.55,100.0,0.16,15.96
-0.03600717066908667,0.006586621085668454,0.01751554519205328,-0.001388232695216179,0.7778473505988311,3.778151257621885,1.6,100.0,0.144,18.3
-0.03600717066908667,0.006586621085668454,0.01751554519205328,-0.001388232695216179,4.0,3.653212523426332,1.6,45.0,0.105,12.64
-0.03600717066908667,0.006586621085668454,0.01751554519205328,-0.001388232695216179,0.6018428983557322,3.021189340431315,1.6,105.0,0.09,15.35
0.01645883749703963,0.01736343104815911,0.0006842880231336526,-0.004232850881524671,0.6018428983557322,3.477121269196145,1.65,100.0,0.049,20.7
-0.03600717066908667,0.006586621085668454,0.01751554519205328,-0.001388232695216179,0.0,3.176091288008646,1.6,100.0,0.12,10.9
0.01693847050592141,0.02335341096191781,0.003328624901269933,0.01060548864778213,0.0,2.74036276845687,1.554,110.0,0.04,19.97
-0.03600717066908667,0.006586621085668454,0.01751554519205328,-0.001388232695216179,0.6018428983557322,2.74818810455878,1.6,60.0,0.06,20.0
-0.03272067193126536,0.007456604513200587,0.01704085397038922,-0.001130609114256066,0.9026992977420334,2.301030212811168,1.5,65.0,0.12,17.43
-0.03600717066908667,0.006586621085668454,0.01751554519205328,-0.001388232695216179,3.698970004336019,2.000000434294265,1.57,25.0,0.108,15.58
-0.03600717066908667,0.006586621085668454,0.01751554519205328,-0.001388232695216179,4.0,4.014940353989019,1.6,25.0,0.06,15.07
-0.03600717066908667,0.006586621085668454,0.01751554519205328,-0.001388232695216179,3.698970004336019,2.845098102056321,1.6,70.0,0.1,15.1
0.03005776304970446,0.02672802650017309,0.01134055436796627,0.001908825983798767,3.698970004336019,3.000000043429446,1.54,25.0,0.12,12.42
0.02143776455780605,0.02411493443506795,0.0116520342565692,0.001747645515200571,0.6017994927805721,3.477121269196145,1.5,150.0,0.096,18.36
-0.03600717066908667,0.006586621085668454,0.01751554519205328,-0.001388232695216179,4.0,3.000000043429446,1.6,100.0,0.13,13.8
-0.03600717066908667,0.006586621085668454,0.01751554519205328,-0.001388232695216179,0.0,3.778151257621885,1.6,100.0,0.0576,11.51
-0.03600717066908667,0.006586621085668454,0.01751554519205328,-0.001388232695216179,0.3678320445894042,2.698970091194906,1.6,100.0,0.1,14.92
-0.03600717066908667,0.006586621085668454,0.01751554519205328,-0.001388232695216179,0.6018428983557322,3.000000043429446,1.6,100.0,0.14,11.28
-0.03600717066908667,0.006586621085668454,0.01751554519205328,-0.001388232695216179,4.0,3.352182537413339,1.6,90.0,0.1,12.6
0.02247626753248053,0.01898513275623157,-0.0008990819477338892,0.0005207531829390315,0.6018428983557322,3.763428001050773,1.6,145.0,0.125,14.98
-0.03600717066908667,0.006586621085668454,0.01751554519205328,-0.001388232695216179,3.698970004336019,3.826074809182833,1.6,70.0,0.54,15.15
0.01519285890564475,0.01613689213021394,-0.0001681504279699043,-0.005518472658312402,0.6018428983557322,3.778151257621885,1.63,100.0,0.071,10.82
-0.03600717066908667,0.006586621085668454,0.01751554519205328,-0.001388232695216179,4.0,3.000000043429446,1.6,100.0,0.1,14.62
-0.03600717066908667,0.006586621085668454,0.01751554519205328,-0.001388232695216179,3.698970004336019,3.322219315414608,1.5,70.0,0.1,11.4
-0.03600717066908667,0.006586621085668454,0.01751554519205328,-0.001388232695216179,3.698970004336019,3.243038073503121,1.54,70.0,0.04,15.46
-0.03600717066908667,0.006586621085668454,0.01751554519205328,-0.001388232695216179,4.0,3.000000043429446,1.6,100.0,0.1,18.77
-0.03600717066908667,0.006586621085668454,0.01751554519205328,-0.001388232695216179,0.0,3.000000043429446,1.597,100.0,0.075,14.6
-0.03600717066908667,0.006586621085668454,0.01751554519205328,-0.001388232695216179,4.0,2.954242557694265,1.6,90.0,0.08,17.75
-0.03600717066908667,0.006586621085668454,0.01751554519205328,-0.001388232695216179,0.0,2.623249393801336,1.6,60.0,0.05,18.29
-0.03600717066908667,0.006586621085668454,0.01751554519205328,-0.001388232695216179,0.3678320445894042,3.07918128223883,1.6,120.0,0.1,20.06
-0.03600717066908667,0.006586621085668454,0.01751554519205328,-0.001388232695216179,0.9538084319600062,2.113943686379387,1.61,65.0,0.1,11.6
0.01495801894762426,0.01542494765749997,-0.0007357112892081006,-0.004616223218084806,0.6018428983557322,3.778151257621885,1.6,100.0,0.16,16.08
-0.03600717066908667,0.006586621085668454,0.01751554519205328,-0.001388232695216179,3.958607314841775,2.301030212811168,1.6,100.0,0.16,15.7
-0.03600717066908667,0.006586621085668454,0.01751554519205328,-0.001388232695216179,3.698970004336019,3.477121269196145,1.59,100.0,0.1,11.7
0.01511625508589558,0.01610619922474015,-0.0001540785287201364,-0.005537966291425511,0.6018428983557322,3.857332502463136,1.55,120.0,0.09,17.7
-0.03600717066908667,0.006586621085668454,0.01751554519205328,-0.001388232695216179,0.0,2.74818810455878,1.6,60.0,0.1,14.82
-0.03600717066908667,0.006586621085668454,0.01751554519205328,-0.001388232695216179,4.0,3.000000043429446,1.6,100.0,0.0314,13.3
-0.03600717066908667,0.006586621085668454,0.01751554519205328,-0.001388232695216179,0.9538084319600062,2.544068168434396,1.6,70.0,0.1,15.0
-0.03600717066908667,0.006586621085668454,0.01751554519205328,-0.001388232695216179,0.0,3.000000043429446,1.6,100.0,0.1119999999999999,11.59
-0.03600717066908667,0.006586621085668454,0.01751554519205328,-0.001388232695216179,4.0,2.698970091194906,1.6,100.0,0.102,17.54
-0.03600717066908667,0.006586621085668454,0.01751554519205328,-0.001388232695216179,4.0,3.982271237563469,1.6,80.0,0.09,11.6
0.0257194166839745,0.02578981178637941,0.005794413339720797,0.007792364841226481,0.9538084319600062,3.000000043429446,1.48,100.0,0.06,19.61
-0.03600717066908667,0.006586621085668454,0.01751554519205328,-0.001388232695216179,0.3008997268587542,3.000000043429446,1.6,100.0,0.104,10.2
-0.03600717066908667,0.006586621085668454,0.01751554519205328,-0.001388232695216179,0.0,3.176091288008646,1.6,50.0,0.1,17.19
-0.03600717066908667,0.006586621085668454,0.01751554519205328,-0.001388232695216179,3.698970004336019,3.322219315414608,1.5,70.0,0.1,10.79
-0.0383478050194859,-0.01674133044879193,0.01081150590238326,-0.0332995469659015,0.6018428983557322,3.778151257621885,1.58,100.0,0.16,13.75
-0.03600717066908667,0.006586621085668454,0.01751554519205328,-0.001388232695216179,2.920818753952375,3.301030017378705,1.6,100.0,0.08,14.1
-0.03600717066908667,0.006586621085668454,0.01751554519205328,-0.001388232695216179,3.778151250383644,3.021189340431315,1.6,105.0,0.1,14.42
-0.03600717066908667,0.006586621085668454,0.01751554519205328,-0.001388232695216179,0.0,3.000000043429446,1.6,100.0,0.09,16.23
-0.03600717066908667,0.006586621085668454,0.01751554519205328,-0.001388232695216179,0.0,3.000000043429446,1.6,100.0,1.02,12.3
-0.03600717066908667,0.006586621085668454,0.01751554519205328,-0.001388232695216179,3.698970004336019,3.924279291232054,1.6,70.0,0.04,11.0
-0.03600717066908667,0.006586621085668454,0.01751554519205328,-0.001388232695216179,4.0,4.225309284310949,1.6,20.0,0.045,11.43
-0.03600717066908667,0.006586621085668454,0.01751554519205328,-0.001388232695216179,0.3008997268587542,3.04139272463954,1.6,110.0,0.1,12.3
0.01721810518888469,0.0186848135286511,0.001603863546475575,-0.005737676287139042,0.6018428983557322,3.653212523426332,1.56,100.0,0.16,16.44
-0.03600717066908667,0.006586621085668454,0.01751554519205328,-0.001388232695216179,3.698970004336019,3.602060002185324,1.6,100.0,0.1,14.7
-0.03600717066908667,0.006586621085668454,0.01751554519205328,-0.001388232695216179,4.0,3.975431813104972,1.55,105.0,0.0314,12.9
-0.03600717066908667,0.006586621085668454,0.01751554519205328,-0.001388232695216179,3.698970004336019,3.609594419895846,1.6,70.0,0.1,10.3
0.02426906489205793,0.02313763566186687,0.006017879679301838,0.001700746796246778,0.6018428983557322,2.204120254089891,1.54,80.0,0.058,20.8
-0.03600717066908667,0.006586621085668454,0.01751554519205328,-0.001388232695216179,0.0,3.000000043429446,1.61,100.0,0.1,14.7
-0.03600717066908667,0.006586621085668454,0.01751554519205328,-0.001388232695216179,0.0,2.301030212811168,1.6,100.0,0.115,16.1
-0.03600717066908667,0.006586621085668454,0.01751554519205328,-0.001388232695216179,4.0,3.000000043429446,1.6,100.0,0.09,10.81
0.03005776304970446,0.02672802650017309,0.01134055436796627,0.001908825983798767,3.698970004336019,3.562292876354953,1.48,70.0,0.1,10.39
-0.03600717066908667,0.006586621085668454,0.01751554519205328,-0.001388232695216179,3.698970004336019,3.732393767865459,1.6,90.0,0.1,13.2
-0.03600717066908667,0.006586621085668454,0.01751554519205328,-0.001388232695216179,4.0,3.397940026043817,1.6,100.0,0.08,12.4
-0.03600717066908667,0.006586621085668454,0.01751554519205328,-0.001388232695216179,0.0,2.477121399484465,1.6,100.0,0.1,11.8
-0.03600717066908667,0.006586621085668454,0.01751554519205328,-0.001388232695216179,3.698970004336019,3.556302512831023,1.6,90.0,0.1,13.2
-0.03600717066908667,0.006586621085668454,0.01751554519205328,-0.001388232695216179,4.0,3.477121269196145,1.6,100.0,0.07,10.1
0.01519285890564475,0.01613689213021394,-0.0001681504279699043,-0.005518472658312402,0.6018428983557322,3.176091288008646,1.59,150.0,0.1,17.9
-0.03600717066908667,0.006586621085668454,0.01751554519205328,-0.001388232695216179,4.0,2.845098102056321,1.6,70.0,0.049,11.9
-0.03600717066908667,0.006586621085668454,0.01751554519205328,-0.001388232695216179,3.698970004336019,2.90309004127875,1.6,60.0,1.1,14.95
-0.03600717066908667,0.006586621085668454,0.01751554519205328,-0.001388232695216179,0.0,3.653212523426332,1.55,100.0,0.16,17.56
0.02426906489205793,0.02313763566186687,0.006017879679301838,0.001700746796246778,0.6018428983557322,2.204120254089891,1.54,80.0,0.058,19.79
-0.03600717066908667,0.006586621085668454,0.01751554519205328,-0.001388232695216179,0.0,3.477121269196145,1.56,100.0,0.09,14.69
-0.03600717066908667,0.006586621085668454,0.01751554519205328,-0.001388232695216179,4.0,3.778151257621885,1.6,100.0,0.1,15.6
-0.03600717066908667,0.006586621085668454,0.01751554519205328,-0.001388232695216179,3.698970004336019,3.477121269196145,1.59,150.0,0.075,20.39
-0.03600717066908667,0.006586621085668454,0.01751554519205328,-0.001388232695216179,3.698970004336019,3.477121269196145,1.6,100.0,0.1,11.1
-0.0149323714639817,0.008411696589027937,-0.06040108746275723,0.04084621115816146,0.6018428983557322,3.255272529230777,1.9,180.0,0.04,13.8
0.03005776304970446,0.02672802650017309,0.01134055436796627,0.001908825983798767,3.698970004336019,3.397940026043817,1.48,100.0,0.12,10.4
-0.03600717066908667,0.006586621085668454,0.01751554519205328,-0.001388232695216179,4.0,3.778151257621885,1.6,100.0,0.09,18.1
-0.03600717066908667,0.006586621085668454,0.01751554519205328,-0.001388232695216179,0.9124512459397834,3.954242514264819,1.6,100.0,0.1,14.3
0.02426906489205793,0.02313763566186687,0.006017879679301838,0.001700746796246778,0.6018428983557322,3.064458026666096,1.54,80.0,0.058,16.56
-0.03600717066908667,0.006586621085668454,0.01751554519205328,-0.001388232695216179,4.0,2.301030212811168,1.5,100.0,0.1,14.26
-0.03600717066908667,0.006586621085668454,0.01751554519205328,-0.001388232695216179,0.0,3.217483970534783,1.6,110.0,0.25,11.5
-0.01821871967963404,-0.003415339715566656,0.01188834575343447,0.007905245819103334,4.0,3.176091288008646,1.66,150.0,0.05,12.51
-0.03600717066908667,0.006586621085668454,0.01751554519205328,-0.001388232695216179,4.0,3.000000043429446,1.6,100.0,0.16,10.6
-0.03600717066908667,0.006586621085668454,0.01751554519205328,-0.001388232695216179,3.698970004336019,3.607455033937989,1.6,90.0,0.08,12.47
-0.03600717066908667,0.006586621085668454,0.01751554519205328,-0.001388232695216179,0.6018428983557322,2.755874931864499,1.6,95.0,0.09,19.89
-0.03600717066908667,0.006586621085668454,0.01751554519205328,-0.001388232695216179,4.0,3.954242514264819,1.6,100.0,0.1032,12.27
-0.03600717066908667,0.006586621085668454,0.01751554519205328,-0.001388232695216179,-0.6021142747455573,3.000000043429446,1.6,100.0,0.2,14.25
-0.03600717066908667,0.006586621085668454,0.01751554519205328,-0.001388232695216179,0.3678320445894042,2.698970091194906,1.582,100.0,0.1,17.01
0.01519285890564475,0.01613689213021394,-0.0001681504279699043,-0.005518472658312402,0.6018428983557322,3.732393767865459,1.57,120.0,0.16,19.21
0.004127760644370248,0.008747530592518626,-0.0009535959285317078,-0.008142668945236155,0.6018428983557322,3.477121269196145,1.59,100.0,0.09,18.3
0.01633322678856756,0.0173110423977318,0.0007051028382190409,-0.004251484544345492,0.6018428983557322,3.653212523426332,1.6,100.0,0.16,16.04
0.03005776304970446,0.02672802650017309,0.01134055436796627,0.001908825983798767,3.698970004336019,3.176091288008646,1.48,150.0,0.12,13.87
0.01495801894762426,0.01542494765749997,-0.0007357112892081006,-0.004616223218084806,0.6018428983557322,3.778151257621885,1.6,100.0,0.16,14.64
-0.03600717066908667,0.006586621085668454,0.01751554519205328,-0.001388232695216179,0.6018428983557322,3.025305906235946,1.6,60.0,0.09,18.05
-0.03600717066908667,0.006586621085668454,0.01751554519205328,-0.001388232695216179,4.0,3.146128066699271,1.6,70.0,0.09,14.21
-0.03600717066908667,0.006586621085668454,0.01751554519205328,-0.001388232695216179,4.0,3.600972906571322,1.6,105.0,0.04,11.2
-0.03443904098334092,0.003801383998534922,0.01827751185162911,-0.001052068055639975,0.0,3.301030017378705,1.5,100.0,0.09,11.63
-0.03600717066908667,0.006586621085668454,0.01751554519205328,-0.001388232695216179,3.477121254719663,3.000000043429446,1.6,100.0,0.09,10.7
-0.03600717066908667,0.006586621085668454,0.01751554519205328,-0.001388232695216179,4.0,3.292256093514357,1.5,80.0,0.16,18.63
0.01169935815095703,0.01148481758546028,-0.002532965783341053,0.001096521052673256,0.6018428983557322,3.000000043429446,1.85,100.0,0.1,14.63
-0.03600717066908667,0.006586621085668454,0.01751554519205328,-0.001388232695216179,0.9538084319600062,3.778151257621885,1.6,100.0,0.09,12.63
-0.03600717066908667,0.006586621085668454,0.01751554519205328,-0.001388232695216179,3.698970004336019,3.681241246423389,1.55,80.0,0.159,15.25
-0.03600717066908667,0.006586621085668454,0.01751554519205328,-0.001388232695216179,0.6018428983557322,3.000000043429446,1.6,100.0,0.1,11.7
-0.03600717066908667,0.006586621085668454,0.01751554519205328,-0.001388232695216179,3.698970004336019,3.322219315414608,1.6,70.0,0.1,13.47
-0.03600717066908667,0.006586621085668454,0.01751554519205328,-0.001388232695216179,4.0,2.9845273583484,1.6,65.0,0.125,13.27
-0.0149323714639817,0.008411696589027937,-0.06040108746275723,0.04084621115816146,1.277842538821606,3.653212523426332,1.95,300.0,0.09,13.7
-0.03600717066908667,0.006586621085668454,0.01751554519205328,-0.001388232695216179,4.0,3.778151257621885,1.6,100.0,0.045,14.61
-0.03600717066908667,0.006586621085668454,0.01751554519205328,-0.001388232695216179,4.0,3.623249300738245,1.6,105.0,0.0625,16.14
-0.03600717066908667,0.006586621085668454,0.01751554519205328,-0.001388232695216179,3.698970004336019,3.431363780243968,1.5,135.0,0.108,16.45
-0.03479410807730973,0.003332624103968227,0.01657959917538963,-0.003541088803113213,0.0,2.698970091194906,1.6,100.0,0.1,16.17
0.01176732491821417,0.007877272562904764,-0.008921591355823747,-0.009707217922922444,0.3008997268587542,3.332438480115348,1.7,65.0,0.1,17.9
-0.03600717066908667,0.006586621085668454,0.01751554519205328,-0.001388232695216179,0.0,4.079181249666745,1.6,100.0,0.785,13.65
-0.03600717066908667,0.006586621085668454,0.01751554519205328,-0.001388232695216179,3.698970004336019,2.602060099901569,1.6,80.0,0.04,13.49
-0.03600717066908667,0.006586621085668454,0.01751554519205328,-0.001388232695216179,0.6018428983557322,2.755874931864499,1.6,95.0,0.09,16.66
-0.03600717066908667,0.006586621085668454,0.01751554519205328,-0.001388232695216179,0.0,2.977723651004054,1.6,95.0,3.3,15.57
-0.03600717066908667,0.006586621085668454,0.01751554519205328,-0.001388232695216179,0.3678320445894042,3.04139272463954,1.6,110.0,0.1,10.1
-0.03600717066908667,0.006586621085668454,0.01751554519205328,-0.001388232695216179,3.698970004336019,3.146128066699271,1.6,70.0,0.285,13.7
-0.03600717066908667,0.006586621085668454,0.01751554519205328,-0.001388232695216179,0.6018428983557322,3.653212523426332,1.6,100.0,0.04,15.25
-0.03600717066908667,0.006586621085668454,0.01751554519205328,-0.001388232695216179,0.9538084319600062,3.025305906235946,1.5,60.0,0.06,16.47
-0.03600717066908667,0.006586621085668454,0.01751554519205328,-0.001388232695216179,0.3678175731716691,3.494154607938138,1.6,40.0,0.1,11.29
-0.03600717066908667,0.006586621085668454,0.01751554519205328,-0.001388232695216179,0.0,3.021189340431315,1.6,105.0,0.0405,11.6
-0.03600717066908667,0.006586621085668454,0.01751554519205328,-0.001388232695216179,0.0,3.000000043429446,1.6,100.0,0.05,14.79
-0.03600717066908667,0.006586621085668454,0.01751554519205328,-0.001388232695216179,0.6018428983557322,2.602060099901569,1.59,80.0,0.1,12.97
-0.03600717066908667,0.006586621085668454,0.01751554519205328,-0.001388232695216179,3.698970004336019,3.000000043429446,1.6,100.0,0.1,12.57
-0.03600717066908667,0.006586621085668454,0.01751554519205328,-0.001388232695216179,3.698970004336019,3.000000043429446,1.6,100.0,0.075,17.0
-0.03600717066908667,0.006586621085668454,0.01751554519205328,-0.001388232695216179,0.9538084319600062,2.423246037821487,1.5,65.0,0.12,12.92
-0.03600717066908667,0.006586621085668454,0.01751554519205328,-0.001388232695216179,4.0,3.778151257621885,1.6,100.0,0.04,16.5
-0.03600717066908667,0.006586621085668454,0.01751554519205328,-0.001388232695216179,0.9538084319600062,3.000000043429446,1.6,100.0,0.1,17.2
-0.03600717066908667,0.006586621085668454,0.01751554519205328,-0.001388232695216179,3.698970004336019,3.602060002185324,1.6,100.0,0.0004,12.6
-0.03600717066908667,0.006586621085668454,0.01751554519205328,-0.001388232695216179,0.9537650480648696,3.113943385714103,1.6,100.0,0.07,18.82
0.03005776304970446,0.02672802650017309,0.01134055436796627,0.001908825983798767,3.942008053022313,3.477121269196145,1.526,150.0,0.09,19.71
-0.03600717066908667,0.006586621085668454,0.01751554519205328,-0.001388232695216179,0.0,3.000000043429446,1.6,100.0,0.05,12.43
-0.03600717066908667,0.006586621085668454,0.01751554519205328,-0.001388232695216179,4.0,2.698970091194906,1.59,100.0,0.0919,15.7
-0.01821871967963404,-0.003415339715566656,0.01188834575343447,0.007905245819103334,0.3678320445894042,3.000000043429446,1.633,100.0,0.05,13.92
0.01935207376321722,-0.01592721415402632,0.02486058844704745,0.002333830298762662,0.9538084319600062,2.845098102056321,1.25,100.0,0.105,18.1
-0.03600717066908667,0.006586621085668454,0.01751554519205328,-0.001388232695216179,4.0,2.954242557694265,1.6,90.0,1.0,18.68
0.01648594219054154,0.01698886881153151,0.0004376842611423088,-0.001396023088733201,0.6018428983557322,3.653212523426332,1.58,100.0,0.16,13.9
-0.03600717066908667,0.006586621085668454,0.01751554519205328,-0.001388232695216179,4.0,4.033423759508195,1.6,90.0,0.1,12.05
-0.03600717066908667,0.006586621085668454,0.01751554519205328,-0.001388232695216179,3.698970004336019,3.623249300738245,1.5,70.0,0.09,14.55
-0.03600717066908667,0.006586621085668454,0.01751554519205328,-0.001388232695216179,0.9537650480648696,3.602060002185324,1.6,100.0,0.09,13.8
-0.03600717066908667,0.006586621085668454,0.01751554519205328,-0.001388232695216179,0.969805214643249,3.342422700562864,1.6,70.0,1.2,17.13
-0.03600717066908667,0.006586621085668454,0.01751554519205328,-0.001388232695216179,0.0,3.000000043429446,1.6,100.0,0.09,16.18
-0.03600717066908667,0.006586621085668454,0.01751554519205328,-0.001388232695216179,0.9538084319600062,2.698970091194906,1.6,100.0,0.0757,12.08
-0.03600717066908667,0.006586621085668454,0.01751554519205328,-0.001388232695216179,4.0,3.982271237563469,1.56,80.0,0.06,13.6
-0.03600717066908667,0.006586621085668454,0.01751554519205328,-0.001388232695216179,4.0,2.698970091194906,1.6,100.0,0.1,15.02
-0.03600717066908667,0.006586621085668454,0.01751554519205328,-0.001388232695216179,0.3678320445894042,3.301030017378705,1.6,100.0,0.1,18.0
-0.03600717066908667,0.006586621085668454,0.01751554519205328,-0.001388232695216179,4.0,2.301030212811168,1.5,100.0,0.16,17.0
-0.03600717066908667,0.006586621085668454,0.01751554519205328,-0.001388232695216179,4.0,2.9845273583484,1.6,65.0,0.125,12.91
-0.03600717066908667,0.006586621085668454,0.01751554519205328,-0.001388232695216179,4.0,3.000000043429446,1.6,100.0,0.05,15.3
-0.03600717066908667,0.006586621085668454,0.01751554519205328,-0.001388232695216179,0.6018428983557322,3.025305906235946,1.6,60.0,0.09,16.49
-0.03600717066908667,0.006586621085668454,0.01751554519205328,-0.001388232695216179,4.0,4.000000004342945,1.6,100.0,0.25,11.1
0.02274526485520561,0.02336249955656735,0.009508529428223852,-1.052920997297618e-05,1.277799202546371,3.365488003610489,1.58,70.0,0.0737,21.09
-0.0343000906470767,0.001832675129337723,0.0130891784910055,-0.007476533636630268,3.698970004336019,3.146128066699271,1.58,140.0,0.09,14.88
-0.03600717066908667,0.006586621085668454,0.01751554519205328,-0.001388232695216179,0.0,3.000000043429446,1.6,100.0,0.09,12.81
-0.03600717066908667,0.006586621085668454,0.01751554519205328,-0.001388232695216179,0.3008997268587542,3.04139272463954,1.6,110.0,0.1,20.1
-0.03600717066908667,0.006586621085668454,0.01751554519205328,-0.001388232695216179,3.698970004336019,3.477121269196145,1.6,100.0,0.1,11.53
-0.03600717066908667,0.006586621085668454,0.01751554519205328,-0.001388232695216179,3.698970004336019,3.491361707843772,1.6,70.0,0.1,16.51
-0.03600717066908667,0.006586621085668454,0.01751554519205328,-0.001388232695216179,4.0,3.778151257621885,1.6,100.0,0.0725,12.8
-0.03600717066908667,0.006586621085668454,0.01751554519205328,-0.001388232695216179,4.0,3.000000043429446,1.5,100.0,0.09,13.63
-0.0149323714639817,0.008411696589027937,-0.06040108746275723,0.04084621115816146,1.277842538821606,3.653212523426332,1.9,300.0,0.09,14.03
-0.03600717066908667,0.006586621085668454,0.01751554519205328,-0.001388232695216179,0.0,3.000000043429446,1.6,100.0,0.09,16.12
-0.03600717066908667,0.006586621085668454,0.01751554519205328,-0.001388232695216179,3.698970004336019,3.607455033937989,1.6,90.0,0.08,11.43
-0.03380839763405821,0.0002761846094624547,0.01162318067996259,-0.009540331811269205,4.0,3.07918128223883,1.67,120.0,0.1,15.6
0.02790962296212144,0.02625093142065337,0.008624740481725207,0.004809183415632299,0.0,3.176091288008646,1.54,150.0,0.09,19.02
-0.03600717066908667,0.006586621085668454,0.01751554519205328,-0.001388232695216179,0.9994791590638145,3.477121269196145,1.6,100.0,0.04,12.63
-0.03600717066908667,0.006586621085668454,0.01751554519205328,-0.001388232695216179,0.0,3.000000043429446,1.6,100.0,0.09,12.53
-0.03600717066908667,0.006586621085668454,0.01751554519205328,-0.001388232695216179,0.6018428983557322,3.000000043429446,1.6,100.0,0.06,15.27
-0.03600717066908667,0.006586621085668454,0.01751554519205328,-0.001388232695216179,3.698970004336019,3.778151257621885,1.6,100.0,0.0644,19.5
-0.03600717066908667,0.006586621085668454,0.01751554519205328,-0.001388232695216179,0.0,2.698970091194906,1.6,100.0,0.038,14.52
-0.03600717066908667,0.006586621085668454,0.01751554519205328,-0.001388232695216179,0.0,3.176091288008646,1.6,100.0,0.06,12.38
-0.03600717066908667,0.006586621085668454,0.01751554519205328,-0.001388232695216179,0.3678320445894042,3.000000043429446,1.6,100.0,0.066,16.05
-0.03600717066908667,0.006586621085668454,0.01751554519205328,-0.001388232695216179,4.0,3.000000043429446,1.6,100.0,0.16,10.5
-0.03600717066908667,0.006586621085668454,0.01751554519205328,-0.001388232695216179,4.0,3.000000043429446,1.6,100.0,0.1,13.3
-0.03600717066908667,0.006586621085668454,0.01751554519205328,-0.001388232695216179,4.0,3.000000043429446,1.61,100.0,0.06,12.5
0.03005776304970446,0.02672802650017309,0.01134055436796627,0.001908825983798767,0.9026992977420334,3.477121269196145,1.48,100.0,0.1,19.37
-0.03600717066908667,0.006586621085668454,0.01751554519205328,-0.001388232695216179,4.0,3.90848502424031,1.6,90.0,0.0256,10.6
-0.03600717066908667,0.006586621085668454,0.01751554519205328,-0.001388232695216179,0.6018428983557322,3.301030017378705,1.6,100.0,1.0,13.3
-0.03600717066908667,0.006586621085668454,0.01751554519205328,-0.001388232695216179,0.0,2.698970091194906,1.6,100.0,0.0177,11.65
-0.03600717066908667,0.006586621085668454,0.01751554519205328,-0.001388232695216179,4.0,3.698970013021909,1.56,100.0,0.0725,13.9
-0.03600717066908667,0.006586621085668454,0.01751554519205328,-0.001388232695216179,4.0,4.056904855146073,1.6,95.0,0.16,13.9
-0.03600717066908667,0.006586621085668454,0.01751554519205328,-0.001388232695216179,0.0,3.000000043429446,1.6,100.0,0.09,18.14
0.03005776304970446,0.02672802650017309,0.01134055436796627,0.001908825983798767,3.942008053022313,3.477121269196145,1.526,150.0,0.09,20.47
-0.03600717066908667,0.006586621085668454,0.01751554519205328,-0.001388232695216179,0.0,3.000000043429446,1.6,100.0,0.1119999999999999,14.42
-0.03600717066908667,0.006586621085668454,0.01751554519205328,-0.001388232695216179,0.3678320445894042,3.000000043429446,1.55,100.0,0.1143,14.0
-0.03600717066908667,0.006586621085668454,0.01751554519205328,-0.001388232695216179,0.3678320445894042,3.07918128223883,1.6,120.0,0.1,15.99
0.01519285890564475,0.01613689213021394,-0.0001681504279699043,-0.005518472658312402,0.6018428983557322,3.342422700562864,1.62,110.0,0.09,19.62
-0.03600717066908667,0.006586621085668454,0.01751554519205328,-0.001388232695216179,0.7530382334710224,3.423245890325278,1.56,50.0,0.06,17.14
-0.03600717066908667,0.006586621085668454,0.01751554519205328,-0.001388232695216179,0.0,3.000000043429446,1.65,100.0,0.1,10.13
-0.01505671750466331,0.02063439580897483,-0.04946096625329637,0.06546472497904719,0.0,2.875061321297627,1.73,25.0,0.16,12.2
-0.03600717066908667,0.006586621085668454,0.01751554519205328,-0.001388232695216179,0.0,2.623249393801336,1.6,60.0,0.05,16.6
-0.03600717066908667,0.006586621085668454,0.01751554519205328,-0.001388232695216179,0.0,3.000000043429446,1.57,100.0,0.096,12.1
0.01721810518888469,0.0186848135286511,0.001603863546475575,-0.005737676287139042,0.0,3.477121269196145,1.57,150.0,0.1,18.32
-0.03600717066908667,0.006586621085668454,0.01751554519205328,-0.001388232695216179,0.0,3.000000043429446,1.6,100.0,0.075,13.8
-0.03600717066908667,0.006586621085668454,0.01751554519205328,-0.001388232695216179,4.0,2.875061321297627,1.6,75.0,0.16,13.0
-0.03600717066908667,0.006586621085668454,0.01751554519205328,-0.001388232695216179,3.698970004336019,3.301030017378705,1.6,100.0,0.12,10.88
-0.03600717066908667,0.006586621085668454,0.01751554519205328,-0.001388232695216179,4.0,3.397940026043817,1.59,100.0,0.04,13.08
0.01519285890564475,0.01613689213021394,-0.0001681504279699043,-0.005518472658312402,0.6018428983557322,3.778151257621885,1.57,100.0,0.1,16.8
-0.03600717066908667,0.006586621085668454,0.01751554519205328,-0.001388232695216179,3.698970004336019,3.623249300738245,1.6,70.0,0.1,10.2
-0.03600717066908667,0.006586621085668454,0.01751554519205328,-0.001388232695216179,3.698970004336019,3.826074809182833,1.59,70.0,0.1,15.58
0.004127760644370248,0.008747530592518626,-0.0009535959285317078,-0.008142668945236155,0.6018428983557322,3.477121269196145,1.59,100.0,0.09,16.2
-0.03600717066908667,0.006586621085668454,0.01751554519205328,-0.001388232695216179,0.6018428983557322,3.217483970534783,1.6,65.0,0.075,19.4
-0.03600717066908667,0.006586621085668454,0.01751554519205328,-0.001388232695216179,3.698970004336019,4.033423759508195,1.6,90.0,0.098,15.7
-0.03600717066908667,0.006586621085668454,0.01751554519205328,-0.001388232695216179,4.0,2.698970091194906,1.6,100.0,0.102,17.31
-0.03600717066908667,0.006586621085668454,0.01751554519205328,-0.001388232695216179,3.698970004336019,3.322219315414608,1.6,70.0,0.1,17.57
-0.03600717066908667,0.006586621085668454,0.01751554519205328,-0.001388232695216179,4.0,2.301030212811168,1.55,100.0,0.11,16.67
-0.03600717066908667,0.006586621085668454,0.01751554519205328,-0.001388232695216179,4.0,2.653212610285218,1.6,90.0,0.055,13.44
-0.03600717066908667,0.006586621085668454,0.01751554519205328,-0.001388232695216179,3.698970004336019,2.447158186447364,1.6,70.0,0.108,14.2
-0.03600717066908667,0.006586621085668454,0.01751554519205328,-0.001388232695216179,-0.1761781092673302,3.681241246423389,1.6,60.0,0.055,14.94
-0.03600717066908667,0.006586621085668454,0.01751554519205328,-0.001388232695216179,0.0,3.021189340431315,1.6,105.0,0.0405,13.0
-0.03600717066908667,0.006586621085668454,0.01751554519205328,-0.001388232695216179,0.0,3.778151257621885,1.6,100.0,0.16,15.98
-0.03600717066908667,0.006586621085668454,0.01751554519205328,-0.001388232695216179,4.0,2.9845273583484,1.6,65.0,0.125,12.65
-0.03600562255436168,0.006585262151843551,0.01751782781764756,-0.001410260912717985,4.0,3.000000043429446,1.57,100.0,0.045,14.37
0.01495801894762426,0.01542494765749997,-0.0007357112892081006,-0.004616223218084806,0.6018428983557322,3.778151257621885,1.6,100.0,0.16,10.11
-0.03600717066908667,0.006586621085668454,0.01751554519205328,-0.001388232695216179,0.9538084319600062,3.000000043429446,1.5,100.0,0.04,16.09
0.01519285890564475,0.01613689213021394,-0.0001681504279699043,-0.005518472658312402,0.6018428983557322,3.653212523426332,1.64,100.0,0.16,14.8
-0.03600717066908667,0.006586621085668454,0.01751554519205328,-0.001388232695216179,3.698970004336019,3.176091288008646,1.6,150.0,0.078,14.99
0.02274526485520561,0.02336249955656735,0.009508529428223852,-1.052920997297618e-05,0.9772244535919058,3.365488003610489,1.57,70.0,0.09,18.6
-0.03600717066908667,0.006586621085668454,0.01751554519205328,-0.001388232695216179,3.698970004336019,3.477121269196145,1.59,150.0,0.075,19.16
-0.03600717066908667,0.006586621085668454,0.01751554519205328,-0.001388232695216179,0.8447507433288933,2.9845273583484,1.6,65.0,0.1,16.69
-0.03600717066908667,0.006586621085668454,0.01751554519205328,-0.001388232695216179,3.698970004336019,3.322219315414608,1.6,70.0,0.09,11.46
0.01530674202554747,0.01682035986206738,0.0009506631315538203,-0.002328721414834217,0.6018428983557322,3.000000043429446,1.59,100.0,0.1,17.15
-0.03600717066908667,0.006586621085668454,0.01751554519205328,-0.001388232695216179,0.6018428983557322,3.000000043429446,1.6,100.0,0.1,17.1
-0.03600717066908667,0.006586621085668454,0.01751554519205328,-0.001388232695216179,0.6018428983557322,2.342422878228744,1.5,60.0,0.09,14.76
-0.03600717066908667,0.006586621085668454,0.01751554519205328,-0.001388232695216179,3.698970004336019,3.431363780243968,1.55,70.0,0.1,16.2
-0.03600717066908667,0.006586621085668454,0.01751554519205328,-0.001388232695216179,0.6018428983557322,2.342422878228744,1.59,60.0,0.09,15.12
0.01721810518888469,0.0186848135286511,0.001603863546475575,-0.005737676287139042,0.6018428983557322,4.033423759508195,1.54,120.0,0.09,15.82
-0.0149323714639817,0.008411696589027937,-0.06040108746275723,0.04084621115816146,0.0,3.122215911049767,1.82,265.0,0.05,10.34
-0.03600717066908667,0.006586621085668454,0.01751554519205328,-0.001388232695216179,0.0,3.000000043429446,1.6,100.0,0.1,11.17
-0.03600717066908667,0.006586621085668454,0.01751554519205328,-0.001388232695216179,0.0,3.301030017378705,1.6,100.0,0.07,13.08
0.01268030238026302,0.001431572666677301,-0.01075462581781291,-0.04443333932421852,3.698970004336019,3.707570184613514,1.71,70.0,0.102,15.06
-0.03600717066908667,0.006586621085668454,0.01751554519205328,-0.001388232695216179,2.958607314841775,2.698970091194906,1.6,100.0,0.07,10.61
0.01595086659036125,0.01715179071264882,0.0007689970839751136,-0.004302643624446361,0.6018428983557322,3.342422700562864,1.59,110.0,1.0,20.3
-0.03600717066908667,0.006586621085668454,0.01751554519205328,-0.001388232695216179,0.9995225386255447,3.176091288008646,1.6,100.0,0.1,16.07
-0.03600717066908667,0.006586621085668454,0.01751554519205328,-0.001388232695216179,3.698970004336019,3.402261399654461,1.6,100.0,0.02,18.21
0.03005776304970446,0.02672802650017309,0.01134055436796627,0.001908825983798767,3.942008053022313,3.477121269196145,1.526,150.0,0.09,20.81
0.01633322678856756,0.0173110423977318,0.0007051028382190409,-0.004251484544345492,0.6018428983557322,3.778151257621885,1.6,100.0,0.16,16.32
-0.03600717066908667,0.006586621085668454,0.01751554519205328,-0.001388232695216179,0.6018428983557322,2.477121399484465,1.6,100.0,0.1,16.51
-0.03600717066908667,0.006586621085668454,0.01751554519205328,-0.001388232695216179,4.0,2.698970091194906,1.6,100.0,0.102,18.04
-0.03600717066908667,0.006586621085668454,0.01751554519205328,-0.001388232695216179,0.3678320445894042,3.000000043429446,1.6,100.0,0.1,18.76
-0.03600717066908667,0.006586621085668454,0.01751554519205328,-0.001388232695216179,2.920818753952375,3.301030017378705,1.6,100.0,0.08,15.23
-0.03600717066908667,0.006586621085668454,0.01751554519205328,-0.001388232695216179,3.698970004336019,3.498310567576727,1.6,90.0,0.102,18.1
-0.03600717066908667,0.006586621085668454,0.01751554519205328,-0.001388232695216179,0.6018428983557322,3.653212523426332,1.6,100.0,0.04,17.21
-0.03600717066908667,0.006586621085668454,0.01751554519205328,-0.001388232695216179,0.0,3.000000043429446,1.6,100.0,0.06,10.47
-0.03600717066908667,0.006586621085668454,0.01751554519205328,-0.001388232695216179,4.0,2.90309004127875,1.6,80.0,0.1,13.8
-0.03600717066908667,0.006586621085668454,0.01751554519205328,-0.001388232695216179,0.9538084319600062,3.029383818273477,1.61,70.0,0.1,16.5
-0.03600717066908667,0.006586621085668454,0.01751554519205328,-0.001388232695216179,3.698970004336019,3.176091288008646,1.6,150.0,0.078,15.92
-0.03600717066908667,0.006586621085668454,0.01751554519205328,-0.001388232695216179,4.0,2.301030212811168,1.5,100.0,0.096,15.7
-0.03600717066908667,0.006586621085668454,0.01751554519205328,-0.001388232695216179,3.698970004336019,3.623249300738245,1.5,70.0,0.09,12.1
-0.03600717066908667,0.006586621085668454,0.01751554519205328,-0.001388232695216179,0.7530382334710224,3.477121269196145,1.6,100.0,0.085,11.5
-0.03600717066908667,0.006586621085668454,0.01751554519205328,-0.001388232695216179,0.9538084319600062,3.000000043429446,1.6,100.0,0.11,10.1
-0.03600717066908667,0.006586621085668454,0.01751554519205328,-0.001388232695216179,0.0,3.176091288008646,1.6,100.0,0.09,14.7
-0.03600717066908667,0.006586621085668454,0.01751554519205328,-0.001388232695216179,4.0,4.35218252004156,1.6,75.0,0.12,11.21
-0.03600717066908667,0.006586621085668454,0.01751554519205328,-0.001388232695216179,0.9026992977420334,2.698970091194906,1.6,100.0,1.08,12.29
-0.03600717066908667,0.006586621085668454,0.01751554519205328,-0.001388232695216179,4.0,3.000000043429446,1.55,100.0,0.08,20.5
-0.03600562255436168,0.006585262151843551,0.01751782781764756,-0.001410260912717985,4.0,4.123851644232458,1.6,90.0,0.096,11.8
-0.03600717066908667,0.006586621085668454,0.01751554519205328,-0.001388232695216179,3.698970004336019,3.845098046218464,1.6,100.0,0.16,12.1
-0.03600717066908667,0.006586621085668454,0.01751554519205328,-0.001388232695216179,4.0,3.778151257621885,1.6,100.0,0.04,14.8
-0.03600717066908667,0.006586621085668454,0.01751554519205328,-0.001388232695216179,4.0,3.477121269196145,1.56,100.0,0.07,14.15
-0.03600717066908667,0.006586621085668454,0.01751554519205328,-0.001388232695216179,4.0,4.014940353989019,1.6,25.0,0.06,17.07
-0.03600717066908667,0.006586621085668454,0.01751554519205328,-0.001388232695216179,0.0,3.301030017378705,1.6,100.0,0.07,15.23
0.03005776304970446,0.02672802650017309,0.01134055436796627,0.001908825983798767,0.6018428983557322,3.778151257621885,1.48,100.0,0.1,15.1
-0.03600717066908667,0.006586621085668454,0.01751554519205328,-0.001388232695216179,0.0,3.000000043429446,1.59,100.0,0.0314,16.9
-0.03600717066908667,0.006586621085668454,0.01751554519205328,-0.001388232695216179,3.698970004336019,3.498310567576727,1.6,70.0,0.16,12.4
-0.03600717066908667,0.006586621085668454,0.01751554519205328,-0.001388232695216179,0.0,3.301030017378705,1.57,100.0,0.07,11.54
0.01519285890564475,0.01613689213021394,-0.0001681504279699043,-0.005518472658312402,0.6017994927805721,3.716003351986616,1.61,100.0,0.16,13.4
-0.03600717066908667,0.006586621085668454,0.01751554519205328,-0.001388232695216179,0.6018428983557322,3.000000043429446,1.5,100.0,0.1,16.8
-0.03600717066908667,0.006586621085668454,0.01751554519205328,-0.001388232695216179,4.0,3.93196611980764,1.6,95.0,0.07,10.59
-0.03600717066908667,0.006586621085668454,0.01751554519205328,-0.001388232695216179,0.9538084319600062,2.799340618389208,1.5,65.0,0.08,17.64
0.02426906489205793,0.02313763566186687,0.006017879679301838,0.001700746796246778,0.6018428983557322,2.204120254089891,1.54,80.0,0.058,17.7
-0.03600717066908667,0.006586621085668454,0.01751554519205328,-0.001388232695216179,0.9538084319600062,3.029383818273477,1.61,70.0,0.1,17.5
-0.03600717066908667,0.006586621085668454,0.01751554519205328,-0.001388232695216179,3.698970004336019,3.230448946925007,1.6,70.0,0.3,11.62
0.03005776304970446,0.02672802650017309,0.01134055436796627,0.001908825983798767,3.698970004336019,3.176091288008646,1.48,150.0,0.12,15.61
0.01645883749703963,0.01736343104815911,0.0006842880231336526,-0.004232850881524671,0.6018428983557322,3.903089992420624,1.63,100.0,0.09,19.24
-0.03600717066908667,0.006586621085668454,0.01751554519205328,-0.001388232695216179,4.0,4.079181249666745,1.6,100.0,0.06,10.93
0.01595086659036125,0.01715179071264882,0.0007689970839751136,-0.004302643624446361,0.9995225386255447,3.716837731635311,1.6,70.0,0.105,18.82
-0.03600717066908667,0.006586621085668454,0.01751554519205328,-0.001388232695216179,-0.5441238786229655,3.375663632246968,1.55,95.0,0.1,20.3
-0.03600717066908667,0.006586621085668454,0.01751554519205328,-0.001388232695216179,0.0,3.000000043429446,1.6,100.0,0.09,18.29
-0.03600717066908667,0.006586621085668454,0.01751554519205328,-0.001388232695216179,0.0,3.778151257621885,1.6,100.0,0.09,13.0
-0.03600717066908667,0.006586621085668454,0.01751554519205328,-0.001388232695216179,-0.5441238786229655,3.375663632246968,1.55,95.0,0.1,17.38
-0.03600717066908667,0.006586621085668454,0.01751554519205328,-0.001388232695216179,4.0,3.000000043429446,1.5,100.0,0.045,16.2
0.02477534379536052,0.0251130772134741,0.01152687453299924,0.001822822911016522,0.9537650480648696,3.365488003610489,1.55,70.0,0.07,21.24
-0.03172171049949051,-0.006952059706952835,0.00472315701293183,-0.01941768444475981,0.3678031022361296,3.322219315414608,1.71,105.0,0.09,16.73
-0.03600717066908667,0.006586621085668454,0.01751554519205328,-0.001388232695216179,3.698970004336019,3.845098046218464,1.6,100.0,0.16,11.35
-0.03600717066908667,0.006586621085668454,0.01751554519205328,-0.001388232695216179,0.4769475716611976,3.477121269196145,1.6,100.0,0.1,16.8
-0.009523016197279036,0.01305912838754589,0.01273952487941118,-0.001621260169321354,0.0,3.414973364674452,1.56,130.0,0.0754,16.7
-0.03414676047505379,0.001359430052497769,0.01265250997201402,-0.00808700560746077,4.0,3.000000043429446,1.62,100.0,0.09,10.4
-0.009523016197279036,0.01305912838754589,0.01273952487941118,-0.001621260169321354,0.0,3.414973364674452,1.56,130.0,0.0754,14.4
-0.03600717066908667,0.006586621085668454,0.01751554519205328,-0.001388232695216179,0.3678320445894042,2.698970091194906,1.6,100.0,0.096,10.47
-0.03600717066908667,0.006586621085668454,0.01751554519205328,-0.001388232695216179,0.0,3.633468465679458,1.6,100.0,0.09,15.63
-0.03600717066908667,0.006586621085668454,0.01751554519205328,-0.001388232695216179,0.7530382334710224,3.423245890325278,1.56,50.0,0.06,15.64
-0.03600717066908667,0.006586621085668454,0.01751554519205328,-0.001388232695216179,0.0,2.698970091194906,1.61,100.0,0.15,12.61
0.01519285890564475,0.01613689213021394,-0.0001681504279699043,-0.005518472658312402,0.6018428983557322,3.477121269196145,1.61,100.0,0.1,10.45
-0.03600717066908667,0.006586621085668454,0.01751554519205328,-0.001388232695216179,4.0,4.079181249666745,1.6,100.0,0.1,10.2
-0.03600717066908667,0.006586621085668454,0.01751554519205328,-0.001388232695216179,0.0,3.301030017378705,1.6,100.0,0.07,13.38
0.01545569884754383,0.01655703058811936,0.0004068960080525673,-0.003705484538589672,0.6018428983557322,3.477121269196145,1.61,100.0,0.16,18.7
0.009728166341047718,0.01940384445269289,0.01041067695355533,-0.0003417404253111513,3.698970004336019,3.365488003610489,1.58,70.0,0.1,15.8
0.02426906489205793,0.02313763566186687,0.006017879679301838,0.001700746796246778,0.6018428983557322,2.204120254089891,1.54,80.0,0.058,14.53
-0.03600717066908667,0.006586621085668454,0.01751554519205328,-0.001388232695216179,3.698970004336019,3.176091288008646,1.6,100.0,0.049,11.62
-0.03600717066908667,0.006586621085668454,0.01751554519205328,-0.001388232695216179,0.0,3.000000043429446,1.585,100.0,0.1024,16.31
-0.03600717066908667,0.006586621085668454,0.01751554519205328,-0.001388232695216179,0.0,3.000000043429446,1.63,100.0,0.1,15.57
-0.03600717066908667,0.006586621085668454,0.01751554519205328,-0.001388232695216179,3.698970004336019,3.477121269196145,1.59,100.0,0.1,10.8
-0.03600717066908667,0.006586621085668454,0.01751554519205328,-0.001388232695216179,3.698970004336019,3.431363780243968,1.55,70.0,0.1,14.6
-0.03600717066908667,0.006586621085668454,0.01751554519205328,-0.001388232695216179,2.920818753952375,3.301030017378705,1.6,100.0,0.08,10.25
-0.03600717066908667,0.006586621085668454,0.01751554519205328,-0.001388232695216179,0.9538084319600062,3.283301251323053,1.6,60.0,0.08,14.2
0.01721810518888469,0.0186848135286511,0.001603863546475575,-0.005737676287139042,0.6018428983557322,3.477121269196145,1.51,100.0,0.105,18.51
0.02274526485520561,0.02336249955656735,0.009508529428223852,-1.052920997297618e-05,1.277799202546371,3.365488003610489,1.57,70.0,0.0737,18.37
-0.03600717066908667,0.006586621085668454,0.01751554519205328,-0.001388232695216179,3.698970004336019,3.623249300738245,1.571,70.0,0.09,12.48
-0.03600717066908667,0.006586621085668454,0.01751554519205328,-0.001388232695216179,4.0,3.000000043429446,1.55,100.0,0.08,18.3
-0.03600717066908667,0.006586621085668454,0.01751554519205328,-0.001388232695216179,0.6018428983557322,3.698970013021909,1.59,100.0,0.16,17.98
-0.03600717066908667,0.006586621085668454,0.01751554519205328,-0.001388232695216179,0.3678320445894042,3.000000043429446,1.6,100.0,0.1,12.6
-0.03600717066908667,0.006586621085668454,0.01751554519205328,-0.001388232695216179,3.698970004336019,3.602060002185324,1.6,100.0,0.1,13.6
-0.03600717066908667,0.006586621085668454,0.01751554519205328,-0.001388232695216179,4.0,3.217483970534783,1.6,110.0,0.12,12.57
-0.03600717066908667,0.006586621085668454,0.01751554519205328,-0.001388232695216179,4.0,3.000000043429446,1.6,100.0,0.1,14.94
-0.03600717066908667,0.006586621085668454,0.01751554519205328,-0.001388232695216179,4.0,3.477121269196145,1.6,100.0,1.1,10.99
-0.03600717066908667,0.006586621085668454,0.01751554519205328,-0.001388232695216179,4.0,3.113943385714103,1.57,130.0,0.09,17.4
-0.03600717066908667,0.006586621085668454,0.01751554519205328,-0.001388232695216179,4.0,2.90309004127875,1.55,80.0,0.9,15.98
-0.03600717066908667,0.006586621085668454,0.01751554519205328,-0.001388232695216179,0.3678320445894042,3.000000043429446,1.6,100.0,0.1,16.04
-0.03600717066908667,0.006586621085668454,0.01751554519205328,-0.001388232695216179,4.0,3.454844875246913,1.672,95.0,0.0725,13.07
-0.03600717066908667,0.006586621085668454,0.01751554519205328,-0.001388232695216179,0.0,3.000000043429446,1.6,100.0,0.05,15.52
0.01519285890564475,0.01613689213021394,-0.0001681504279699043,-0.005518472658312402,0.6017994927805721,3.716003351986616,1.623,100.0,0.16,15.5
-0.03600717066908667,0.006586621085668454,0.01751554519205328,-0.001388232695216179,3.698970004336019,2.90309004127875,1.6,60.0,1.1,20.65
-0.01617529853625768,0.01239181621706842,0.01509507911469608,-0.000123646437743316,0.9538084319600062,2.698970091194906,1.58,100.0,0.08,18.8
-0.03600717066908667,0.006586621085668454,0.01751554519205328,-0.001388232695216179,0.0,3.000000043429446,1.56,100.0,0.045,12.6
-0.03600717066908667,0.006586621085668454,0.01751554519205328,-0.001388232695216179,4.0,3.301030017378705,1.6,100.0,0.0725,10.27
-0.03600717066908667,0.006586621085668454,0.01751554519205328,-0.001388232695216179,0.0,3.000000043429446,1.6,100.0,0.04,11.46
0.02010898262693502,0.02371316658480603,0.01171184976711218,0.001735805950349647,0.6018428983557322,3.653212523426332,1.53,150.0,0.09,21.95
-0.03600717066908667,0.006586621085668454,0.01751554519205328,-0.001388232695216179,4.0,2.653212610285218,1.6,90.0,0.055,10.8
-0.03600717066908667,0.006586621085668454,0.01751554519205328,-0.001388232695216179,1.688030018272006,3.000000043429446,1.6,100.0,0.077,15.28
-0.03600717066908667,0.006586621085668454,0.01751554519205328,-0.001388232695216179,4.0,3.000000043429446,1.5,100.0,0.045,12.62
0.007300353439409963,0.01271257663910736,0.0029680215466511,0.01152831285805827,0.4769475716611976,3.301030017378705,1.73,100.0,0.04,18.66
-0.009523016197279036,0.01305912838754589,0.01273952487941118,-0.001621260169321354,0.9538084319600062,3.414973364674452,1.51,130.0,0.0676,20.2
-0.03600717066908667,0.006586621085668454,0.01751554519205328,-0.001388232695216179,3.698970004336019,3.53781910766152,1.6,115.0,0.1,17.4
-0.03600717066908667,0.006586621085668454,0.01751554519205328,-0.001388232695216179,4.0,3.000000043429446,1.6,100.0,0.1,18.35
-0.03600717066908667,0.006586621085668454,0.01751554519205328,-0.001388232695216179,0.9538084319600062,3.064458026666096,1.61,60.0,0.1,12.86
0.01268030238026302,0.001431572666677301,-0.01075462581781291,-0.04443333932421852,3.698970004336019,3.656098211599907,1.71,70.0,0.102,14.57
-0.03600717066908667,0.006586621085668454,0.01751554519205328,-0.001388232695216179,0.9307048804138304,3.406540197465111,1.5,70.0,0.1,13.2
-0.03600717066908667,0.006586621085668454,0.01751554519205328,-0.001388232695216179,0.9538084319600062,3.064458026666096,1.61,60.0,0.1,12.3
0.01495801894762426,0.01542494765749997,-0.0007357112892081006,-0.004616223218084806,0.6018428983557322,3.778151257621885,1.6,100.0,0.16,16.74
-0.009523016197279036,0.01305912838754589,0.01273952487941118,-0.001621260169321354,0.0,3.414973364674452,1.56,130.0,0.0754,16.0
-0.03600717066908667,0.006586621085668454,0.01751554519205328,-0.001388232695216179,4.0,3.852784874775909,1.6,95.0,0.09,12.18
-0.03600717066908667,0.006586621085668454,0.01751554519205328,-0.001388232695216179,0.6986661045512064,3.146128066699271,1.5,70.0,0.125,10.8
-0.03479410807730973,0.003332624103968227,0.01657959917538963,-0.003541088803113213,0.0,3.000000043429446,1.55,100.0,0.09,19.02
0.03005776304970446,0.02672802650017309,0.01134055436796627,0.001908825983798767,3.942008053022313,3.477121269196145,1.523,150.0,0.09,15.68
-0.03600717066908667,0.006586621085668454,0.01751554519205328,-0.001388232695216179,0.6018428983557322,2.74818810455878,1.6,60.0,0.06,19.64
-0.03600717066908667,0.006586621085668454,0.01751554519205328,-0.001388232695216179,0.9538084319600062,3.477121269196145,1.55,100.0,0.12,17.88
-0.03600717066908667,0.006586621085668454,0.01751554519205328,-0.001388232695216179,4.0,3.892094608258359,1.52,130.0,0.47,13.78
0.01511625508589558,0.01610619922474015,-0.0001540785287201364,-0.005537966291425511,0.6018428983557322,3.857332502463136,1.55,120.0,0.09,18.6
0.01780132010994699,0.005407782496932709,-0.01462804553168481,-0.01497424033097033,4.0,4.148294100521416,1.72,70.0,0.0919,14.1
-0.03600717066908667,0.006586621085668454,0.01751554519205328,-0.001388232695216179,4.0,3.93196611980764,1.55,95.0,0.1,14.3
-0.03600717066908667,0.006586621085668454,0.01751554519205328,-0.001388232695216179,0.9538084319600062,3.049218061446473,1.6,60.0,0.08,15.51
-0.03600717066908667,0.006586621085668454,0.01751554519205328,-0.001388232695216179,0.4769475716611976,3.68797462894316,1.6,40.0,0.1,18.4
-0.03600717066908667,0.006586621085668454,0.01751554519205328,-0.001388232695216179,0.6018428983557322,3.000000043429446,1.6,100.0,0.1,18.96
-0.03282855825924948,0.0009299327517238228,0.01906133041348334,-0.0007022168262370234,0.0,3.301030017378705,1.5,100.0,0.09,11.08
-0.03600717066908667,0.006586621085668454,0.01751554519205328,-0.001388232695216179,0.6018428983557322,3.531478929815622,1.6,85.0,0.09,16.83
0.01519285890564475,0.01613689213021394,-0.0001681504279699043,-0.005518472658312402,0.6018428983557322,3.778151257621885,1.59,100.0,0.1,16.59
0.01721810518888469,0.0186848135286511,0.001603863546475575,-0.005737676287139042,0.0,3.857332502463136,1.5,80.0,0.0316,12.18
0.01400127348305888,0.01531251248640051,-0.0003547473416981374,-0.008869289345792038,0.0,3.000000043429446,1.5,100.0,0.0314,17.5
0.01721810518888469,0.0186848135286511,0.001603863546475575,-0.005737676287139042,0.6018428983557322,3.778151257621885,1.59,100.0,0.1,12.0
-0.03600717066908667,0.006586621085668454,0.01751554519205328,-0.001388232695216179,-1.040326494084594,2.724275951543136,1.626,65.0,0.09,13.18
-0.03600717066908667,0.006586621085668454,0.01751554519205328,-0.001388232695216179,0.0,3.000000043429446,1.6,200.0,0.125,17.37
-0.03600717066908667,0.006586621085668454,0.01751554519205328,-0.001388232695216179,3.698970004336019,3.556302512831023,1.59,70.0,0.09,15.88
-0.03600717066908667,0.006586621085668454,0.01751554519205328,-0.001388232695216179,3.698970004336019,2.90309004127875,1.6,60.0,1.1,14.47
0.01048738180198483,-0.01236500729567984,0.02324921616876246,0.00217955937251081,0.6018428983557322,2.857332556749942,1.33,60.0,0.09,13.19
-0.03600717066908667,0.006586621085668454,0.01751554519205328,-0.001388232695216179,3.698970004336019,2.477121399484465,1.5,100.0,0.1,15.45
0.02426906489205793,0.02313763566186687,0.006017879679301838,0.001700746796246778,0.6018428983557322,3.064458026666096,1.54,80.0,0.058,19.16
-0.03600717066908667,0.006586621085668454,0.01751554519205328,-0.001388232695216179,4.0,3.000000043429446,1.6,100.0,0.1,12.4
0.03005776304970446,0.02672802650017309,0.01134055436796627,0.001908825983798767,3.942008053022313,3.477121269196145,1.526,150.0,0.09,20.32
-0.03600717066908667,0.006586621085668454,0.01751554519205328,-0.001388232695216179,4.0,3.778151257621885,1.5,100.0,0.1,13.16
-0.03600717066908667,0.006586621085668454,0.01751554519205328,-0.001388232695216179,4.0,3.000000043429446,1.6,100.0,0.12,13.18
-0.0149323714639817,0.008411696589027937,-0.06040108746275723,0.04084621115816146,0.3678320445894042,3.318063355842304,1.88,40.0,0.09,13.65
-0.03600717066908667,0.006586621085668454,0.01751554519205328,-0.001388232695216179,0.0,3.000000043429446,1.59,100.0,0.09,13.2
-0.03600717066908667,0.006586621085668454,0.01751554519205328,-0.001388232695216179,4.0,2.698970091194906,1.59,100.0,0.045,16.6
-0.03600717066908667,0.006586621085668454,0.01751554519205328,-0.001388232695216179,0.9026992977420334,2.908485072495249,1.59,90.0,0.11,14.6
-0.03600717066908667,0.006586621085668454,0.01751554519205328,-0.001388232695216179,4.0,2.301030212811168,1.6,100.0,0.16,17.4
-0.03600717066908667,0.006586621085668454,0.01751554519205328,-0.001388232695216179,0.6018428983557322,2.477121399484465,1.6,100.0,0.1,19.23
0.01495801894762426,0.01542494765749997,-0.0007357112892081006,-0.004616223218084806,0.6018428983557322,3.778151257621885,1.6,100.0,0.16,13.38
-0.03600717066908667,0.006586621085668454,0.01751554519205328,-0.001388232695216179,0.885549101782847,2.752048524685712,1.6,65.0,0.122,19.03
-0.03600717066908667,0.006586621085668454,0.01751554519205328,-0.001388232695216179,3.698970004336019,3.322219315414608,1.55,70.0,0.09,10.1
-0.03600717066908667,0.006586621085668454,0.01751554519205328,-0.001388232695216179,4.0,3.000000043429446,1.6,100.0,0.09,15.8
-0.03600717066908667,0.006586621085668454,0.01751554519205328,-0.001388232695216179,0.9538084319600062,3.000000043429446,1.6,100.0,0.096,12.1
-0.03600717066908667,0.006586621085668454,0.01751554519205328,-0.001388232695216179,0.6018428983557322,2.755874931864499,1.6,95.0,0.09,20.06
-0.03600717066908667,0.006586621085668454,0.01751554519205328,-0.001388232695216179,4.0,3.852784874775909,1.6,95.0,0.09,11.3
0.01519285890564475,0.01613689213021394,-0.0001681504279699043,-0.005518472658312402,0.6018428983557322,3.732393767865459,1.57,120.0,0.16,18.58
0.01048738180198483,-0.01236500729567984,0.02324921616876246,0.00217955937251081,0.6018428983557322,2.698970091194906,1.25,100.0,0.1,17.5
-0.03600717066908667,0.006586621085668454,0.01751554519205328,-0.001388232695216179,0.6018428983557322,3.000000043429446,1.6,100.0,0.1,15.86
-0.03600717066908667,0.006586621085668454,0.01751554519205328,-0.001388232695216179,4.0,3.33845651352637,1.8,60.0,0.045,11.55
-0.03600717066908667,0.006586621085668454,0.01751554519205328,-0.001388232695216179,0.0,3.000000043429446,1.59,100.0,0.1,12.49
-0.03600717066908667,0.006586621085668454,0.01751554519205328,-0.001388232695216179,0.0,3.000000043429446,1.6,100.0,0.1,10.73
0.01721810518888469,0.0186848135286511,0.001603863546475575,-0.005737676287139042,0.6018428983557322,3.778151257621885,1.56,100.0,0.16,17.74
-0.03600562255436168,0.006585262151843551,0.01751782781764756,-0.001410260912717985,1.991313820814907,3.380211259807209,1.55,120.0,0.09,11.5
-0.03600717066908667,0.006586621085668454,0.01751554519205328,-0.001388232695216179,3.698970004336019,3.322219315414608,1.6,70.0,0.09,13.34
0.01544903891867226,0.01645109586654739,-1.74087881978316e-05,-0.005818194363929405,0.6018428983557322,3.782472631332862,1.61,60.0,1.0,18.3
-0.03600717066908667,0.006586621085668454,0.01751554519205328,-0.001388232695216179,0.9538084319600062,2.301030212811168,1.6,100.0,0.1,17.78
-0.03600717066908667,0.006586621085668454,0.01751554519205328,-0.001388232695216179,0.3678320445894042,3.000000043429446,1.6,100.0,0.1,14.02
-0.03600717066908667,0.006586621085668454,0.01751554519205328,-0.001388232695216179,3.698970004336019,3.176091288008646,1.6,150.0,0.078,16.12
-0.0149323714639817,0.008411696589027937,-0.06040108746275723,0.04084621115816146,1.277842538821606,3.653212523426332,1.9,300.0,0.09,14.05
-0.03600717066908667,0.006586621085668454,0.01751554519205328,-0.001388232695216179,0.0,3.477121269196145,1.56,100.0,0.09,10.56
-0.03600717066908667,0.006586621085668454,0.01751554519205328,-0.001388232695216179,4.0,3.796574340148041,1.6,130.0,0.16,10.69
-0.03600717066908667,0.006586621085668454,0.01751554519205328,-0.001388232695216179,0.0,3.000000043429446,1.6,100.0,0.09,16.11
-0.03600717066908667,0.006586621085668454,0.01751554519205328,-0.001388232695216179,4.0,3.477121269196145,1.56,100.0,0.07,12.19
0.03005776304970446,0.02672802650017309,0.01134055436796627,0.001908825983798767,3.698970004336019,3.176091288008646,1.48,150.0,0.12,15.6
0.009728166341047718,0.01940384445269289,0.01041067695355533,-0.0003417404253111513,3.698970004336019,3.365488003610489,1.58,70.0,0.1,18.8
-0.03600717066908667,0.006586621085668454,0.01751554519205328,-0.001388232695216179,0.8856793095398042,3.000000043429446,1.57,100.0,0.07065,14.87
-0.03600717066908667,0.006586621085668454,0.01751554519205328,-0.001388232695216179,3.698970004336019,3.924279291232054,1.6,70.0,0.04,12.1
-0.03600717066908667,0.006586621085668454,0.01751554519205328,-0.001388232695216179,0.6018428983557322,2.477121399484465,1.6,100.0,0.1,18.09
-0.03600717066908667,0.006586621085668454,0.01751554519205328,-0.001388232695216179,0.0,3.255272529230777,1.6,90.0,0.1,14.11
-0.03600717066908667,0.006586621085668454,0.01751554519205328,-0.001388232695216179,0.9538084319600062,2.217484207422603,1.5,65.0,0.11,10.35
-0.03600717066908667,0.006586621085668454,0.01751554519205328,-0.001388232695216179,3.698970004336019,3.322219315414608,1.6,70.0,0.09,14.16
0.03005776304970446,0.02672802650017309,0.01134055436796627,0.001908825983798767,3.698970004336019,3.556302512831023,1.48,70.0,0.04,13.0
-0.03600717066908667,0.006586621085668454,0.01751554519205328,-0.001388232695216179,0.3678175731716691,3.000000043429446,1.58,100.0,0.1,16.39
-0.03600717066908667,0.006586621085668454,0.01751554519205328,-0.001388232695216179,0.0,2.698970091194906,1.6,100.0,0.1,12.72
-0.03600717066908667,0.006586621085668454,0.01751554519205328,-0.001388232695216179,4.0,3.954242514264819,1.6,100.0,0.15,15.21
-0.03600717066908667,0.006586621085668454,0.01751554519205328,-0.001388232695216179,4.0,3.643452686356516,1.6,110.0,0.104,10.68
-0.03600717066908667,0.006586621085668454,0.01751554519205328,-0.001388232695216179,3.698970004336019,3.431363780243968,1.6,70.0,0.15,15.2
0.01933242575396954,0.02231480873036768,0.004643821899996604,0.005342403923367957,0.9537650480648696,3.561101395580223,1.55,70.0,0.049,21.7
-0.03600717066908667,0.006586621085668454,0.01751554519205328,-0.001388232695216179,0.0,3.000000043429446,1.6,100.0,0.04,12.3
-0.03600717066908667,0.006586621085668454,0.01751554519205328,-0.001388232695216179,0.0,3.477121269196145,1.6,100.0,0.16,11.1
-0.03600717066908667,0.006586621085668454,0.01751554519205328,-0.001388232695216179,3.698970004336019,3.176091288008646,1.6,150.0,0.078,17.49
-0.03600717066908667,0.006586621085668454,0.01751554519205328,-0.001388232695216179,0.4769475716611976,3.477121269196145,1.6,100.0,0.1,18.01
-0.03600717066908667,0.006586621085668454,0.01751554519205328,-0.001388232695216179,3.698970004336019,3.653212523426332,1.6,70.0,0.13,11.53
-0.03600717066908667,0.006586621085668454,0.01751554519205328,-0.001388232695216179,0.9538084319600062,2.423246037821487,1.56,65.0,0.12,15.32
-0.03600717066908667,0.006586621085668454,0.01751554519205328,-0.001388232695216179,4.0,3.000000043429446,1.6,100.0,0.16,14.74
0.01586596518743356,0.01686664170492998,0.0006589531741733079,-0.002850760768683376,0.6018428983557322,3.778151257621885,1.61,100.0,0.1,10.15
0.01495801894762426,0.01542494765749997,-0.0007357112892081006,-0.004616223218084806,0.6018428983557322,3.778151257621885,1.6,100.0,0.16,15.9
0.02115246733572777,0.02099240964253258,0.004913153602382739,-0.003183273641000749,0.6018428983557322,3.176091288008646,1.5,100.0,0.11,15.7
-0.03600717066908667,0.006586621085668454,0.01751554519205328,-0.001388232695216179,3.698970004336019,3.306425048997328,1.6,135.0,0.108,14.9
-0.03600717066908667,0.006586621085668454,0.01751554519205328,-0.001388232695216179,0.0,3.000000043429446,1.6,100.0,0.0314,11.78
-0.03600717066908667,0.006586621085668454,0.01751554519205328,-0.001388232695216179,3.698970004336019,3.322219315414608,1.6,70.0,0.07,11.28
-0.03600717066908667,0.006586621085668454,0.01751554519205328,-0.001388232695216179,3.698970004336019,4.105510188176205,1.6,75.0,0.16,15.99
0.01543223250038279,0.01693691650159826,0.0008637094370783219,-0.004328264419567483,0.6018428983557322,2.698970091194906,1.6,100.0,0.0916,19.3
-0.03600717066908667,0.006586621085668454,0.01751554519205328,-0.001388232695216179,0.6018428983557322,2.342422878228744,1.6,60.0,0.09,18.05
-0.03600717066908667,0.006586621085668454,0.01751554519205328,-0.001388232695216179,0.9538084319600062,2.698970091194906,1.6,100.0,0.01,15.98
-0.03600717066908667,0.006586621085668454,0.01751554519205328,-0.001388232695216179,0.6018428983557322,3.021189340431315,1.6,105.0,0.09,14.7
0.01721810518888469,0.0186848135286511,0.001603863546475575,-0.005737676287139042,0.6018428983557322,3.740362697390507,1.61,150.0,0.1,19.33
-0.03600717066908667,0.006586621085668454,0.01751554519205328,-0.001388232695216179,0.0,2.698970091194906,1.6,100.0,0.0177,11.38
-0.03600717066908667,0.006586621085668454,0.01751554519205328,-0.001388232695216179,0.6018428983557322,2.857332556749942,1.61,90.0,1.0,17.49
-0.03600717066908667,0.006586621085668454,0.01751554519205328,-0.001388232695216179,0.0,3.301030017378705,1.6,100.0,0.11,11.0
-0.03600717066908667,0.006586621085668454,0.01751554519205328,-0.001388232695216179,0.9538084319600062,3.000000043429446,1.6,100.0,0.1,18.0
-0.03600717066908667,0.006586621085668454,0.01751554519205328,-0.001388232695216179,4.0,4.158362495111183,1.6,100.0,0.000725,10.06
-0.03600717066908667,0.006586621085668454,0.01751554519205328,-0.001388232695216179,-1.040326494084594,2.724275951543136,1.624,65.0,0.09,14.39
-0.03600717066908667,0.006586621085668454,0.01751554519205328,-0.001388232695216179,3.698970004336019,2.90309004127875,1.6,80.0,0.12,14.8
-0.03600717066908667,0.006586621085668454,0.01751554519205328,-0.001388232695216179,4.0,3.000000043429446,1.6,100.0,0.0813,13.28
-0.03600717066908667,0.006586621085668454,0.01751554519205328,-0.001388232695216179,4.0,3.875061269182293,1.58,100.0,0.07,11.3
-0.03600717066908667,0.006586621085668454,0.01751554519205328,-0.001388232695216179,0.9538084319600062,3.000000043429446,1.6,100.0,0.09,18.75
-0.03600717066908667,0.006586621085668454,0.01751554519205328,-0.001388232695216179,0.9538084319600062,3.477121269196145,1.6,100.0,0.142,14.74
-0.03600717066908667,0.006586621085668454,0.01751554519205328,-0.001388232695216179,4.0,2.653212610285218,1.6,90.0,0.055,15.37
-0.03600717066908667,0.006586621085668454,0.01751554519205328,-0.001388232695216179,4.0,3.000000043429446,1.6,100.0,0.1,10.17
-0.03600717066908667,0.006586621085668454,0.01751554519205328,-0.001388232695216179,0.6018428983557322,3.579783608045612,1.6,95.0,0.1,17.64
-0.03600717066908667,0.006586621085668454,0.01751554519205328,-0.001388232695216179,0.9538084319600062,2.667453046286607,1.6,65.0,0.0177,14.7
-0.03600717066908667,0.006586621085668454,0.01751554519205328,-0.001388232695216179,0.3678320445894042,3.107210003577123,1.6,70.0,0.1,17.94
-0.03600717066908667,0.006586621085668454,0.01751554519205328,-0.001388232695216179,4.0,3.845098046218464,1.6,100.0,0.04,13.09
-0.03600717066908667,0.006586621085668454,0.01751554519205328,-0.001388232695216179,4.0,3.954242514264819,1.59,100.0,0.0625,14.95
0.03005776304970446,0.02672802650017309,0.01134055436796627,0.001908825983798767,0.6018428983557322,3.653212523426332,1.48,150.0,0.09,18.87
-0.03600717066908667,0.006586621085668454,0.01751554519205328,-0.001388232695216179,0.8856793095398042,2.423246037821487,1.57,65.0,0.125,18.3
-0.03600717066908667,0.006586621085668454,0.01751554519205328,-0.001388232695216179,0.9538084319600062,3.049218061446473,1.6,60.0,0.08,17.75
-0.03600717066908667,0.006586621085668454,0.01751554519205328,-0.001388232695216179,0.9538084319600062,3.000000043429446,1.6,100.0,0.04,14.21
0.02426906489205793,0.02313763566186687,0.006017879679301838,0.001700746796246778,0.6018428983557322,2.204120254089891,1.54,80.0,0.058,17.38
-0.03600717066908667,0.006586621085668454,0.01751554519205328,-0.001388232695216179,4.0,4.033423759508195,1.6,90.0,0.06,15.2
-0.03600717066908667,0.006586621085668454,0.01751554519205328,-0.001388232695216179,4.0,3.778151257621885,1.6,100.0,0.09,10.8
0.009728166341047718,0.01940384445269289,0.01041067695355533,-0.0003417404253111513,3.698970004336019,3.365488003610489,1.58,70.0,0.1,17.4
-0.03600562255436168,0.006585262151843551,0.01751782781764756,-0.001410260912717985,4.0,3.301030017378705,1.55,100.0,0.1,13.2
-0.03600717066908667,0.006586621085668454,0.01751554519205328,-0.001388232695216179,0.7778473505988311,3.000000043429446,1.6,100.0,0.12,11.32
-0.03600717066908667,0.006586621085668454,0.01751554519205328,-0.001388232695216179,3.698970004336019,4.103803724375599,1.59,70.0,0.1,14.14
-0.03600717066908667,0.006586621085668454,0.01751554519205328,-0.001388232695216179,0.3678175731716691,3.494154607938138,1.6,40.0,0.1,16.66
-0.03600717066908667,0.006586621085668454,0.01751554519205328,-0.001388232695216179,0.9537650480648696,3.477121269196145,1.56,100.0,0.1,12.07
-0.03600717066908667,0.006586621085668454,0.01751554519205328,-0.001388232695216179,4.0,2.628389032237236,1.5,85.0,0.009,11.61
-0.03600562255436168,0.006585262151843551,0.01751782781764756,-0.001410260912717985,3.698970004336019,3.000000043429446,1.55,100.0,0.1,11.55
-0.03600717066908667,0.006586621085668454,0.01751554519205328,-0.001388232695216179,3.698970004336019,3.498310567576727,1.6,75.0,0.1031,17.11
-0.03600717066908667,0.006586621085668454,0.01751554519205328,-0.001388232695216179,0.0,2.301030212811168,1.6,100.0,0.115,11.76
0.03005776304970446,0.02672802650017309,0.01134055436796627,0.001908825983798767,3.942008053022313,3.477121269196145,1.526,150.0,0.09,20.77
-0.03600717066908667,0.006586621085668454,0.01751554519205328,-0.001388232695216179,3.698970004336019,3.778151257621885,1.6,100.0,0.075,16.9
-0.03600717066908667,0.006586621085668454,0.01751554519205328,-0.001388232695216179,4.0,3.000000043429446,1.6,100.0,0.04,13.46
-0.03600717066908667,0.006586621085668454,0.01751554519205328,-0.001388232695216179,4.0,3.778151257621885,1.6,100.0,0.04,15.4
0.02790962296212144,0.02625093142065337,0.008624740481725207,0.004809183415632299,0.6018428983557322,3.477121269196145,1.61,100.0,0.1017,18.28
-0.03600717066908667,0.006586621085668454,0.01751554519205328,-0.001388232695216179,4.0,3.000000043429446,1.6,100.0,0.1,15.61
0.02426906489205793,0.02313763566186687,0.006017879679301838,0.001700746796246778,0.6018428983557322,3.064458026666096,1.54,80.0,0.058,15.29
-0.03600717066908667,0.006586621085668454,0.01751554519205328,-0.001388232695216179,4.0,2.698970091194906,1.59,100.0,0.1,10.11
-0.03600717066908667,0.006586621085668454,0.01751554519205328,-0.001388232695216179,0.0,3.518513953038326,1.6,110.0,0.09,16.0
-0.03600717066908667,0.006586621085668454,0.01751554519205328,-0.001388232695216179,3.698970004336019,4.033423759508195,1.6,90.0,0.098,15.99
-0.03600717066908667,0.006586621085668454,0.01751554519205328,-0.001388232695216179,4.0,3.000000043429446,1.6,100.0,0.16,13.2
-0.03600717066908667,0.006586621085668454,0.01751554519205328,-0.001388232695216179,4.0,2.477121399484465,1.57,100.0,0.1,12.34
-0.03600717066908667,0.006586621085668454,0.01751554519205328,-0.001388232695216179,0.8746922698821168,2.301030212811168,1.59,100.0,0.1,14.4
-0.03600717066908667,0.006586621085668454,0.01751554519205328,-0.001388232695216179,4.0,3.653212523426332,1.6,100.0,0.01,11.07
-0.03600717066908667,0.006586621085668454,0.01751554519205328,-0.001388232695216179,4.0,3.778151257621885,1.6,100.0,0.045,13.27
0.02247626753248053,0.01898513275623157,-0.0008990819477338892,0.0005207531829390315,0.6018428983557322,3.763428001050773,1.6,145.0,0.125,17.45
-0.03600717066908667,0.006586621085668454,0.01751554519205328,-0.001388232695216179,0.6018428983557322,2.755874931864499,1.6,95.0,0.09,19.36
-0.03600717066908667,0.006586621085668454,0.01751554519205328,-0.001388232695216179,0.9995225386255447,2.477121399484465,1.6,100.0,0.1,18.82
-0.03600717066908667,0.006586621085668454,0.01751554519205328,-0.001388232695216179,0.6018428983557322,3.000000043429446,1.5,100.0,0.16,18.8
-0.03600717066908667,0.006586621085668454,0.01751554519205328,-0.001388232695216179,4.0,2.653212610285218,1.6,90.0,0.055,15.7
-0.03600717066908667,0.006586621085668454,0.01751554519205328,-0.001388232695216179,3.9128498242811,2.113943686379387,1.61,65.0,0.1,15.2
-0.03600717066908667,0.006586621085668454,0.01751554519205328,-0.001388232695216179,0.885549101782847,2.752048524685712,1.6,65.0,0.122,18.2
-0.03600717066908667,0.006586621085668454,0.01751554519205328,-0.001388232695216179,4.0,3.755874863291693,1.6,65.0,0.04,14.6
-0.03600717066908667,0.006586621085668454,0.01751554519205328,-0.001388232695216179,4.0,2.90309004127875,1.6,80.0,0.1,19.9
-0.03600717066908667,0.006586621085668454,0.01751554519205328,-0.001388232695216179,0.0,3.176091288008646,1.6,100.0,0.1,12.98
-0.03600717066908667,0.006586621085668454,0.01751554519205328,-0.001388232695216179,4.0,3.643452686356516,1.6,110.0,0.1,12.95
-0.03600717066908667,0.006586621085668454,0.01751554519205328,-0.001388232695216179,0.0,3.301030017378705,1.6,100.0,0.07,11.84
-0.03600717066908667,0.006586621085668454,0.01751554519205328,-0.001388232695216179,3.698970004336019,2.602060099901569,1.6,80.0,0.04,15.4
0.01682413853848163,0.004969718713283998,-0.01220806491518252,-0.0175937452876865,0.6018428983557322,3.477121269196145,1.74,100.0,0.049,19.1
0.03005776304970446,0.02672802650017309,0.01134055436796627,0.001908825983798767,0.0,3.653212523426332,1.48,150.0,0.1,12.59
-0.03600717066908667,0.006586621085668454,0.01751554519205328,-0.001388232695216179,0.3678320445894042,3.454844875246913,1.6,95.0,0.1,16.1
-0.03600717066908667,0.006586621085668454,0.01751554519205328,-0.001388232695216179,4.0,2.698970091194906,1.6,100.0,0.102,16.92
-0.03600717066908667,0.006586621085668454,0.01751554519205328,-0.001388232695216179,4.0,3.000000043429446,1.6,100.0,0.09,16.23
-0.03600717066908667,0.006586621085668454,0.01751554519205328,-0.001388232695216179,4.0,3.000000043429446,1.6,100.0,0.16,13.13
-0.03600717066908667,0.006586621085668454,0.01751554519205328,-0.001388232695216179,3.698970004336019,3.477121269196145,1.59,150.0,0.075,19.36
-0.03600562255436168,0.006585262151843551,0.01751782781764756,-0.001410260912717985,4.0,4.255272507516053,1.55,100.0,0.1,14.48
-0.03600717066908667,0.006586621085668454,0.01751554519205328,-0.001388232695216179,3.698970004336019,3.322219315414608,1.55,70.0,0.09,12.8
-0.01981353144789139,-0.001523731190688502,0.01221279806990617,0.007504051997490713,0.9538084319600062,3.000000043429446,1.65,100.0,0.08,16.0
-0.03600717066908667,0.006586621085668454,0.01751554519205328,-0.001388232695216179,0.0,3.000000043429446,1.6,100.0,0.09,14.56
-0.03600717066908667,0.006586621085668454,0.01751554519205328,-0.001388232695216179,0.0,3.176091288008646,1.6,100.0,0.125,11.5
-0.03600717066908667,0.006586621085668454,0.01751554519205328,-0.001388232695216179,4.0,3.778151257621885,1.5,100.0,0.1,14.48
0.03005776304970446,0.02672802650017309,0.01134055436796627,0.001908825983798767,0.9995225386255447,3.176091288008646,1.48,100.0,0.1,14.01
-0.03600717066908667,0.006586621085668454,0.01751554519205328,-0.001388232695216179,0.7792917234925025,3.414973364674452,1.6,130.0,0.14,16.52
-0.03600717066908667,0.006586621085668454,0.01751554519205328,-0.001388232695216179,0.6018428983557322,3.021189340431315,1.6,105.0,0.09,15.41
-0.009523016197279036,0.01305912838754589,0.01273952487941118,-0.001621260169321354,0.0,3.414973364674452,1.56,130.0,0.0754,15.6
-0.03600717066908667,0.006586621085668454,0.01751554519205328,-0.001388232695216179,0.9538084319600062,2.477121399484465,1.6,100.0,0.1,12.32
-0.03600717066908667,0.006586621085668454,0.01751554519205328,-0.001388232695216179,0.8856793095398042,2.477121399484465,1.6,100.0,0.12,10.79
-0.03600717066908667,0.006586621085668454,0.01751554519205328,-0.001388232695216179,4.0,3.000000043429446,1.6,100.0,0.1,14.6
-0.03600717066908667,0.006586621085668454,0.01751554519205328,-0.001388232695216179,0.9538084319600062,3.021189340431315,1.6,50.0,0.09,18.7
-0.03600717066908667,0.006586621085668454,0.01751554519205328,-0.001388232695216179,0.0,3.000000043429446,1.63,100.0,0.1,15.92
-0.03600717066908667,0.006586621085668454,0.01751554519205328,-0.001388232695216179,3.698970004336019,3.562292876354953,1.6,70.0,0.15,15.0
-0.03600717066908667,0.006586621085668454,0.01751554519205328,-0.001388232695216179,4.0,2.954242557694265,1.6,90.0,0.08,19.2
-0.03600717066908667,0.006586621085668454,0.01751554519205328,-0.001388232695216179,4.0,3.397940026043817,1.6,100.0,0.4,18.5
-0.03600717066908667,0.006586621085668454,0.01751554519205328,-0.001388232695216179,0.9994791590638145,3.477121269196145,1.6,100.0,0.04,14.48
-0.03600717066908667,0.006586621085668454,0.01751554519205328,-0.001388232695216179,0.0,3.000000043429446,1.6,100.0,1.017,18.3
-0.03600717066908667,0.006586621085668454,0.01751554519205328,-0.001388232695216179,4.0,3.623249300738245,1.5,105.0,0.09,16.09
-0.02443316539667051,0.002715823070317745,0.009411719523545234,-0.00975170623347884,3.903089986991944,3.000000043429446,1.53,100.0,0.096,15.5
-0.03600717066908667,0.006586621085668454,0.01751554519205328,-0.001388232695216179,0.0,3.000000043429446,1.5,100.0,0.0725,16.3
-0.03600717066908667,0.006586621085668454,0.01751554519205328,-0.001388232695216179,4.0,3.698970013021909,1.6,100.0,0.1,10.68
0.02426906489205793,0.02313763566186687,0.006017879679301838,0.001700746796246778,0.6018428983557322,2.204120254089891,1.54,80.0,0.058,20.07
-0.03600717066908667,0.006586621085668454,0.01751554519205328,-0.001388232695216179,0.0,2.698970091194906,1.6,100.0,0.36,12.95
-0.03600717066908667,0.006586621085668454,0.01751554519205328,-0.001388232695216179,3.698970004336019,3.623249300738245,1.6,70.0,0.1,11.92
-0.0149323714639817,0.008411696589027937,-0.06040108746275723,0.04084621115816146,0.3008997268587542,2.698970091194906,1.91,100.0,0.1,10.43
0.03005776304970446,0.02672802650017309,0.01134055436796627,0.001908825983798767,0.0,2.623249393801336,1.48,60.0,0.05,18.69
-0.03600717066908667,0.006586621085668454,0.01751554519205328,-0.001388232695216179,0.3678320445894042,2.698970091194906,1.6,100.0,0.1,14.14
-0.03600717066908667,0.006586621085668454,0.01751554519205328,-0.001388232695216179,0.0,3.477121269196145,1.56,100.0,0.09,13.53
-0.03600717066908667,0.006586621085668454,0.01751554519205328,-0.001388232695216179,4.0,3.778151257621885,1.6,100.0,0.0725,12.8
-0.03600717066908667,0.006586621085668454,0.01751554519205328,-0.001388232695216179,4.0,2.698970091194906,1.6,100.0,0.102,17.11
0.01778600541996396,0.01848995931380968,0.001695471363859047,-0.003010246705438908,0.6018428983557322,3.698970013021909,1.6,100.0,0.11,19.2
-0.03600717066908667,0.006586621085668454,0.01751554519205328,-0.001388232695216179,0.9538084319600062,3.000000043429446,1.6,100.0,0.1,13.2
-0.03600717066908667,0.006586621085668454,0.01751554519205328,-0.001388232695216179,3.698970004336019,2.90309004127875,1.6,80.0,0.12,15.48
-0.03600717066908667,0.006586621085668454,0.01751554519205328,-0.001388232695216179,4.0,2.698970091194906,1.6,100.0,0.09,13.7
0.0152120300891636,0.0164396810863263,0.0002930446589891751,-0.00499373737471356,0.6018428983557322,3.778151257621885,1.6,100.0,0.1,18.79
-0.03600717066908667,0.006586621085668454,0.01751554519205328,-0.001388232695216179,4.0,3.000000043429446,1.6,100.0,0.13,14.15
-0.03600717066908667,0.006586621085668454,0.01751554519205328,-0.001388232695216179,0.9994791590638145,3.477121269196145,1.6,100.0,0.04,14.57
-0.03600717066908667,0.006586621085668454,0.01751554519205328,-0.001388232695216179,0.6018428983557322,2.755874931864499,1.6,95.0,0.09,16.96
-0.03600717066908667,0.006586621085668454,0.01751554519205328,-0.001388232695216179,0.0,3.000000043429446,1.6,100.0,0.1,13.21
-0.03600717066908667,0.006586621085668454,0.01751554519205328,-0.001388232695216179,4.0,3.852784874775909,1.6,95.0,0.09,12.76
-0.03600717066908667,0.006586621085668454,0.01751554519205328,-0.001388232695216179,2.920818753952375,3.301030017378705,1.6,100.0,0.08,14.2
-0.03600717066908667,0.006586621085668454,0.01751554519205328,-0.001388232695216179,0.9538084319600062,3.049218061446473,1.6,60.0,0.09,18.0
0.02343778530187953,0.02472049597672762,0.01157481016671319,0.00180131108451101,0.9538084319600062,3.487138389623587,1.525,70.0,0.0887,20.59
-0.03600717066908667,0.006586621085668454,0.01751554519205328,-0.001388232695216179,4.0,3.000000043429446,1.6,100.0,0.04,20.1
-0.03600717066908667,0.006586621085668454,0.01751554519205328,-0.001388232695216179,3.698970004336019,2.602060099901569,1.6,80.0,0.04,15.57
-0.01821871967963404,-0.003415339715566656,0.01188834575343447,0.007905245819103334,4.0,2.477121399484465,1.6,50.0,0.1,14.8
-0.03600717066908667,0.006586621085668454,0.01751554519205328,-0.001388232695216179,3.698970004336019,3.322219315414608,1.6,70.0,0.1,14.57
-0.03600717066908667,0.006586621085668454,0.01751554519205328,-0.001388232695216179,4.0,3.176091288008646,1.6,100.0,0.09,14.8
-0.03600717066908667,0.006586621085668454,0.01751554519205328,-0.001388232695216179,4.0,4.079181249666745,1.6,100.0,0.0314,15.8
-0.03600717066908667,0.006586621085668454,0.01751554519205328,-0.001388232695216179,3.698970004336019,2.977723651004054,1.6,95.0,0.09,15.2
-0.03600717066908667,0.006586621085668454,0.01751554519205328,-0.001388232695216179,4.0,2.698970091194906,1.6,100.0,0.1,15.36
0.03005776304970446,0.02672802650017309,0.01134055436796627,0.001908825983798767,3.942008053022313,3.477121269196145,1.523,150.0,0.09,19.25
0.03005776304970446,0.02672802650017309,0.01134055436796627,0.001908825983798767,4.0,3.352182537413339,1.57,150.0,0.1,11.44
-0.03600717066908667,0.006586621085668454,0.01751554519205328,-0.001388232695216179,0.0,2.90309004127875,1.6,80.0,0.1,12.4
-0.03600717066908667,0.006586621085668454,0.01751554519205328,-0.001388232695216179,3.698970004336019,3.623249300738245,1.6,70.0,0.07,17.05
-0.03600717066908667,0.006586621085668454,0.01751554519205328,-0.001388232695216179,3.698970004336019,2.90309004127875,1.6,80.0,0.12,14.73
-0.03600717066908667,0.006586621085668454,0.01751554519205328,-0.001388232695216179,0.6018428983557322,3.000000043429446,1.6,100.0,0.1,10.2
0.01644373079134757,0.01755520503000308,0.0007363574737462997,-0.004068594509731695,0.6018428983557322,3.000000043429446,1.58,100.0,0.1,16.88
-0.02776892529070076,0.008881873053756564,0.01638872520336728,-0.0007872810090384391,0.0,3.113943385714103,1.55,130.0,0.15,18.01
0.01595086659036125,0.01715179071264882,0.0007689970839751136,-0.004302643624446361,0.6018428983557322,3.342422700562864,1.59,110.0,1.0,19.5
-0.03600717066908667,0.006586621085668454,0.01751554519205328,-0.001388232695216179,4.0,3.301030017378705,1.55,100.0,0.16,13.99
0.02426906489205793,0.02313763566186687,0.006017879679301838,0.001700746796246778,0.6018428983557322,2.204120254089891,1.54,80.0,0.058,20.13
-0.03600717066908667,0.006586621085668454,0.01751554519205328,-0.001388232695216179,0.3678320445894042,2.698970091194906,1.6,100.0,0.096,16.5
-0.03600717066908667,0.006586621085668454,0.01751554519205328,-0.001388232695216179,3.698970004336019,3.903089992420624,1.6,100.0,0.1,11.1
0.01725159014725069,0.01767724884070695,4.444345248363339e-05,-0.007976248404356711,0.6018428983557322,3.531478929815622,1.64,85.0,0.09,15.15
-0.03600717066908667,0.006586621085668454,0.01751554519205328,-0.001388232695216179,3.698970004336019,3.000000043429446,1.6,100.0,0.0707,15.12
-0.03600717066908667,0.006586621085668454,0.01751554519205328,-0.001388232695216179,4.0,3.13987911787185,1.6,60.0,0.1,10.93
-0.03600717066908667,0.006586621085668454,0.01751554519205328,-0.001388232695216179,-0.6021142747455573,3.000000043429446,1.6,100.0,0.2,17.32
-0.03600717066908667,0.006586621085668454,0.01751554519205328,-0.001388232695216179,0.3678320445894042,3.000000043429446,1.6,100.0,0.1,15.65
-0.03600717066908667,0.006586621085668454,0.01751554519205328,-0.001388232695216179,0.3008997268587542,3.000000043429446,1.6,100.0,0.104,11.75
-0.03339093434159668,0.0007069358232576618,0.01721627169060837,-0.00318188071637878,0.0,3.000000043429446,1.55,100.0,0.09,19.89
0.02790962296212144,0.02625093142065337,0.008624740481725207,0.004809183415632299,0.6018428983557322,3.477121269196145,1.61,100.0,0.1017,14.6
-0.03600717066908667,0.006586621085668454,0.01751554519205328,-0.001388232695216179,0.0,3.653212523426332,1.55,100.0,0.16,14.64
-0.03600717066908667,0.006586621085668454,0.01751554519205328,-0.001388232695216179,4.0,4.225309284310949,1.6,20.0,0.045,10.12
-0.03600717066908667,0.006586621085668454,0.01751554519205328,-0.001388232695216179,0.8447507433288933,2.9845273583484,1.6,65.0,0.1,17.06
-0.03600717066908667,0.006586621085668454,0.01751554519205328,-0.001388232695216179,0.6018428983557322,3.000000043429446,1.6,100.0,0.01,16.8
0.01648594219054154,0.01698886881153151,0.0004376842611423088,-0.001396023088733201,0.6018428983557322,3.653212523426332,1.58,100.0,0.16,14.3
0.02477534379536052,0.0251130772134741,0.01152687453299924,0.001822822911016522,0.9537650480648696,3.365488003610489,1.55,70.0,0.07,21.48
-0.03600717066908667,0.006586621085668454,0.01751554519205328,-0.001388232695216179,0.0,3.000000043429446,1.63,100.0,0.1,15.55
-0.03600562255436168,0.006585262151843551,0.01751782781764756,-0.001410260912717985,4.0,4.255272507516053,1.55,100.0,0.1,15.2
-0.03600717066908667,0.006586621085668454,0.01751554519205328,-0.001388232695216179,4.0,3.778151257621885,1.6,100.0,0.16,12.5
-0.03600717066908667,0.006586621085668454,0.01751554519205328,-0.001388232695216179,0.6018428983557322,2.755874931864499,1.6,95.0,0.09,18.97
-0.03600717066908667,0.006586621085668454,0.01751554519205328,-0.001388232695216179,0.0,3.000000043429446,1.6,100.0,0.1,10.5
-0.03600717066908667,0.006586621085668454,0.01751554519205328,-0.001388232695216179,4.0,2.301030212811168,1.6,100.0,0.096,17.7
-0.03600717066908667,0.006586621085668454,0.01751554519205328,-0.001388232695216179,4.0,3.000000043429446,1.6,100.0,0.1,13.66
-0.03600717066908667,0.006586621085668454,0.01751554519205328,-0.001388232695216179,0.0,2.698970091194906,1.6,100.0,0.0177,11.8
-0.03600717066908667,0.006586621085668454,0.01751554519205328,-0.001388232695216179,3.698970004336019,2.90309004127875,1.6,80.0,0.096,13.0
-0.03600717066908667,0.006586621085668454,0.01751554519205328,-0.001388232695216179,3.698970004336019,3.778151257621885,1.6,100.0,0.096,14.2
-0.03600717066908667,0.006586621085668454,0.01751554519205328,-0.001388232695216179,3.698970004336019,4.103803724375599,1.5,70.0,0.045,13.97
-0.03600717066908667,0.006586621085668454,0.01751554519205328,-0.001388232695216179,0.9538084319600062,2.301030212811168,1.57,100.0,0.06,11.19
-0.03600717066908667,0.006586621085668454,0.01751554519205328,-0.001388232695216179,0.3678320445894042,2.698970091194906,1.6,100.0,0.096,12.13
-0.03600717066908667,0.006586621085668454,0.01751554519205328,-0.001388232695216179,4.0,3.397940026043817,1.59,100.0,0.04,14.41
-0.03600717066908667,0.006586621085668454,0.01751554519205328,-0.001388232695216179,4.0,3.544068056758689,1.6,100.0,0.06,16.0
-0.03600717066908667,0.006586621085668454,0.01751554519205328,-0.001388232695216179,3.778151250383644,3.021189340431315,1.6,105.0,0.1,17.57
-0.03600717066908667,0.006586621085668454,0.01751554519205328,-0.001388232695216179,4.0,2.301030212811168,1.6,100.0,0.06,11.4
-0.03600717066908667,0.006586621085668454,0.01751554519205328,-0.001388232695216179,0.953374787908098,2.845098102056321,1.5,70.0,0.08,11.25
-0.03600717066908667,0.006586621085668454,0.01751554519205328,-0.001388232695216179,4.0,3.000000043429446,1.6,100.0,0.09,16.5
-0.03600717066908667,0.006586621085668454,0.01751554519205328,-0.001388232695216179,0.0,3.000000043429446,1.6,100.0,0.05,17.3
-0.03600717066908667,0.006586621085668454,0.01751554519205328,-0.001388232695216179,3.698970004336019,3.049218061446473,1.6,40.0,0.1,15.01
-0.03600717066908667,0.006586621085668454,0.01751554519205328,-0.001388232695216179,0.0,3.000000043429446,1.61,100.0,0.1,17.6
-0.03600717066908667,0.006586621085668454,0.01751554519205328,-0.001388232695216179,4.0,3.000000043429446,1.6,100.0,0.16,11.0
-0.03600717066908667,0.006586621085668454,0.01751554519205328,-0.001388232695216179,3.698970004336019,3.306425048997328,1.6,135.0,0.108,13.6
-0.03600717066908667,0.006586621085668454,0.01751554519205328,-0.001388232695216179,3.698970004336019,4.103803724375599,1.5,70.0,0.045,14.34
0.01495801894762426,0.01542494765749997,-0.0007357112892081006,-0.004616223218084806,0.6018428983557322,3.778151257621885,1.6,100.0,0.16,11.95
-0.03600717066908667,0.006586621085668454,0.01751554519205328,-0.001388232695216179,0.0,3.602060002185324,1.6,100.0,0.16,18.61
-0.03600717066908667,0.006586621085668454,0.01751554519205328,-0.001388232695216179,1.991313820814907,3.000000043429446,1.6,100.0,0.077,14.33
-0.03600717066908667,0.006586621085668454,0.01751554519205328,-0.001388232695216179,0.9538084319600062,2.9845273583484,1.6,65.0,0.125,15.64
-0.03600717066908667,0.006586621085668454,0.01751554519205328,-0.001388232695216179,3.698970004336019,3.301030017378705,1.6,100.0,0.12,10.9
-0.03600717066908667,0.006586621085668454,0.01751554519205328,-0.001388232695216179,4.0,4.103803724375599,1.6,70.0,0.045,11.45
-0.03600717066908667,0.006586621085668454,0.01751554519205328,-0.001388232695216179,3.698970004336019,4.103803724375599,1.59,70.0,0.1,11.74
-0.03600717066908667,0.006586621085668454,0.01751554519205328,-0.001388232695216179,0.9538084319600062,2.423246037821487,1.56,65.0,1.4,10.94
-0.03600717066908667,0.006586621085668454,0.01751554519205328,-0.001388232695216179,0.0,3.000000043429446,1.6,100.0,0.16,17.92
-0.03600717066908667,0.006586621085668454,0.01751554519205328,-0.001388232695216179,0.0,3.556302512831023,1.6,120.0,1.0,10.38
-0.03600717066908667,0.006586621085668454,0.01751554519205328,-0.001388232695216179,0.6018428983557322,2.342422878228744,1.5,60.0,0.09,15.93
-0.03600717066908667,0.006586621085668454,0.01751554519205328,-0.001388232695216179,0.9995225386255447,3.477121269196145,1.55,100.0,0.12,17.9
-0.03600717066908667,0.006586621085668454,0.01751554519205328,-0.001388232695216179,1.090501795734864,3.000000043429446,1.6,100.0,0.12,14.13
-0.03600717066908667,0.006586621085668454,0.01751554519205328,-0.001388232695216179,0.0,2.301030212811168,1.6,100.0,0.115,14.79
-0.03600717066908667,0.006586621085668454,0.01751554519205328,-0.001388232695216179,0.0,3.778151257621885,1.6,100.0,0.1,13.45
-0.03600717066908667,0.006586621085668454,0.01751554519205328,-0.001388232695216179,4.0,4.056904855146073,1.6,95.0,0.16,18.8
0.01570202896057713,0.01685092012955507,0.000592627276002662,-0.004006531089992674,0.6018428983557322,3.778151257621885,1.56,100.0,0.105,21.3
-0.03600717066908667,0.006586621085668454,0.01751554519205328,-0.001388232695216179,3.698970004336019,4.033423759508195,1.6,90.0,0.098,17.56
-0.03600717066908667,0.006586621085668454,0.01751554519205328,-0.001388232695216179,0.0,3.000000043429446,1.585,100.0,0.1024,15.16
-0.03600717066908667,0.006586621085668454,0.01751554519205328,-0.001388232695216179,0.6018428983557322,3.176091288008646,1.59,100.0,0.0919,14.8
-0.03600717066908667,0.006586621085668454,0.01751554519205328,-0.001388232695216179,4.0,4.182557304157422,1.6,25.0,0.0919,17.3
-0.03600717066908667,0.006586621085668454,0.01751554519205328,-0.001388232695216179,3.698970004336019,3.487138389623587,1.5,70.0,0.1,15.97
-0.03600717066908667,0.006586621085668454,0.01751554519205328,-0.001388232695216179,0.7792917234925025,3.414973364674452,1.6,130.0,0.14,17.77
-0.03600717066908667,0.006586621085668454,0.01751554519205328,-0.001388232695216179,4.0,3.845098046218464,1.6,100.0,0.04,11.17
-0.03600717066908667,0.006586621085668454,0.01751554519205328,-0.001388232695216179,4.0,3.000000043429446,1.6,100.0,0.1,12.23
0.01645883749703963,0.01736343104815911,0.0006842880231336526,-0.004232850881524671,0.9538084319600062,3.000000043429446,1.6,100.0,0.06,18.34
-0.03600717066908667,0.006586621085668454,0.01751554519205328,-0.001388232695216179,3.698970004336019,3.498310567576727,1.6,70.0,0.16,13.35
-0.03600717066908667,0.006586621085668454,0.01751554519205328,-0.001388232695216179,2.920818753952375,3.301030017378705,1.6,100.0,0.08,11.7
-0.03600717066908667,0.006586621085668454,0.01751554519205328,-0.001388232695216179,0.6018428983557322,3.477121269196145,1.6,100.0,0.09,19.0
-0.03600717066908667,0.006586621085668454,0.01751554519205328,-0.001388232695216179,4.0,4.079181249666745,1.6,100.0,0.1,12.2
-0.03600717066908667,0.006586621085668454,0.01751554519205328,-0.001388232695216179,0.9538084319600062,3.477121269196145,1.6,100.0,0.08,13.15
-0.03600717066908667,0.006586621085668454,0.01751554519205328,-0.001388232695216179,3.698970004336019,3.000000043429446,1.6,100.0,0.0707,13.58
0.03005776304970446,0.02672802650017309,0.01134055436796627,0.001908825983798767,3.397940008672037,3.770115302160522,1.48,25.0,0.12,12.8
-0.03600717066908667,0.006586621085668454,0.01751554519205328,-0.001388232695216179,0.6018428983557322,2.755874931864499,1.6,95.0,0.09,16.18
0.03005776304970446,0.02672802650017309,0.01134055436796627,0.001908825983798767,0.6018428983557322,3.763428001050773,1.48,145.0,0.125,14.36
-0.03600717066908667,0.006586621085668454,0.01751554519205328,-0.001388232695216179,0.6018428983557322,2.342422878228744,1.6,60.0,0.09,16.93
-0.03600717066908667,0.006586621085668454,0.01751554519205328,-0.001388232695216179,3.698970004336019,3.653212523426332,1.6,100.0,0.09,15.7
-0.03600717066908667,0.006586621085668454,0.01751554519205328,-0.001388232695216179,0.3678320445894042,3.113943385714103,1.6,60.0,0.07,11.8
-0.03600717066908667,0.006586621085668454,0.01751554519205328,-0.001388232695216179,0.6018428983557322,2.755874931864499,1.6,95.0,0.09,18.99
-0.03600717066908667,0.006586621085668454,0.01751554519205328,-0.001388232695216179,4.0,3.000000043429446,1.5,100.0,0.045,10.04
-0.03600717066908667,0.006586621085668454,0.01751554519205328,-0.001388232695216179,0.9124512459397834,3.954242514264819,1.6,100.0,0.1,19.3
-0.03600717066908667,0.006586621085668454,0.01751554519205328,-0.001388232695216179,3.698970004336019,3.000000043429446,1.6,100.0,0.075,17.44
-0.03600717066908667,0.006586621085668454,0.01751554519205328,-0.001388232695216179,4.0,3.477121269196145,1.6,100.0,0.07,11.4
-0.03600717066908667,0.006586621085668454,0.01751554519205328,-0.001388232695216179,0.9538084319600062,3.477121269196145,1.6,100.0,0.1,10.63
0.03005776304970446,0.02672802650017309,0.01134055436796627,0.001908825983798767,3.698970004336019,3.660391107895243,1.48,70.0,0.04,15.5
-0.03600717066908667,0.006586621085668454,0.01751554519205328,-0.001388232695216179,0.0,3.000000043429446,1.6,100.0,0.1,13.76
0.02133273977348524,0.02494269875286306,9.772323080276945e-05,0.01384418855648013,3.9128498242811,3.342422700562864,1.51,70.0,0.0256,14.7
-0.03600717066908667,0.006586621085668454,0.01751554519205328,-0.001388232695216179,1.040871844222039,3.000000043429446,1.6,100.0,0.13,10.6
-0.03600717066908667,0.006586621085668454,0.01751554519205328,-0.001388232695216179,0.0,3.176091288008646,1.6,100.0,0.06,12.74
-0.03600717066908667,0.006586621085668454,0.01751554519205328,-0.001388232695216179,0.0,3.000000043429446,1.6,100.0,0.06,10.66
-0.03600717066908667,0.006586621085668454,0.01751554519205328,-0.001388232695216179,4.0,3.643452686356516,1.6,110.0,0.1,10.1
-0.03600717066908667,0.006586621085668454,0.01751554519205328,-0.001388232695216179,0.0,3.176091288008646,1.58,100.0,0.11,11.45
-0.03600717066908667,0.006586621085668454,0.01751554519205328,-0.001388232695216179,3.698970004336019,3.176091288008646,1.6,150.0,0.078,14.32
-0.03600717066908667,0.006586621085668454,0.01751554519205328,-0.001388232695216179,0.6018428983557322,3.021189340431315,1.6,105.0,0.09,17.13
0.02426906489205793,0.02313763566186687,0.006017879679301838,0.001700746796246778,0.6018428983557322,2.204120254089891,1.54,80.0,0.058,17.12
-0.03600717066908667,0.006586621085668454,0.01751554519205328,-0.001388232695216179,4.0,3.327358954823717,1.6,85.0,0.01,12.1
-0.03600717066908667,0.006586621085668454,0.01751554519205328,-0.001388232695216179,0.0,3.000000043429446,1.6,100.0,0.09,14.07
-0.03600717066908667,0.006586621085668454,0.01751554519205328,-0.001388232695216179,0.0,3.176091288008646,1.6,100.0,0.06,11.78
-0.03600717066908667,0.006586621085668454,0.01751554519205328,-0.001388232695216179,0.8856793095398042,3.113943385714103,1.6,130.0,0.1,18.73
-0.03600717066908667,0.006586621085668454,0.01751554519205328,-0.001388232695216179,0.0,3.000000043429446,1.6,100.0,0.09,14.95
-0.03600717066908667,0.006586621085668454,0.01751554519205328,-0.001388232695216179,4.0,3.000000043429446,1.5,100.0,0.09,13.71
0.01721810518888469,0.0186848135286511,0.001603863546475575,-0.005737676287139042,0.6018428983557322,4.033423759508195,1.54,120.0,0.09,16.12
-0.03600717066908667,0.006586621085668454,0.01751554519205328,-0.001388232695216179,0.0,3.021189340431315,1.6,105.0,0.0405,13.8
-0.03600717066908667,0.006586621085668454,0.01751554519205328,-0.001388232695216179,4.0,4.079181249666745,1.6,100.0,0.18,13.2
-0.03600562255436168,0.006585262151843551,0.01751782781764756,-0.001410260912717985,4.0,4.123851644232458,1.6,90.0,0.096,14.4
-0.03600717066908667,0.006586621085668454,0.01751554519205328,-0.001388232695216179,0.0,3.000000043429446,1.61,100.0,0.1,13.8
0.02426906489205793,0.02313763566186687,0.006017879679301838,0.001700746796246778,0.6018428983557322,2.204120254089891,1.54,80.0,0.058,20.83
-0.03600717066908667,0.006586621085668454,0.01751554519205328,-0.001388232695216179,3.698970004336019,3.880813597995192,1.6,60.0,0.096,11.84
-0.03600717066908667,0.006586621085668454,0.01751554519205328,-0.001388232695216179,0.3678320445894042,3.198657114441414,1.6,60.0,0.1,10.2
-0.03414676047505379,0.001359430052497769,0.01265250997201402,-0.00808700560746077,4.0,3.000000043429446,1.62,100.0,0.09,12.8
-0.03600717066908667,0.006586621085668454,0.01751554519205328,-0.001388232695216179,0.9026992977420334,3.301030017378705,1.6,100.0,0.16,16.2
0.01721810518888469,0.0186848135286511,0.001603863546475575,-0.005737676287139042,0.6018428983557322,3.477121269196145,1.51,100.0,0.13,19.2
0.02300642363472738,0.02308343879466066,0.00160052302569487,0.007700420575730609,0.6018428983557322,3.301030017378705,1.6,100.0,0.09,20.13
-0.03600717066908667,0.006586621085668454,0.01751554519205328,-0.001388232695216179,0.9538084319600062,3.000000043429446,1.5,100.0,0.04,15.51
-0.03600717066908667,0.006586621085668454,0.01751554519205328,-0.001388232695216179,3.698970004336019,4.778151251107468,1.6,100.0,0.1,13.78
-0.03600717066908667,0.006586621085668454,0.01751554519205328,-0.001388232695216179,4.0,3.954242514264819,1.6,60.0,0.725,16.31
-0.03600717066908667,0.006586621085668454,0.01751554519205328,-0.001388232695216179,0.6018428983557322,2.857332556749942,1.61,90.0,0.04,18.2
-0.03600717066908667,0.006586621085668454,0.01751554519205328,-0.001388232695216179,3.698970004336019,3.653212523426332,1.6,100.0,0.09,15.3
-0.03600717066908667,0.006586621085668454,0.01751554519205328,-0.001388232695216179,0.8447073507643467,3.477121269196145,1.6,100.0,0.1,11.38
-0.03600717066908667,0.006586621085668454,0.01751554519205328,-0.001388232695216179,0.6018428983557322,2.477121399484465,1.6,100.0,0.1,13.84
-0.03600717066908667,0.006586621085668454,0.01751554519205328,-0.001388232695216179,4.0,2.698970091194906,1.6,100.0,0.1,12.6
-0.03600717066908667,0.006586621085668454,0.01751554519205328,-0.001388232695216179,3.698970004336019,3.591064618162255,1.6,130.0,0.1,14.9
0.0257194166839745,0.02578981178637941,0.005794413339720797,0.007792364841226481,0.9538084319600062,3.000000043429446,1.48,100.0,0.06,15.97
-0.03600717066908667,0.006586621085668454,0.01751554519205328,-0.001388232695216179,0.9538084319600062,2.667453046286607,1.6,65.0,0.0177,17.0
-0.03600717066908667,0.006586621085668454,0.01751554519205328,-0.001388232695216179,0.6018428983557322,2.342422878228744,1.6,60.0,0.09,15.27
-0.03600717066908667,0.006586621085668454,0.01751554519205328,-0.001388232695216179,0.4769475716611976,3.477121269196145,1.6,100.0,0.1,18.39
0.03005776304970446,0.02672802650017309,0.01134055436796627,0.001908825983798767,3.942008053022313,3.477121269196145,1.526,150.0,0.09,20.15
-0.03600717066908667,0.006586621085668454,0.01751554519205328,-0.001388232695216179,0.0,3.301030017378705,1.6,100.0,0.07,10.37
-0.03600717066908667,0.006586621085668454,0.01751554519205328,-0.001388232695216179,3.698970004336019,3.176091288008646,1.6,150.0,0.078,17.96
-0.03600717066908667,0.006586621085668454,0.01751554519205328,-0.001388232695216179,0.9538084319600062,2.698970091194906,1.6,100.0,0.1,12.45
0.01511625508589558,0.01610619922474015,-0.0001540785287201364,-0.005537966291425511,0.6018428983557322,3.778151257621885,1.6,100.0,0.16,18.2
-0.03600717066908667,0.006586621085668454,0.01751554519205328,-0.001388232695216179,0.9538084319600062,3.000000043429446,1.6,100.0,0.16,10.91
0.01721810518888469,0.0186848135286511,0.001603863546475575,-0.005737676287139042,0.6018428983557322,3.778151257621885,1.6,100.0,0.09,14.6
-0.03600717066908667,0.006586621085668454,0.01751554519205328,-0.001388232695216179,3.698970004336019,4.033423759508195,1.6,90.0,0.098,14.1
-0.03600717066908667,0.006586621085668454,0.01751554519205328,-0.001388232695216179,3.698970004336019,3.322219315414608,1.55,70.0,0.09,11.1
-0.03099509260614379,0.002489799383184507,0.01476191732313853,0.0006851897003579438,4.0,2.477121399484465,1.6,60.0,0.13,11.5
-0.03600717066908667,0.006586621085668454,0.01751554519205328,-0.001388232695216179,4.0,3.146128066699271,1.6,70.0,0.09,11.56
-0.03600717066908667,0.006586621085668454,0.01751554519205328,-0.001388232695216179,0.0,3.000000043429446,1.5,100.0,0.0725,17.2
-0.0149323714639817,0.008411696589027937,-0.06040108746275723,0.04084621115816146,0.3008997268587542,2.698970091194906,1.91,100.0,0.1,14.31
-0.03600717066908667,0.006586621085668454,0.01751554519205328,-0.001388232695216179,0.0,3.000000043429446,1.585,100.0,0.1024,19.22
-0.03600717066908667,0.006586621085668454,0.01751554519205328,-0.001388232695216179,4.0,3.000000043429446,1.6,100.0,0.16,12.2
-0.03600717066908667,0.006586621085668454,0.01751554519205328,-0.001388232695216179,0.3008997268587542,3.000000043429446,1.6,100.0,0.1,15.58
-0.01549142515685884,0.0213377970377838,-0.05052475364080292,0.0662358275947395,4.0,17.63402919740301,1.71,100.0,0.0919,10.6
-0.03600717066908667,0.006586621085668454,0.01751554519205328,-0.001388232695216179,0.9538084319600062,2.799340618389208,1.5,65.0,0.08,16.5
0.01495801894762426,0.01542494765749997,-0.0007357112892081006,-0.004616223218084806,0.6018428983557322,3.778151257621885,1.6,100.0,0.16,15.34
-0.03600717066908667,0.006586621085668454,0.01751554519205328,-0.001388232695216179,0.9538084319600062,3.000000043429446,1.6,100.0,0.0314,20.7
-0.03600717066908667,0.006586621085668454,0.01751554519205328,-0.001388232695216179,0.0,2.698970091194906,1.6,100.0,0.038,13.98
-0.03600717066908667,0.006586621085668454,0.01751554519205328,-0.001388232695216179,0.7530382334710224,3.423245890325278,1.56,50.0,0.06,15.77
-0.03600717066908667,0.006586621085668454,0.01751554519205328,-0.001388232695216179,4.0,3.778151257621885,1.6,100.0,0.1,15.7
0.00271693654310884,0.01352845818239426,0.005532601680781697,-0.005786955859926162,4.0,3.113943385714103,1.58,130.0,0.1,16.0
-0.03600717066908667,0.006586621085668454,0.01751554519205328,-0.001388232695216179,4.0,3.000000043429446,1.6,100.0,0.16,13.35
0.01665666451719165,0.01664958773603534,-0.001351351288347561,-0.00992135928893844,0.6018428983557322,3.778151257621885,1.61,100.0,0.19,10.55
-0.03600717066908667,0.006586621085668454,0.01751554519205328,-0.001388232695216179,3.698970004336019,3.000000043429446,1.6,100.0,0.07,11.51
-0.02278239447693326,0.01036814125439047,0.01580730048243987,-0.0004937699354612438,0.0,3.477121269196145,1.5,100.0,0.1,13.0
-0.03600717066908667,0.006586621085668454,0.01751554519205328,-0.001388232695216179,0.4769475716611976,3.000000043429446,1.6,100.0,0.1,12.74
-0.03600717066908667,0.006586621085668454,0.01751554519205328,-0.001388232695216179,3.698970004336019,3.845098046218464,1.6,100.0,0.16,16.27
-0.03600717066908667,0.006586621085668454,0.01751554519205328,-0.001388232695216179,0.9538084319600062,2.9845273583484,1.6,65.0,0.04,10.1
0.03005776304970446,0.02672802650017309,0.01134055436796627,0.001908825983798767,4.0,3.230448946925007,1.49,170.0,0.12,11.1
-0.03600717066908667,0.006586621085668454,0.01751554519205328,-0.001388232695216179,4.0,3.579783608045612,1.6,95.0,0.04,15.17
-0.03600717066908667,0.006586621085668454,0.01751554519205328,-0.001388232695216179,3.698970004336019,3.431363780243968,1.5,135.0,0.108,13.35
-0.03600717066908667,0.006586621085668454,0.01751554519205328,-0.001388232695216179,0.0,3.176091288008646,1.6,100.0,0.09,13.95
-0.03600717066908667,0.006586621085668454,0.01751554519205328,-0.001388232695216179,0.3678320445894042,3.000000043429446,1.6,100.0,0.1,14.26
-0.03600717066908667,0.006586621085668454,0.01751554519205328,-0.001388232695216179,0.3678320445894042,3.07918128223883,1.6,120.0,0.1,21.07
-0.03600717066908667,0.006586621085668454,0.01751554519205328,-0.001388232695216179,4.0,4.033423759508195,1.6,90.0,0.06,10.3
-0.03600717066908667,0.006586621085668454,0.01751554519205328,-0.001388232695216179,0.4769475716611976,3.000000043429446,1.6,100.0,0.1,17.4
0.01400127348305888,0.01531251248640051,-0.0003547473416981374,-0.008869289345792038,0.0,3.000000043429446,1.5,100.0,0.0314,11.61
-0.03600717066908667,0.006586621085668454,0.01751554519205328,-0.001388232695216179,0.6018428983557322,3.04139272463954,1.6,110.0,0.09,15.93
-0.03600717066908667,0.006586621085668454,0.01751554519205328,-0.001388232695216179,0.9538084319600062,2.698970091194906,1.6,100.0,0.0757,11.78
0.03005776304970446,0.02672802650017309,0.01134055436796627,0.001908825983798767,3.698970004336019,3.176091288008646,1.48,150.0,0.12,12.03
0.01495801894762426,0.01542494765749997,-0.0007357112892081006,-0.004616223218084806,0.6018428983557322,3.778151257621885,1.6,100.0,0.16,15.59
-0.03188713028119742,-0.002060843843149745,0.01797294202138468,-0.002808360267339541,0.0,3.000000043429446,1.44,100.0,0.09,18.05
-0.03600717066908667,0.006586621085668454,0.01751554519205328,-0.001388232695216179,0.0,3.176091288008646,1.56,100.0,0.1369999999999999,11.6
-0.0149323714639817,0.008411696589027937,-0.06040108746275723,0.04084621115816146,-8.68502116489478e-05,2.944482721501811,1.91,220.0,0.065,11.03
-0.03600717066908667,0.006586621085668454,0.01751554519205328,-0.001388232695216179,0.9026992977420334,2.698970091194906,1.6,100.0,0.1,17.16
-0.03600717066908667,0.006586621085668454,0.01751554519205328,-0.001388232695216179,0.9538084319600062,2.301030212811168,1.6,100.0,0.09,19.11
-0.03600717066908667,0.006586621085668454,0.01751554519205328,-0.001388232695216179,4.0,3.732393767865459,1.6,120.0,0.1,16.71
-0.03600717066908667,0.006586621085668454,0.01751554519205328,-0.001388232695216179,0.6018428983557322,3.531478929815622,1.6,85.0,0.09,15.25
-0.03600717066908667,0.006586621085668454,0.01751554519205328,-0.001388232695216179,3.698970004336019,3.176091288008646,1.6,150.0,0.078,16.94
-0.03600717066908667,0.006586621085668454,0.01751554519205328,-0.001388232695216179,4.0,3.954242514264819,1.6,100.0,0.1032,12.16
-0.03600717066908667,0.006586621085668454,0.01751554519205328,-0.001388232695216179,4.0,3.90633504719336,1.6,130.0,0.16,11.53
-0.01510173540570771,0.02041002510205485,-0.05044386431034393,0.06710567041166383,0.6018428983557322,3.477121269196145,1.75,300.0,0.159,13.3
-0.03600717066908667,0.006586621085668454,0.01751554519205328,-0.001388232695216179,0.9538084319600062,3.000000043429446,1.6,100.0,0.159,12.1
-0.03600717066908667,0.006586621085668454,0.01751554519205328,-0.001388232695216179,0.6018428983557322,2.755874931864499,1.6,95.0,0.09,16.74
-0.03289016208556557,-0.002805727588558216,0.008678477087695273,-0.01372619041140354,-0.1761708724130287,3.301030017378705,1.67,100.0,0.025,15.11
-0.03600717066908667,0.006586621085668454,0.01751554519205328,-0.001388232695216179,0.9538084319600062,2.544068168434396,1.6,70.0,0.1,13.58
-0.03600717066908667,0.006586621085668454,0.01751554519205328,-0.001388232695216179,0.6017994927805721,3.477121269196145,1.6,100.0,0.1,14.94
-0.03600717066908667,0.006586621085668454,0.01751554519205328,-0.001388232695216179,4.0,2.698970091194906,1.6,100.0,0.102,17.46
-0.03600717066908667,0.006586621085668454,0.01751554519205328,-0.001388232695216179,3.698970004336019,3.707570184613514,1.6,70.0,0.2,13.0
0.01721810518888469,0.0186848135286511,0.001603863546475575,-0.005737676287139042,0.6018428983557322,3.778151257621885,1.6,100.0,0.09,18.0
-0.03600717066908667,0.006586621085668454,0.01751554519205328,-0.001388232695216179,4.0,3.000000043429446,1.6,100.0,0.1,14.7
0.01693847050592141,0.02335341096191781,0.003328624901269933,0.01060548864778213,0.0,2.74036276845687,1.554,110.0,0.04,19.48
-0.03600717066908667,0.006586621085668454,0.01751554519205328,-0.001388232695216179,4.0,3.000000043429446,1.6,100.0,0.045,19.05
-0.03600717066908667,0.006586621085668454,0.01751554519205328,-0.001388232695216179,0.0,3.000000043429446,1.6,100.0,0.1,15.46
-0.03600717066908667,0.006586621085668454,0.01751554519205328,-0.001388232695216179,3.698970004336019,3.772688362012006,1.6,70.0,0.12,10.2
-0.03600717066908667,0.006586621085668454,0.01751554519205328,-0.001388232695216179,3.698970004336019,3.556302512831023,1.5,90.0,0.07,12.0
-0.03600717066908667,0.006586621085668454,0.01751554519205328,-0.001388232695216179,0.3678320445894042,3.000000043429446,1.6,100.0,0.1,14.9
0.02477534379536052,0.0251130772134741,0.01152687453299924,0.001822822911016522,0.9537650480648696,3.365488003610489,1.55,70.0,0.07,16.64
-0.03600717066908667,0.006586621085668454,0.01751554519205328,-0.001388232695216179,4.0,2.477121399484465,1.57,100.0,0.1,12.72
-0.03600717066908667,0.006586621085668454,0.01751554519205328,-0.001388232695216179,3.698970004336019,3.778151257621885,1.6,100.0,0.096,10.9
-0.03600717066908667,0.006586621085668454,0.01751554519205328,-0.001388232695216179,0.9538084319600062,3.000000043429446,1.6,100.0,0.11,13.4
0.03005776304970446,0.02672802650017309,0.01134055436796627,0.001908825983798767,3.698970004336019,3.337459281258218,1.48,145.0,0.04,16.31
-0.03600562255436168,0.006585262151843551,0.01751782781764756,-0.001410260912717985,4.0,4.176091261950978,1.55,100.0,0.075,10.87
-0.03600717066908667,0.006586621085668454,0.01751554519205328,-0.001388232695216179,3.698970004336019,3.176091288008646,1.6,150.0,0.078,20.14
-0.03600562255436168,0.006585262151843551,0.01751782781764756,-0.001410260912717985,4.0,4.255272507516053,1.55,100.0,0.1,14.6
-0.03600717066908667,0.006586621085668454,0.01751554519205328,-0.001388232695216179,3.698970004336019,3.469822030700009,1.6,70.0,0.1,15.0
-0.03600717066908667,0.006586621085668454,0.01751554519205328,-0.001388232695216179,3.698970004336019,3.306425048997328,1.6,135.0,0.108,13.9
-0.03600717066908667,0.006586621085668454,0.01751554519205328,-0.001388232695216179,0.3678320445894042,3.000000043429446,1.6,100.0,0.1,10.71
-0.03600717066908667,0.006586621085668454,0.01751554519205328,-0.001388232695216179,0.6018428983557322,3.653212523426332,1.6,100.0,0.04,16.46
-0.03600717066908667,0.006586621085668454,0.01751554519205328,-0.001388232695216179,0.9538084319600062,3.477121269196145,1.6,100.0,0.142,14.5
-0.03600717066908667,0.006586621085668454,0.01751554519205328,-0.001388232695216179,4.0,3.000000043429446,1.6,100.0,0.09,14.0
-0.03600717066908667,0.006586621085668454,0.01751554519205328,-0.001388232695216179,0.0,3.000000043429446,1.6,100.0,0.05,10.6
-0.03600717066908667,0.006586621085668454,0.01751554519205328,-0.001388232695216179,0.0,3.000000043429446,1.6,100.0,0.09,18.5
-0.03600717066908667,0.006586621085668454,0.01751554519205328,-0.001388232695216179,4.0,3.000000043429446,1.6,100.0,0.1,17.4
-0.03600717066908667,0.006586621085668454,0.01751554519205328,-0.001388232695216179,4.0,2.301030212811168,1.6,100.0,0.196,15.4
-0.03600717066908667,0.006586621085668454,0.01751554519205328,-0.001388232695216179,3.698970004336019,3.130333800664967,1.6,70.0,0.1256,10.65
-0.03600717066908667,0.006586621085668454,0.01751554519205328,-0.001388232695216179,4.0,3.732393767865459,1.6,90.0,0.13,12.5
-0.03600717066908667,0.006586621085668454,0.01751554519205328,-0.001388232695216179,0.9538084319600062,3.000000043429446,1.6,100.0,0.04,15.41
0.01495801894762426,0.01542494765749997,-0.0007357112892081006,-0.004616223218084806,0.6018428983557322,3.778151257621885,1.6,100.0,0.16,10.34
-0.03600717066908667,0.006586621085668454,0.01751554519205328,-0.001388232695216179,0.0,2.698970091194906,1.6,100.0,0.0177,11.06
-0.03600717066908667,0.006586621085668454,0.01751554519205328,-0.001388232695216179,0.0,2.90309004127875,1.6,80.0,0.1,11.0
-0.02506753238708409,0.002412263955540052,0.0120301029400502,0.00678134071027273,4.0,3.176091288008646,1.64,100.0,0.06,12.7
-0.03600717066908667,0.006586621085668454,0.01751554519205328,-0.001388232695216179,0.0,3.301030017378705,1.57,100.0,0.07,10.4
0.03005776304970446,0.02672802650017309,0.01134055436796627,0.001908825983798767,3.942008053022313,3.477121269196145,1.526,150.0,0.09,20.5
-0.03600717066908667,0.006586621085668454,0.01751554519205328,-0.001388232695216179,0.9538084319600062,2.698970091194906,1.6,100.0,0.0757,14.15
0.03005776304970446,0.02672802650017309,0.01134055436796627,0.001908825983798767,3.942008053022313,3.477121269196145,1.526,150.0,0.09,19.48
-0.03600717066908667,0.006586621085668454,0.01751554519205328,-0.001388232695216179,4.0,3.778151257621885,1.6,100.0,0.04,14.6
-0.03600717066908667,0.006586621085668454,0.01751554519205328,-0.001388232695216179,0.9538084319600062,3.027349648553579,1.6,65.0,0.06,18.43
-0.03600717066908667,0.006586621085668454,0.01751554519205328,-0.001388232695216179,0.1759826990046465,3.0334237956994,1.5,40.0,0.09,13.03
-0.03600717066908667,0.006586621085668454,0.01751554519205328,-0.001388232695216179,0.9538084319600062,2.423246037821487,1.56,65.0,1.4,11.53
-0.03600717066908667,0.006586621085668454,0.01751554519205328,-0.001388232695216179,3.698970004336019,3.380211259807209,1.6,120.0,0.12,10.24
-0.03600717066908667,0.006586621085668454,0.01751554519205328,-0.001388232695216179,4.0,2.602060099901569,1.6,80.0,0.16,16.8
-0.03600717066908667,0.006586621085668454,0.01751554519205328,-0.001388232695216179,0.6018428983557322,2.755874931864499,1.6,95.0,0.09,16.92
-0.03600717066908667,0.006586621085668454,0.01751554519205328,-0.001388232695216179,3.698970004336019,4.098989642858936,1.52,70.0,0.04,15.01
-0.03600717066908667,0.006586621085668454,0.01751554519205328,-0.001388232695216179,0.0,3.176091288008646,1.6,100.0,0.1,12.25
-0.03600717066908667,0.006586621085668454,0.01751554519205328,-0.001388232695216179,-0.954290761701127,2.698970091194906,1.6,100.0,0.12,14.87
0.01511625508589558,0.01610619922474015,-0.0001540785287201364,-0.005537966291425511,0.6018428983557322,3.477121269196145,1.55,100.0,1.0,19.05
-0.03600717066908667,0.006586621085668454,0.01751554519205328,-0.001388232695216179,4.0,3.217483970534783,1.6,110.0,0.1,11.72
-0.02318085844109488,-0.006901461216180621,0.02153079392391328,0.005443436258708,0.9995225386255447,2.90309004127875,1.61,80.0,0.09,12.5
0.02426906489205793,0.02313763566186687,0.006017879679301838,0.001700746796246778,0.6018428983557322,2.204120254089891,1.54,80.0,0.058,13.34
-0.03600717066908667,0.006586621085668454,0.01751554519205328,-0.001388232695216179,4.0,3.845098046218464,1.6,100.0,0.04,12.64
-0.03600717066908667,0.006586621085668454,0.01751554519205328,-0.001388232695216179,0.0,2.90309004127875,1.6,80.0,0.1,11.8
0.01645883749703963,0.01736343104815911,0.0006842880231336526,-0.004232850881524671,0.9538084319600062,3.000000043429446,1.6,100.0,0.06,14.75
-0.03600717066908667,0.006586621085668454,0.01751554519205328,-0.001388232695216179,4.0,3.000000043429446,1.6,100.0,0.13,12.1
-0.03600717066908667,0.006586621085668454,0.01751554519205328,-0.001388232695216179,4.0,3.778151257621885,1.6,100.0,0.04,11.8
-0.03600717066908667,0.006586621085668454,0.01751554519205328,-0.001388232695216179,4.0,4.033423759508195,1.6,90.0,0.0314,12.21
-0.03600717066908667,0.006586621085668454,0.01751554519205328,-0.001388232695216179,0.9538084319600062,2.518514071482256,1.6,65.0,0.1,13.0
-0.03600717066908667,0.006586621085668454,0.01751554519205328,-0.001388232695216179,0.6018428983557322,3.025305906235946,1.6,60.0,0.09,14.68
-0.03600717066908667,0.006586621085668454,0.01751554519205328,-0.001388232695216179,0.6018428983557322,3.477121269196145,1.6,100.0,0.09,14.1
0.02477534379536052,0.0251130772134741,0.01152687453299924,0.001822822911016522,0.9537650480648696,3.365488003610489,1.55,70.0,0.07,20.95
-0.03600717066908667,0.006586621085668454,0.01751554519205328,-0.001388232695216179,4.0,3.000000043429446,1.6,100.0,0.09,14.15
-0.03600717066908667,0.006586621085668454,0.01751554519205328,-0.001388232695216179,4.0,4.079181249666745,1.6,50.0,0.16,10.5
-0.03600717066908667,0.006586621085668454,0.01751554519205328,-0.001388232695216179,3.698970004336019,3.477121269196145,1.59,150.0,0.075,19.79
-0.03600717066908667,0.006586621085668454,0.01751554519205328,-0.001388232695216179,0.3008997268587542,3.04139272463954,1.6,110.0,0.1,17.4
-0.03600717066908667,0.006586621085668454,0.01751554519205328,-0.001388232695216179,0.6018428983557322,2.755874931864499,1.6,95.0,0.09,17.23
-0.0149323714639817,0.008411696589027937,-0.06040108746275723,0.04084621115816146,0.0,3.511883374341781,1.92,25.0,0.09,12.67
0.01495801894762426,0.01542494765749997,-0.0007357112892081006,-0.004616223218084806,0.6018428983557322,3.778151257621885,1.6,100.0,0.16,13.15
-0.03600717066908667,0.006586621085668454,0.01751554519205328,-0.001388232695216179,0.0,3.000000043429446,1.6,100.0,0.09,15.29
-0.03600717066908667,0.006586621085668454,0.01751554519205328,-0.001388232695216179,0.9538084319600062,3.477121269196145,1.55,100.0,0.12,18.75
-0.03600717066908667,0.006586621085668454,0.01751554519205328,-0.001388232695216179,0.0,3.301030017378705,1.6,100.0,0.11,10.4
-0.0383478050194859,-0.01674133044879193,0.01081150590238326,-0.0332995469659015,0.6018428983557322,3.778151257621885,1.58,100.0,0.16,15.96
-0.03600717066908667,0.006586621085668454,0.01751554519205328,-0.001388232695216179,0.0,3.000000043429446,1.63,100.0,0.1,16.11
-0.03600717066908667,0.006586621085668454,0.01751554519205328,-0.001388232695216179,4.0,3.454844875246913,1.688,95.0,0.0725,15.06
-0.03600717066908667,0.006586621085668454,0.01751554519205328,-0.001388232695216179,0.0,3.477121269196145,1.6,100.0,0.165,14.0
-0.03600717066908667,0.006586621085668454,0.01751554519205328,-0.001388232695216179,0.6017994927805721,3.195899680071302,1.6,70.0,0.1,16.22
-0.03600717066908667,0.006586621085668454,0.01751554519205328,-0.001388232695216179,4.0,4.033423759508195,1.6,90.0,0.16,10.72
-0.03600717066908667,0.006586621085668454,0.01751554519205328,-0.001388232695216179,0.9538084319600062,3.477121269196145,1.6,100.0,0.08,12.13
-0.03600717066908667,0.006586621085668454,0.01751554519205328,-0.001388232695216179,0.9538084319600062,3.477121269196145,1.55,100.0,0.12,18.76
0.02115246733572777,0.02099240964253258,0.004913153602382739,-0.003183273641000749,0.6018428983557322,3.176091288008646,1.5,100.0,0.11,18.03
-0.03600717066908667,0.006586621085668454,0.01751554519205328,-0.001388232695216179,3.698970004336019,3.000000043429446,1.6,100.0,0.0625,11.84
0.02426906489205793,0.02313763566186687,0.006017879679301838,0.001700746796246778,0.6018428983557322,2.204120254089891,1.54,80.0,0.058,17.46
-0.03600717066908667,0.006586621085668454,0.01751554519205328,-0.001388232695216179,0.9537650480648696,2.792391759545745,1.6,60.0,0.9,16.87
-0.03600717066908667,0.006586621085668454,0.01751554519205328,-0.001388232695216179,4.0,3.176091288008646,1.55,100.0,0.16,10.41
0.01511625508589558,0.01610619922474015,-0.0001540785287201364,-0.005537966291425511,0.6018428983557322,3.778151257621885,1.6,100.0,0.16,12.4
0.01721810518888469,0.0186848135286511,0.001603863546475575,-0.005737676287139042,0.6018428983557322,3.778151257621885,1.6,100.0,0.09,15.99
-0.03600717066908667,0.006586621085668454,0.01751554519205328,-0.001388232695216179,4.0,3.301030017378705,1.55,100.0,0.16,13.2
0.03005776304970446,0.02672802650017309,0.01134055436796627,0.001908825983798767,3.942008053022313,3.477121269196145,1.526,150.0,0.09,20.7
0.03005776304970446,0.02672802650017309,0.01134055436796627,0.001908825983798767,3.698970004336019,3.397940026043817,1.48,100.0,1.2,15.78
-0.03600717066908667,0.006586621085668454,0.01751554519205328,-0.001388232695216179,1.020690147372996,3.477121269196145,1.6,100.0,0.1,18.2
-0.03600717066908667,0.006586621085668454,0.01751554519205328,-0.001388232695216179,4.0,3.301030017378705,1.6,100.0,0.16,16.02
0.02426906489205793,0.02313763566186687,0.006017879679301838,0.001700746796246778,0.6018428983557322,3.064458026666096,1.54,80.0,0.058,16.25
0.01725159014725069,0.01767724884070695,4.444345248363339e-05,-0.007976248404356711,0.6018428983557322,3.531478929815622,1.64,85.0,0.09,15.76
-0.03600717066908667,0.006586621085668454,0.01751554519205328,-0.001388232695216179,0.0,3.000000043429446,1.6,100.0,0.09,12.37
-0.03600717066908667,0.006586621085668454,0.01751554519205328,-0.001388232695216179,0.0,3.176091288008646,1.6,100.0,0.12,11.0
-0.03600717066908667,0.006586621085668454,0.01751554519205328,-0.001388232695216179,1.694648630553376,3.880813597995192,1.6,60.0,0.096,15.46
-0.03600717066908667,0.006586621085668454,0.01751554519205328,-0.001388232695216179,4.0,3.000000043429446,1.5,100.0,0.09,15.19
-0.03600717066908667,0.006586621085668454,0.01751554519205328,-0.001388232695216179,4.0,2.9845273583484,1.6,65.0,0.125,14.6
-0.03600717066908667,0.006586621085668454,0.01751554519205328,-0.001388232695216179,0.0,3.301030017378705,1.6,100.0,0.07,13.99
-0.03600717066908667,0.006586621085668454,0.01751554519205328,-0.001388232695216179,0.0,3.778151257621885,1.6,100.0,0.1,12.42
-0.03600717066908667,0.006586621085668454,0.01751554519205328,-0.001388232695216179,0.0,3.000000043429446,1.6,100.0,0.04,12.4
0.01721810518888469,0.0186848135286511,0.001603863546475575,-0.005737676287139042,0.6018428983557322,3.778151257621885,1.56,100.0,0.16,18.25
-0.03600717066908667,0.006586621085668454,0.01751554519205328,-0.001388232695216179,0.9538084319600062,3.000000043429446,1.6,100.0,0.159,15.2
-0.03600717066908667,0.006586621085668454,0.01751554519205328,-0.001388232695216179,3.698970004336019,4.098989642858936,1.52,70.0,0.04,15.01
0.02305187767568748,-0.008118773729914522,0.0225188881913881,0.00220109925318612,0.4769475716611976,3.000000043429446,1.22,100.0,0.073,19.83
0.02036978720965425,0.007300913184930801,-0.004888362749376986,-0.04063519720210299,4.0,3.113943385714103,1.53,130.0,0.1,16.9
-0.03600717066908667,0.006586621085668454,0.01751554519205328,-0.001388232695216179,0.0,3.000000043429446,1.58,100.0,0.11,13.4
0.01648594219054154,0.01698886881153151,0.0004376842611423088,-0.001396023088733201,0.6018428983557322,3.653212523426332,1.57,100.0,0.16,20.4
0.01595192438895033,0.01749711436200546,0.0006812464098972891,-0.007034436800952369,0.6018428983557322,3.732393767865459,1.57,120.0,0.16,18.38
-0.03600717066908667,0.006586621085668454,0.01751554519205328,-0.001388232695216179,4.0,2.301030212811168,1.5,100.0,0.096,17.8
-0.03600717066908667,0.006586621085668454,0.01751554519205328,-0.001388232695216179,0.6017994927805721,3.477121269196145,1.6,100.0,0.1,14.83
-0.0383478050194859,-0.01674133044879193,0.01081150590238326,-0.0332995469659015,0.6018428983557322,3.778151257621885,1.58,100.0,0.16,13.05
-0.03600717066908667,0.006586621085668454,0.01751554519205328,-0.001388232695216179,0.6018428983557322,2.755874931864499,1.6,95.0,0.09,16.73
-0.03600717066908667,0.006586621085668454,0.01751554519205328,-0.001388232695216179,3.698970004336019,3.000000043429446,1.6,100.0,0.07,13.37
-0.03600717066908667,0.006586621085668454,0.01751554519205328,-0.001388232695216179,4.0,3.643452686356516,1.6,110.0,0.1,11.03
-0.03600717066908667,0.006586621085668454,0.01751554519205328,-0.001388232695216179,-0.1761636354381341,3.176091288008646,1.6,100.0,0.09,15.9
-0.03600717066908667,0.006586621085668454,0.01751554519205328,-0.001388232695216179,0.9995225386255447,2.477121399484465,1.6,100.0,0.1,16.75
-0.03600717066908667,0.006586621085668454,0.01751554519205328,-0.001388232695216179,4.0,3.975431813104972,1.55,105.0,0.0314,11.6
-0.03600717066908667,0.006586621085668454,0.01751554519205328,-0.001388232695216179,0.6018428983557322,2.342422878228744,1.6,60.0,0.09,19.29
-0.03600717066908667,0.006586621085668454,0.01751554519205328,-0.001388232695216179,0.9538084319600062,3.477121269196145,1.6,100.0,0.142,13.53
-0.03600717066908667,0.006586621085668454,0.01751554519205328,-0.001388232695216179,4.0,3.954242514264819,1.6,100.0,0.15,16.45
-0.03600717066908667,0.006586621085668454,0.01751554519205328,-0.001388232695216179,0.1759826990046465,3.0334237956994,1.5,40.0,0.09,13.08
0.01586596518743356,0.01686664170492998,0.0006589531741733079,-0.002850760768683376,0.6018428983557322,3.778151257621885,1.61,100.0,0.1,10.35
0.01400127348305888,0.01531251248640051,-0.0003547473416981374,-0.008869289345792038,0.0,3.000000043429446,1.5,100.0,0.0314,14.3
-0.03600717066908667,0.006586621085668454,0.01751554519205328,-0.001388232695216179,4.0,2.90309004127875,1.6,80.0,0.1,15.5
-0.03600717066908667,0.006586621085668454,0.01751554519205328,-0.001388232695216179,4.0,2.698970091194906,1.6,100.0,0.0919,13.0
-0.03600717066908667,0.006586621085668454,0.01751554519205328,-0.001388232695216179,0.0,3.000000043429446,1.6,100.0,0.09,15.89
0.004127760644370248,0.008747530592518626,-0.0009535959285317078,-0.008142668945236155,0.6018428983557322,3.477121269196145,1.59,100.0,0.09,20.02
-0.03600717066908667,0.006586621085668454,0.01751554519205328,-0.001388232695216179,0.6018428983557322,3.301030017378705,1.6,100.0,1.0,10.7
-0.03600717066908667,0.006586621085668454,0.01751554519205328,-0.001388232695216179,0.0,3.000000043429446,1.6,100.0,0.09,13.48
-0.03600717066908667,0.006586621085668454,0.01751554519205328,-0.001388232695216179,4.0,3.900367134119294,1.55,70.0,0.1,15.3
0.02790962296212144,0.02625093142065337,0.008624740481725207,0.004809183415632299,0.0,3.176091288008646,1.54,150.0,0.09,18.63
-0.03600717066908667,0.006586621085668454,0.01751554519205328,-0.001388232695216179,4.0,2.698970091194906,1.6,100.0,0.0625,13.8
-0.03600717066908667,0.006586621085668454,0.01751554519205328,-0.001388232695216179,0.0,3.000000043429446,1.6,100.0,0.09,14.11
-0.03600717066908667,0.006586621085668454,0.01751554519205328,-0.001388232695216179,0.3678320445894042,3.000000043429446,1.608,100.0,0.1,14.39
-0.03600717066908667,0.006586621085668454,0.01751554519205328,-0.001388232695216179,0.0,2.698970091194906,1.6,100.0,0.09,12.5
-0.03600717066908667,0.006586621085668454,0.01751554519205328,-0.001388232695216179,0.3678320445894042,3.508529732437782,1.6,75.0,0.16,11.8
-0.03600717066908667,0.006586621085668454,0.01751554519205328,-0.001388232695216179,0.9538084319600062,3.000000043429446,1.5,100.0,0.04,14.0
-0.03600717066908667,0.006586621085668454,0.01751554519205328,-0.001388232695216179,3.698970004336019,2.90309004127875,1.6,60.0,1.1,11.5
-0.03600717066908667,0.006586621085668454,0.01751554519205328,-0.001388232695216179,4.0,2.90309004127875,1.6,80.0,0.1,14.0
-0.03600717066908667,0.006586621085668454,0.01751554519205328,-0.001388232695216179,4.0,3.694605207707195,1.6,110.0,0.1,12.5
-0.03600717066908667,0.006586621085668454,0.01751554519205328,-0.001388232695216179,0.9537650480648696,3.477121269196145,1.5,100.0,0.1,19.06
-0.03600717066908667,0.006586621085668454,0.01751554519205328,-0.001388232695216179,3.698970004336019,3.498310567576727,1.6,90.0,0.102,11.45
-0.03600717066908667,0.006586621085668454,0.01751554519205328,-0.001388232695216179,3.698970004336019,3.322219315414608,1.6,70.0,0.09,12.48
-0.03600717066908667,0.006586621085668454,0.01751554519205328,-0.001388232695216179,4.0,3.778151257621885,1.6,100.0,0.1,15.2
-0.03600717066908667,0.006586621085668454,0.01751554519205328,-0.001388232695216179,0.0,3.477121269196145,1.51,100.0,0.16,14.74
-0.03600717066908667,0.006586621085668454,0.01751554519205328,-0.001388232695216179,4.0,2.301030212811168,1.5,100.0,0.1,11.11
-0.03600717066908667,0.006586621085668454,0.01751554519205328,-0.001388232695216179,4.0,3.113943385714103,1.57,130.0,0.09,15.1
-0.03600717066908667,0.006586621085668454,0.01751554519205328,-0.001388232695216179,0.4769475716611976,3.585460740788877,1.6,40.0,0.1,19.1
-0.03600717066908667,0.006586621085668454,0.01751554519205328,-0.001388232695216179,0.0,3.000000043429446,1.55,100.0,0.12,13.29
-0.03600717066908667,0.006586621085668454,0.01751554519205328,-0.001388232695216179,0.0,3.000000043429446,1.5,100.0,0.0725,16.6
0.01511625508589558,0.01610619922474015,-0.0001540785287201364,-0.005537966291425511,0.6018428983557322,3.778151257621885,1.61,100.0,0.16,15.3
-0.03600717066908667,0.006586621085668454,0.01751554519205328,-0.001388232695216179,0.3678320445894042,3.07918128223883,1.6,120.0,0.1,20.97
-0.03600717066908667,0.006586621085668454,0.01751554519205328,-0.001388232695216179,4.0,3.301030017378705,1.6,100.0,0.1,12.69
-0.03600717066908667,0.006586621085668454,0.01751554519205328,-0.001388232695216179,4.0,3.954242514264819,1.6,100.0,0.1032,10.44
-0.03600717066908667,0.006586621085668454,0.01751554519205328,-0.001388232695216179,4.0,2.653212610285218,1.6,90.0,0.055,14.82
0.02426906489205793,0.02313763566186687,0.006017879679301838,0.001700746796246778,0.6018428983557322,3.064458026666096,1.54,80.0,0.058,14.02
-0.0149323714639817,0.008411696589027937,-0.06040108746275723,0.04084621115816146,-0.954290761701127,2.469822163196607,1.92,55.0,0.04,12.9
-0.03600717066908667,0.006586621085668454,0.01751554519205328,-0.001388232695216179,0.0,3.000000043429446,1.56,100.0,0.1,12.95
-0.03600717066908667,0.006586621085668454,0.01751554519205328,-0.001388232695216179,0.0,3.07918128223883,1.6,120.0,0.81,14.42
0.01495801894762426,0.01542494765749997,-0.0007357112892081006,-0.004616223218084806,0.6018428983557322,3.778151257621885,1.6,100.0,0.16,12.52
-0.03600717066908667,0.006586621085668454,0.01751554519205328,-0.001388232695216179,0.0,2.698970091194906,1.6,100.0,0.0177,10.64
0.02426906489205793,0.02313763566186687,0.006017879679301838,0.001700746796246778,0.6018428983557322,2.204120254089891,1.54,80.0,0.058,20.02
-0.03600717066908667,0.006586621085668454,0.01751554519205328,-0.001388232695216179,4.0,4.033423759508195,1.6,90.0,0.16,11.88
-0.03600717066908667,0.006586621085668454,0.01751554519205328,-0.001388232695216179,0.6018428983557322,2.845098102056321,1.6,70.0,0.1,11.09
-0.03600717066908667,0.006586621085668454,0.01751554519205328,-0.001388232695216179,4.0,3.176091288008646,1.6,100.0,0.1,13.15
-0.03600717066908667,0.006586621085668454,0.01751554519205328,-0.001388232695216179,4.0,3.000000043429446,1.6,100.0,0.1,16.0
-0.0149323714639817,0.008411696589027937,-0.06040108746275723,0.04084621115816146,0.0,3.204120009799329,1.85,160.0,0.04,12.53
-0.03600717066908667,0.006586621085668454,0.01751554519205328,-0.001388232695216179,0.6018428983557322,3.000000043429446,1.6,100.0,0.1,14.1
0.03005776304970446,0.02672802650017309,0.01134055436796627,0.001908825983798767,3.942008053022313,3.477121269196145,1.48,150.0,0.09,17.28
-0.03600717066908667,0.006586621085668454,0.01751554519205328,-0.001388232695216179,4.0,3.778151257621885,1.6,100.0,0.1,11.7
-0.03600717066908667,0.006586621085668454,0.01751554519205328,-0.001388232695216179,0.0,3.000000043429446,1.6,100.0,0.0314,10.18
0.03005776304970446,0.02672802650017309,0.01134055436796627,0.001908825983798767,4.0,3.176091288008646,1.48,150.0,0.09,20.23
-0.03600717066908667,0.006586621085668454,0.01751554519205328,-0.001388232695216179,4.0,3.176091288008646,1.6,100.0,0.1,13.99
-0.03600717066908667,0.006586621085668454,0.01751554519205328,-0.001388232695216179,0.6018428983557322,2.755874931864499,1.6,95.0,0.09,19.02
-0.03600717066908667,0.006586621085668454,0.01751554519205328,-0.001388232695216179,3.698970004336019,3.477121269196145,1.59,150.0,0.075,17.41
0.01511625508589558,0.01610619922474015,-0.0001540785287201364,-0.005537966291425511,0.6018428983557322,3.477121269196145,1.55,100.0,0.09,15.24
-0.03600717066908667,0.006586621085668454,0.01751554519205328,-0.001388232695216179,0.8447507433288933,3.176091288008646,1.6,100.0,0.06,11.5
-0.03600717066908667,0.006586621085668454,0.01751554519205328,-0.001388232695216179,4.0,3.000000043429446,1.6,100.0,0.1,10.93
-0.01549142515685884,0.0213377970377838,-0.05052475364080292,0.0662358275947395,0.9538084319600062,4.255272507516053,1.69,150.0,0.09028,15.07
-0.03600717066908667,0.006586621085668454,0.01751554519205328,-0.001388232695216179,0.0,3.518513953038326,1.6,110.0,0.09,10.19
-0.03600717066908667,0.006586621085668454,0.01751554519205328,-0.001388232695216179,4.0,2.698970091194906,1.6,100.0,0.12,13.5
-0.03600717066908667,0.006586621085668454,0.01751554519205328,-0.001388232695216179,4.0,3.845098046218464,1.6,100.0,0.04,14.07
-0.03600717066908667,0.006586621085668454,0.01751554519205328,-0.001388232695216179,0.0,3.000000043429446,1.59,100.0,0.0314,18.4
-0.03600717066908667,0.006586621085668454,0.01751554519205328,-0.001388232695216179,4.0,2.845098102056321,1.6,70.0,0.049,13.6
-0.03600717066908667,0.006586621085668454,0.01751554519205328,-0.001388232695216179,0.4769475716611976,3.000000043429446,1.6,100.0,0.1,17.4
-0.03600717066908667,0.006586621085668454,0.01751554519205328,-0.001388232695216179,4.0,3.653212523426332,1.6,50.0,0.0725,15.59
-0.03600717066908667,0.006586621085668454,0.01751554519205328,-0.001388232695216179,3.698970004336019,3.845098046218464,1.6,100.0,0.16,12.28
-0.03600717066908667,0.006586621085668454,0.01751554519205328,-0.001388232695216179,4.0,4.049218026547811,1.6,80.0,0.025,11.9
-0.03600717066908667,0.006586621085668454,0.01751554519205328,-0.001388232695216179,0.6017994927805721,2.698970091194906,1.6,25.0,0.09,18.83
-0.03600717066908667,0.006586621085668454,0.01751554519205328,-0.001388232695216179,0.6018428983557322,3.176091288008646,1.59,100.0,0.0919,12.9
-0.03600717066908667,0.006586621085668454,0.01751554519205328,-0.001388232695216179,1.040871844222039,3.000000043429446,1.6,100.0,0.13,12.5
-0.03600717066908667,0.006586621085668454,0.01751554519205328,-0.001388232695216179,0.0,3.021189340431315,1.6,105.0,0.0405,13.5
-0.03600717066908667,0.006586621085668454,0.01751554519205328,-0.001388232695216179,0.9538084319600062,3.064458026666096,1.61,60.0,0.1,13.42
-0.03600717066908667,0.006586621085668454,0.01751554519205328,-0.001388232695216179,3.698970004336019,2.90309004127875,1.6,60.0,1.1,19.4
-0.03600717066908667,0.006586621085668454,0.01751554519205328,-0.001388232695216179,4.0,3.845098046218464,1.6,100.0,0.075,12.6
-0.03600717066908667,0.006586621085668454,0.01751554519205328,-0.001388232695216179,0.3678320445894042,3.000000043429446,1.6,100.0,0.1,17.29
0.01671138174723541,0.01797933492090864,0.001633282111947744,-0.003303161303879688,0.6018428983557322,3.903089992420624,1.61,100.0,0.16,21.3
-0.03600717066908667,0.006586621085668454,0.01751554519205328,-0.001388232695216179,3.698970004336019,3.544068056758689,1.6,100.0,0.075,12.75
-0.03600717066908667,0.006586621085668454,0.01751554519205328,-0.001388232695216179,4.0,3.653212523426332,1.6,100.0,0.0314,12.1
-0.03600717066908667,0.006586621085668454,0.01751554519205328,-0.001388232695216179,0.0,3.591064618162255,1.6,60.0,0.04,13.52
0.03005776304970446,0.02672802650017309,0.01134055436796627,0.001908825983798767,0.6018428983557322,3.301030017378705,1.51,100.0,0.11,12.71
-0.03600717066908667,0.006586621085668454,0.01751554519205328,-0.001388232695216179,0.1759826990046465,3.477121269196145,1.53,100.0,0.1,11.5
-0.03600717066908667,0.006586621085668454,0.01751554519205328,-0.001388232695216179,0.0,3.176091288008646,1.6,100.0,0.1,12.84
-0.03600717066908667,0.006586621085668454,0.01751554519205328,-0.001388232695216179,4.0,3.900367134119294,1.55,70.0,0.1,16.04
-0.03600717066908667,0.006586621085668454,0.01751554519205328,-0.001388232695216179,3.698970004336019,3.195899680071302,1.6,70.0,0.1,11.52
-0.03600717066908667,0.006586621085668454,0.01751554519205328,-0.001388232695216179,4.0,3.845098046218464,1.6,100.0,0.04,13.02
-0.03600717066908667,0.006586621085668454,0.01751554519205328,-0.001388232695216179,0.0,3.301030017378705,1.6,100.0,0.09,18.76
-0.03600717066908667,0.006586621085668454,0.01751554519205328,-0.001388232695216179,0.9538084319600062,2.698970091194906,1.6,100.0,0.1,16.24
-0.03600562255436168,0.006585262151843551,0.01751782781764756,-0.001410260912717985,0.0,3.301030017378705,1.6,100.0,0.11,12.3
-0.03600717066908667,0.006586621085668454,0.01751554519205328,-0.001388232695216179,0.0,3.000000043429446,1.63,100.0,0.1,16.66
-0.03600717066908667,0.006586621085668454,0.01751554519205328,-0.001388232695216179,0.6018428983557322,3.021189340431315,1.6,105.0,0.09,18.1
-0.03600717066908667,0.006586621085668454,0.01751554519205328,-0.001388232695216179,0.9537650480648696,2.792391759545745,1.6,60.0,0.9,18.09
-0.03600717066908667,0.006586621085668454,0.01751554519205328,-0.001388232695216179,0.0,3.633468465679458,1.6,100.0,0.09,15.35
-0.03600717066908667,0.006586621085668454,0.01751554519205328,-0.001388232695216179,4.0,2.301030212811168,1.6,100.0,1.0,12.6
-0.03600717066908667,0.006586621085668454,0.01751554519205328,-0.001388232695216179,0.3678320445894042,3.508529732437782,1.6,75.0,0.16,13.26
-0.03600717066908667,0.006586621085668454,0.01751554519205328,-0.001388232695216179,4.0,3.544068056758689,1.6,100.0,0.12,13.0
-0.03600717066908667,0.006586621085668454,0.01751554519205328,-0.001388232695216179,4.0,3.653212523426332,1.6,100.0,0.01,11.43
-0.03600717066908667,0.006586621085668454,0.01751554519205328,-0.001388232695216179,0.0,3.176091288008646,1.6,50.0,0.1,16.88
-0.03600717066908667,0.006586621085668454,0.01751554519205328,-0.001388232695216179,0.9538084319600062,2.301030212811168,1.6,100.0,0.09,17.85
-0.03600717066908667,0.006586621085668454,0.01751554519205328,-0.001388232695216179,3.698970004336019,3.322219315414608,1.6,70.0,0.07,11.32
-0.03600717066908667,0.006586621085668454,0.01751554519205328,-0.001388232695216179,4.0,4.033423759508195,1.6,90.0,0.1,12.14
0.03005776304970446,0.02672802650017309,0.01134055436796627,0.001908825983798767,0.902655909512625,3.477121269196145,1.48,150.0,0.1,20.9
-0.03600717066908667,0.006586621085668454,0.01751554519205328,-0.001388232695216179,0.3678320445894042,3.380211259807209,1.6,80.0,0.1,18.36
0.03005776304970446,0.02672802650017309,0.01134055436796627,0.001908825983798767,4.0,3.230448946925007,1.51,170.0,0.12,16.4
-0.03600717066908667,0.006586621085668454,0.01751554519205328,-0.001388232695216179,0.9538084319600062,3.000000043429446,1.6,100.0,0.096,11.6
-0.03600717066908667,0.006586621085668454,0.01751554519205328,-0.001388232695216179,4.0,4.000000004342945,1.6,100.0,0.25,10.3
-0.03600717066908667,0.006586621085668454,0.01751554519205328,-0.001388232695216179,3.698970004336019,3.487138389623587,1.5,70.0,0.1,11.38
-0.03600717066908667,0.006586621085668454,0.01751554519205328,-0.001388232695216179,0.6018428983557322,3.000000043429446,1.6,100.0,0.06,19.5
-0.03600717066908667,0.006586621085668454,0.01751554519205328,-0.001388232695216179,0.9537650480648696,3.477121269196145,1.56,100.0,0.1,13.79
-0.03600717066908667,0.006586621085668454,0.01751554519205328,-0.001388232695216179,0.3008997268587542,3.000000043429446,1.6,100.0,0.1,15.92
-0.03600717066908667,0.006586621085668454,0.01751554519205328,-0.001388232695216179,1.148087033069473,3.000000043429446,1.5,100.0,0.1,15.87
-0.03600717066908667,0.006586621085668454,0.01751554519205328,-0.001388232695216179,4.0,3.397940026043817,1.59,100.0,0.04,16.02
-0.03600717066908667,0.006586621085668454,0.01751554519205328,-0.001388232695216179,0.0,2.977723651004054,1.6,95.0,0.096,16.34
-0.03600717066908667,0.006586621085668454,0.01751554519205328,-0.001388232695216179,0.6018428983557322,2.755874931864499,1.6,95.0,0.09,19.25
-0.03600717066908667,0.006586621085668454,0.01751554519205328,-0.001388232695216179,4.0,3.301030017378705,1.6,100.0,0.1,11.5
0.01889842806343216,0.01789688272352865,-0.004163048102718754,0.007448894851821705,0.6018428983557322,3.301030017378705,1.57,100.0,0.09,19.95
-0.03600717066908667,0.006586621085668454,0.01751554519205328,-0.001388232695216179,0.9538084319600062,3.000000043429446,1.6,100.0,0.1,18.5
-0.03600717066908667,0.006586621085668454,0.01751554519205328,-0.001388232695216179,0.4769475716611976,3.778151257621885,1.6,100.0,0.1,13.6
-0.03600717066908667,0.006586621085668454,0.01751554519205328,-0.001388232695216179,0.0,3.000000043429446,1.56,100.0,0.1,12.08
-0.03600717066908667,0.006586621085668454,0.01751554519205328,-0.001388232695216179,4.0,2.698970091194906,1.6,100.0,0.102,20.02
-0.0383478050194859,-0.01674133044879193,0.01081150590238326,-0.0332995469659015,0.6018428983557322,3.778151257621885,1.58,100.0,0.16,16.08
0.01721810518888469,0.0186848135286511,0.001603863546475575,-0.005737676287139042,0.6018428983557322,3.778151257621885,1.6,100.0,0.09,15.98
-0.03600717066908667,0.006586621085668454,0.01751554519205328,-0.001388232695216179,0.0,2.977723651004054,1.6,95.0,0.08,19.72
-0.03430025224384223,0.001832674546535224,0.01308966928787325,-0.007481570460287299,3.698970004336019,3.623249300738245,1.684,70.0,0.09,13.1
-0.03600717066908667,0.006586621085668454,0.01751554519205328,-0.001388232695216179,3.698970004336019,3.176091288008646,1.6,150.0,0.078,17.55
-0.03600717066908667,0.006586621085668454,0.01751554519205328,-0.001388232695216179,4.0,3.301030017378705,1.6,100.0,0.1,12.56
-0.03600717066908667,0.006586621085668454,0.01751554519205328,-0.001388232695216179,3.698970004336019,3.623249300738245,1.6,70.0,0.1,14.89
-0.03600717066908667,0.006586621085668454,0.01751554519205328,-0.001388232695216179,0.0,3.07918128223883,1.6,100.0,0.11,14.8
0.01268030238026302,0.001431572666677301,-0.01075462581781291,-0.04443333932421852,3.698970004336019,3.55448917211803,1.71,70.0,0.102,13.42
-0.03600717066908667,0.006586621085668454,0.01751554519205328,-0.001388232695216179,3.698970004336019,3.000000043429446,1.5,100.0,0.1,11.0
-0.03600717066908667,0.006586621085668454,0.01751554519205328,-0.001388232695216179,4.0,3.301030017378705,1.6,100.0,0.16,15.97
0.009094245613328436,0.003740616435034138,-0.008713471119083575,-0.03725500939988837,3.698970004336019,3.656098211599907,1.64,70.0,0.102,18.83
-0.03600717066908667,0.006586621085668454,0.01751554519205328,-0.001388232695216179,0.9537650480648696,3.477121269196145,1.5,100.0,0.1,11.28
0.03005776304970446,0.02672802650017309,0.01134055436796627,0.001908825983798767,3.942008053022313,3.477121269196145,1.526,150.0,0.09,20.45
-0.03600717066908667,0.006586621085668454,0.01751554519205328,-0.001388232695216179,0.3678320445894042,2.698970091194906,1.6,100.0,0.1,14.81
0.03005776304970446,0.02672802650017309,0.01134055436796627,0.001908825983798767,3.942008053022313,3.477121269196145,1.526,150.0,0.09,19.92
0.01519285890564475,0.01613689213021394,-0.0001681504279699043,-0.005518472658312402,0.6018428983557322,3.477121269196145,1.61,100.0,0.1,15.4
-0.03600717066908667,0.006586621085668454,0.01751554519205328,-0.001388232695216179,4.0,3.653212523426332,1.6,100.0,0.01,11.45
-0.03600717066908667,0.006586621085668454,0.01751554519205328,-0.001388232695216179,3.698970004336019,3.477121269196145,1.59,150.0,0.075,18.22
-0.03600717066908667,0.006586621085668454,0.01751554519205328,-0.001388232695216179,4.0,3.778151257621885,1.6,100.0,0.09,11.5
-0.03600717066908667,0.006586621085668454,0.01751554519205328,-0.001388232695216179,0.0,3.301030017378705,1.6,100.0,0.11,13.1
-0.03600717066908667,0.006586621085668454,0.01751554519205328,-0.001388232695216179,0.9538084319600062,2.698970091194906,1.6,100.0,0.12,17.42
0.03005776304970446,0.02672802650017309,0.01134055436796627,0.001908825983798767,0.902655909512625,3.477121269196145,1.48,150.0,0.1,24.66
0.01495801894762426,0.01542494765749997,-0.0007357112892081006,-0.004616223218084806,0.6018428983557322,3.778151257621885,1.6,100.0,0.16,16.15
-0.03600717066908667,0.006586621085668454,0.01751554519205328,-0.001388232695216179,0.885549101782847,2.217484207422603,1.6,65.0,0.11,20.29
-0.03600717066908667,0.006586621085668454,0.01751554519205328,-0.001388232695216179,0.9538084319600062,3.000000043429446,1.6,100.0,0.159,18.1
-0.03600717066908667,0.006586621085668454,0.01751554519205328,-0.001388232695216179,4.0,3.732393767865459,1.6,90.0,0.0725,16.6
-0.03600717066908667,0.006586621085668454,0.01751554519205328,-0.001388232695216179,3.698970004336019,3.176091288008646,1.6,100.0,0.06,10.1
-0.03600717066908667,0.006586621085668454,0.01751554519205328,-0.001388232695216179,0.0,3.000000043429446,1.5,100.0,0.0725,15.0
-0.03600717066908667,0.006586621085668454,0.01751554519205328,-0.001388232695216179,0.3678320445894042,3.474216278649895,1.6,60.0,0.12,11.08
-0.03600717066908667,0.006586621085668454,0.01751554519205328,-0.001388232695216179,4.0,2.653212610285218,1.6,90.0,0.055,11.92
-0.03600717066908667,0.006586621085668454,0.01751554519205328,-0.001388232695216179,4.0,3.778151257621885,1.6,100.0,0.16,15.25
-0.03600717066908667,0.006586621085668454,0.01751554519205328,-0.001388232695216179,3.698970004336019,3.306425048997328,1.6,135.0,0.108,15.8
-0.03600717066908667,0.006586621085668454,0.01751554519205328,-0.001388232695216179,4.0,4.033423759508195,1.6,90.0,0.1,12.1
-0.03600717066908667,0.006586621085668454,0.01751554519205328,-0.001388232695216179,0.0,3.000000043429446,1.55,100.0,0.14,11.4
-0.03600717066908667,0.006586621085668454,0.01751554519205328,-0.001388232695216179,3.698970004336019,3.778151257621885,1.5,100.0,0.1,12.91
-0.02278239447693326,0.01036814125439047,0.01580730048243987,-0.0004937699354612438,0.0,3.176091288008646,1.56,100.0,0.11,12.89
-0.03600717066908667,0.006586621085668454,0.01751554519205328,-0.001388232695216179,3.698970004336019,3.000000043429446,1.6,100.0,0.1,13.1
-0.03600717066908667,0.006586621085668454,0.01751554519205328,-0.001388232695216179,0.0,3.301030017378705,1.6,100.0,0.07,11.43
-0.03600717066908667,0.006586621085668454,0.01751554519205328,-0.001388232695216179,0.0,3.255272529230777,1.6,90.0,0.1,12.71
-0.03600717066908667,0.006586621085668454,0.01751554519205328,-0.001388232695216179,3.698970004336019,3.176091288008646,1.6,150.0,0.078,13.05
-0.03600717066908667,0.006586621085668454,0.01751554519205328,-0.001388232695216179,3.698970004336019,3.607455033937989,1.6,90.0,0.08,13.2
-0.03600717066908667,0.006586621085668454,0.01751554519205328,-0.001388232695216179,4.0,3.796574340148041,1.6,130.0,0.16,11.45
-0.03600717066908667,0.006586621085668454,0.01751554519205328,-0.001388232695216179,0.0,3.301030017378705,1.6,100.0,0.07,11.33
0.02426906489205793,0.02313763566186687,0.006017879679301838,0.001700746796246778,0.6018428983557322,2.204120254089891,1.54,80.0,0.058,12.68
-0.009459252107133524,0.01170164872309852,0.01101245111775466,-0.003414609595002316,4.0,1.778151974207177,1.5,60.0,0.045,15.1
-0.01617529853625768,0.01239181621706842,0.01509507911469608,-0.000123646437743316,0.9538084319600062,2.698970091194906,1.58,100.0,0.08,18.6
-0.03600717066908667,0.006586621085668454,0.01751554519205328,-0.001388232695216179,4.0,3.93196611980764,1.6,95.0,0.07,12.66
-0.03600717066908667,0.006586621085668454,0.01751554519205328,-0.001388232695216179,3.698970004336019,3.498310567576727,1.6,70.0,0.16,10.9
0.02426906489205793,0.02313763566186687,0.006017879679301838,0.001700746796246778,0.6018428983557322,3.064458026666096,1.54,80.0,0.058,16.77
0.01268030238026302,0.001431572666677301,-0.01075462581781291,-0.04443333932421852,3.698970004336019,3.66745296222962,1.71,70.0,0.102,15.96
-0.03600717066908667,0.006586621085668454,0.01751554519205328,-0.001388232695216179,0.0,3.778151257621885,1.58,100.0,0.1,13.01
-0.03600717066908667,0.006586621085668454,0.01751554519205328,-0.001388232695216179,4.0,3.643452686356516,1.6,110.0,0.1,15.75
-0.03600717066908667,0.006586621085668454,0.01751554519205328,-0.001388232695216179,3.698970004336019,2.90309004127875,1.6,100.0,0.11,14.4
-0.03600717066908667,0.006586621085668454,0.01751554519205328,-0.001388232695216179,4.0,3.954242514264819,1.6,100.0,0.1032,10.51
-0.03600717066908667,0.006586621085668454,0.01751554519205328,-0.001388232695216179,4.0,2.477121399484465,1.57,100.0,0.1,16.96
-0.03600717066908667,0.006586621085668454,0.01751554519205328,-0.001388232695216179,4.0,3.000000043429446,1.5,100.0,0.045,13.1
-0.03600717066908667,0.006586621085668454,0.01751554519205328,-0.001388232695216179,0.0,3.000000043429446,1.6,100.0,0.0314,12.93
-0.03600717066908667,0.006586621085668454,0.01751554519205328,-0.001388232695216179,3.698970004336019,4.033423759508195,1.6,90.0,0.098,14.3
0.01780132010994699,0.005407782496932709,-0.01462804553168481,-0.01497424033097033,4.0,4.148294100521416,1.72,70.0,0.0919,15.3
-0.03600717066908667,0.006586621085668454,0.01751554519205328,-0.001388232695216179,0.0,3.477121269196145,1.6,100.0,0.04,12.45
-0.03600717066908667,0.006586621085668454,0.01751554519205328,-0.001388232695216179,0.0,3.021189340431315,1.6,105.0,0.09,13.15
-0.03600717066908667,0.006586621085668454,0.01751554519205328,-0.001388232695216179,4.0,3.653212523426332,1.6,100.0,0.09,10.36
-0.03600717066908667,0.006586621085668454,0.01751554519205328,-0.001388232695216179,3.698970004336019,3.845098046218464,1.6,100.0,0.16,11.66
-0.03600717066908667,0.006586621085668454,0.01751554519205328,-0.001388232695216179,4.0,3.000000043429446,1.6,100.0,0.16,12.3
-0.03600717066908667,0.006586621085668454,0.01751554519205328,-0.001388232695216179,4.0,3.954242514264819,1.6,100.0,0.1,11.96
-0.03600717066908667,0.006586621085668454,0.01751554519205328,-0.001388232695216179,4.0,3.000000043429446,1.6,100.0,0.16,15.06
0.01721810518888469,0.0186848135286511,0.001603863546475575,-0.005737676287139042,0.6018428983557322,3.778151257621885,1.6,100.0,0.09,19.1
-0.03600717066908667,0.006586621085668454,0.01751554519205328,-0.001388232695216179,3.698970004336019,3.322219315414608,1.6,70.0,0.09,12.76
-0.03600717066908667,0.006586621085668454,0.01751554519205328,-0.001388232695216179,0.6987095057886286,3.447158046852736,1.5,140.0,0.09,14.0
-0.03600717066908667,0.006586621085668454,0.01751554519205328,-0.001388232695216179,0.3678320445894042,4.079181249666745,1.6,50.0,0.15,15.5
-0.01549142515685884,0.0213377970377838,-0.05052475364080292,0.0662358275947395,4.0,3.000000043429446,1.5,100.0,0.0464,16.42
-0.03600717066908667,0.006586621085668454,0.01751554519205328,-0.001388232695216179,0.0,3.000000043429446,1.6,100.0,0.045,15.14
-0.03600717066908667,0.006586621085668454,0.01751554519205328,-0.001388232695216179,0.0,2.698970091194906,1.6,100.0,0.1,11.74
-0.02318085844109488,-0.006901461216180621,0.02153079392391328,0.005443436258708,0.9995225386255447,2.90309004127875,1.61,80.0,0.09,13.83
-0.03289042032241936,-0.002805718341861456,0.008679248139178858,-0.01373382886032731,3.698970004336019,3.146128066699271,1.62,140.0,0.09,12.91
-0.03600717066908667,0.006586621085668454,0.01751554519205328,-0.001388232695216179,0.6018428983557322,3.029383818273477,1.6,70.0,0.1,18.0
-0.03600717066908667,0.006586621085668454,0.01751554519205328,-0.001388232695216179,0.6018428983557322,3.000000043429446,1.6,100.0,0.1,17.9
-0.03600717066908667,0.006586621085668454,0.01751554519205328,-0.001388232695216179,0.6018428983557322,3.000000043429446,1.6,100.0,0.1,18.05
-0.03600717066908667,0.006586621085668454,0.01751554519205328,-0.001388232695216179,0.0,3.000000043429446,1.63,100.0,0.1,16.82
0.03005776304970446,0.02672802650017309,0.01134055436796627,0.001908825983798767,0.6018428983557322,3.301030017378705,1.51,100.0,0.11,14.51
-0.03600717066908667,0.006586621085668454,0.01751554519205328,-0.001388232695216179,0.0,3.477121269196145,1.6,50.0,0.107,13.98
-0.03600717066908667,0.006586621085668454,0.01751554519205328,-0.001388232695216179,0.0,2.301030212811168,1.6,100.0,0.115,18.5
-0.03600717066908667,0.006586621085668454,0.01751554519205328,-0.001388232695216179,0.7778473505988311,3.000000043429446,1.6,100.0,0.12,13.39
-0.03600717066908667,0.006586621085668454,0.01751554519205328,-0.001388232695216179,0.3678320445894042,3.508529732437782,1.6,75.0,0.16,12.6
-0.03600717066908667,0.006586621085668454,0.01751554519205328,-0.001388232695216179,0.0,3.07918128223883,1.6,100.0,0.11,14.0
-0.03600717066908667,0.006586621085668454,0.01751554519205328,-0.001388232695216179,3.698970004336019,4.103803724375599,1.59,70.0,0.1,12.82
-0.03600717066908667,0.006586621085668454,0.01751554519205328,-0.001388232695216179,0.9537650480648696,2.792391759545745,1.6,60.0,0.9,16.85
-0.03600717066908667,0.006586621085668454,0.01751554519205328,-0.001388232695216179,0.0,3.000000043429446,1.63,100.0,0.1,15.8
-0.03600717066908667,0.006586621085668454,0.01751554519205328,-0.001388232695216179,4.0,2.698970091194906,1.6,100.0,0.102,18.44
0.01048738180198483,-0.01236500729567984,0.02324921616876246,0.00217955937251081,0.6018428983557322,2.698970091194906,1.25,100.0,0.1,13.94
-0.03600717066908667,0.006586621085668454,0.01751554519205328,-0.001388232695216179,4.0,3.301030017378705,1.5,100.0,0.16,17.12
-0.03600717066908667,0.006586621085668454,0.01751554519205328,-0.001388232695216179,3.698970004336019,3.487138389623587,1.5,70.0,0.1,12.38
-0.03600717066908667,0.006586621085668454,0.01751554519205328,-0.001388232695216179,0.6018428983557322,2.342422878228744,1.6,60.0,0.09,17.01
0.03005776304970446,0.02672802650017309,0.01134055436796627,0.001908825983798767,4.0,4.130333771712002,1.48,130.0,0.1,15.4
-0.03600717066908667,0.006586621085668454,0.01751554519205328,-0.001388232695216179,4.0,2.301030212811168,1.6,100.0,0.096,17.3
-0.03600717066908667,0.006586621085668454,0.01751554519205328,-0.001388232695216179,0.0,3.000000043429446,1.6,100.0,0.09,20.0
-0.03600717066908667,0.006586621085668454,0.01751554519205328,-0.001388232695216179,4.0,3.33845651352637,1.8,60.0,0.045,12.13
-0.03600717066908667,0.006586621085668454,0.01751554519205328,-0.001388232695216179,3.698970004336019,3.431363780243968,1.6,70.0,0.15,11.2
-0.03600717066908667,0.006586621085668454,0.01751554519205328,-0.001388232695216179,4.0,3.000000043429446,1.59,100.0,0.1,10.53
-0.03600717066908667,0.006586621085668454,0.01751554519205328,-0.001388232695216179,4.0,2.698970091194906,1.59,100.0,0.045,13.8
-0.03600717066908667,0.006586621085668454,0.01751554519205328,-0.001388232695216179,4.0,2.90309004127875,1.6,80.0,0.1,14.3
-0.03600717066908667,0.006586621085668454,0.01751554519205328,-0.001388232695216179,4.0,3.113943385714103,1.57,130.0,0.09,13.7
-0.03600717066908667,0.006586621085668454,0.01751554519205328,-0.001388232695216179,3.698970004336019,3.607455033937989,1.61,90.0,0.08,10.47
-0.03600717066908667,0.006586621085668454,0.01751554519205328,-0.001388232695216179,4.0,2.653212610285218,1.6,90.0,0.055,12.72
-0.03600717066908667,0.006586621085668454,0.01751554519205328,-0.001388232695216179,0.9538084319600062,2.518514071482256,1.6,65.0,0.1,13.8
-0.03600717066908667,0.006586621085668454,0.01751554519205328,-0.001388232695216179,4.0,3.795880024292787,1.6,25.0,0.1,10.11
-0.03600717066908667,0.006586621085668454,0.01751554519205328,-0.001388232695216179,1.148087033069473,3.000000043429446,1.5,100.0,0.1,18.53
-0.03600717066908667,0.006586621085668454,0.01751554519205328,-0.001388232695216179,4.0,3.477121269196145,1.6,100.0,1.1,10.38
-0.03600717066908667,0.006586621085668454,0.01751554519205328,-0.001388232695216179,4.0,3.000000043429446,1.59,100.0,0.1,13.53
-0.03600717066908667,0.006586621085668454,0.01751554519205328,-0.001388232695216179,0.9538084319600062,3.029383818273477,1.61,70.0,0.1,15.8
-0.03600717066908667,0.006586621085668454,0.01751554519205328,-0.001388232695216179,4.0,3.000000043429446,1.6,100.0,0.075,11.0
0.00924468594300522,-0.003042749062691462,-0.01028585697258479,-0.01864098575624602,0.6018277059109542,3.778151257621885,1.63,100.0,0.125,17.91
-0.03600717066908667,0.006586621085668454,0.01751554519205328,-0.001388232695216179,0.3008997268587542,3.000000043429446,1.6,100.0,0.104,11.7
-0.03600717066908667,0.006586621085668454,0.01751554519205328,-0.001388232695216179,3.698970004336019,4.033423759508195,1.6,90.0,0.098,13.6
-0.03600717066908667,0.006586621085668454,0.01751554519205328,-0.001388232695216179,0.0,3.000000043429446,1.59,100.0,0.0314,15.1
-0.03600717066908667,0.006586621085668454,0.01751554519205328,-0.001388232695216179,0.0,3.477121269196145,1.6,100.0,0.165,14.5
-0.03600717066908667,0.006586621085668454,0.01751554519205328,-0.001388232695216179,0.0,2.698970091194906,1.6,100.0,0.1,13.6
0.02790962296212144,0.02625093142065337,0.008624740481725207,0.004809183415632299,0.6018428983557322,3.477121269196145,1.61,100.0,0.1017,21.67
0.01721810518888469,0.0186848135286511,0.001603863546475575,-0.005737676287139042,0.6018428983557322,3.778151257621885,1.55,100.0,0.16,18.77
-0.03600717066908667,0.006586621085668454,0.01751554519205328,-0.001388232695216179,4.0,3.33845651352637,1.8,60.0,0.045,13.63
-0.01510173540570771,0.02041002510205485,-0.05044386431034393,0.06710567041166383,0.6018428983557322,3.477121269196145,1.75,300.0,0.159,12.6
-0.03600717066908667,0.006586621085668454,0.01751554519205328,-0.001388232695216179,4.0,3.000000043429446,1.6,100.0,0.09,10.2
-0.01516813390645223,0.02081518752816767,-0.04973885963428085,0.06564933978903119,0.0,2.875061321297627,1.73,25.0,0.16,11.6
-0.03600717066908667,0.006586621085668454,0.01751554519205328,-0.001388232695216179,3.698970004336019,3.477121269196145,1.59,150.0,0.075,14.72
-0.03600717066908667,0.006586621085668454,0.01751554519205328,-0.001388232695216179,3.698970004336019,3.469822030700009,1.6,70.0,0.1,11.29
-0.03600717066908667,0.006586621085668454,0.01751554519205328,-0.001388232695216179,1.040871844222039,3.000000043429446,1.6,100.0,0.13,11.9
-0.03600717066908667,0.006586621085668454,0.01751554519205328,-0.001388232695216179,3.698970004336019,3.613947487344555,1.6,101.0,0.0004,15.67
-0.03600717066908667,0.006586621085668454,0.01751554519205328,-0.001388232695216179,0.0,3.07918128223883,1.6,120.0,0.24,14.0
-0.03600717066908667,0.006586621085668454,0.01751554519205328,-0.001388232695216179,3.698970004336019,3.306425048997328,1.6,135.0,0.108,15.4
-0.03600717066908667,0.006586621085668454,0.01751554519205328,-0.001388232695216179,0.3678320445894042,3.000000043429446,1.6,100.0,0.0314,16.81
-0.03600717066908667,0.006586621085668454,0.01751554519205328,-0.001388232695216179,4.0,3.146128066699271,1.6,70.0,0.09,12.7
0.01519285890564475,0.01613689213021394,-0.0001681504279699043,-0.005518472658312402,0.6018428983557322,3.778151257621885,1.7,100.0,0.088,18.47
0.01595086659036125,0.01715179071264882,0.0007689970839751136,-0.004302643624446361,0.9995225386255447,3.716837731635311,1.6,70.0,0.105,18.61
-0.03600717066908667,0.006586621085668454,0.01751554519205328,-0.001388232695216179,0.9538084319600062,2.301030212811168,1.6,100.0,0.09,16.0
-0.03600717066908667,0.006586621085668454,0.01751554519205328,-0.001388232695216179,0.0,3.000000043429446,1.6,100.0,0.1119999999999999,13.95
-0.03600717066908667,0.006586621085668454,0.01751554519205328,-0.001388232695216179,3.698970004336019,3.322219315414608,1.6,70.0,0.07,12.71
-0.03600717066908667,0.006586621085668454,0.01751554519205328,-0.001388232695216179,0.0,3.204120009799329,1.6,80.0,0.1,12.39
-0.03600717066908667,0.006586621085668454,0.01751554519205328,-0.001388232695216179,4.0,3.653212523426332,1.6,100.0,0.01,12.37
-0.03600717066908667,0.006586621085668454,0.01751554519205328,-0.001388232695216179,0.6018320465552318,2.74036276845687,1.6,110.0,0.1,19.51
0.01402419802852784,0.01451108521805451,-0.0008313886289499669,-0.001408508062013671,0.6018428983557322,3.000000043429446,1.63,100.0,0.1,20.75
-0.03600717066908667,0.006586621085668454,0.01751554519205328,-0.001388232695216179,3.698970004336019,2.845098102056321,1.6,70.0,0.1,14.7
-0.03600717066908667,0.006586621085668454,0.01751554519205328,-0.001388232695216179,0.0,3.875061269182293,1.6,100.0,0.09,10.95
-0.03600717066908667,0.006586621085668454,0.01751554519205328,-0.001388232695216179,4.0,3.778151257621885,1.5,100.0,0.0725,15.73
-0.03600562255436168,0.006585262151843551,0.01751782781764756,-0.001410260912717985,0.0,3.301030017378705,1.6,100.0,0.11,14.0
-0.03600717066908667,0.006586621085668454,0.01751554519205328,-0.001388232695216179,0.6018428983557322,2.74036276845687,1.6,110.0,0.1,16.53
0.01519285890564475,0.01613689213021394,-0.0001681504279699043,-0.005518472658312402,0.6018428983557322,3.778151257621885,1.63,100.0,0.071,13.22
-0.03600717066908667,0.006586621085668454,0.01751554519205328,-0.001388232695216179,4.0,4.033423759508195,1.6,90.0,0.1,14.0
-0.03600717066908667,0.006586621085668454,0.01751554519205328,-0.001388232695216179,0.3678320445894042,3.000000043429446,1.6,100.0,0.1,14.5
-0.03600717066908667,0.006586621085668454,0.01751554519205328,-0.001388232695216179,3.698970004336019,3.306425048997328,1.6,135.0,0.108,15.6
-0.03600717066908667,0.006586621085668454,0.01751554519205328,-0.001388232695216179,0.0,3.000000043429446,1.51,100.0,0.096,14.9
-0.03600562255436168,0.006585262151843551,0.01751782781764756,-0.001410260912717985,0.0,3.000000043429446,1.6,100.0,0.1,12.19
-0.01203824431151404,-0.002950123550930105,0.01989959864717675,0.0009744645699744081,0.6018428983557322,2.698970091194906,1.33,100.0,1.0,12.44
-0.03600717066908667,0.006586621085668454,0.01751554519205328,-0.001388232695216179,4.0,3.681241246423389,1.58,80.0,0.096,13.3
0.01780132010994699,0.005407782496932709,-0.01462804553168481,-0.01497424033097033,4.0,4.148294100521416,1.72,70.0,0.0919,17.3
-0.03600717066908667,0.006586621085668454,0.01751554519205328,-0.001388232695216179,3.698970004336019,3.039414158837732,1.6,25.0,0.07,17.6
-0.03600717066908667,0.006586621085668454,0.01751554519205328,-0.001388232695216179,-1.040326494084594,2.724275951543136,1.627,65.0,0.09,12.22
-0.03600717066908667,0.006586621085668454,0.01751554519205328,-0.001388232695216179,0.6018428983557322,3.653212523426332,1.6,100.0,0.04,17.97
0.01495801894762426,0.01542494765749997,-0.0007357112892081006,-0.004616223218084806,0.6018428983557322,3.778151257621885,1.6,100.0,0.16,15.76
0.0257194166839745,0.02578981178637941,0.005794413339720797,0.007792364841226481,0.9538084319600062,3.000000043429446,1.48,100.0,0.06,19.09
-0.03600717066908667,0.006586621085668454,0.01751554519205328,-0.001388232695216179,0.0,3.176091288008646,1.59,50.0,0.13,13.8
-0.03600717066908667,0.006586621085668454,0.01751554519205328,-0.001388232695216179,0.9995225386255447,3.000000043429446,1.6,100.0,0.09,18.03
-0.03600717066908667,0.006586621085668454,0.01751554519205328,-0.001388232695216179,4.0,3.000000043429446,1.6,100.0,0.04,12.88
0.02426906489205793,0.02313763566186687,0.006017879679301838,0.001700746796246778,0.6018428983557322,2.204120254089891,1.54,80.0,0.058,20.3
-0.03600717066908667,0.006586621085668454,0.01751554519205328,-0.001388232695216179,3.698970004336019,3.153814894821334,1.6,95.0,0.055,13.6
0.02426906489205793,0.02313763566186687,0.006017879679301838,0.001700746796246778,0.6018428983557322,2.204120254089891,1.54,80.0,0.058,20.3
-0.03600717066908667,0.006586621085668454,0.01751554519205328,-0.001388232695216179,0.6017994927805721,3.477121269196145,1.6,100.0,0.1,16.26
-0.03600717066908667,0.006586621085668454,0.01751554519205328,-0.001388232695216179,4.0,3.90848502424031,1.6,90.0,0.04,12.3
0.01519285890564475,0.01613689213021394,-0.0001681504279699043,-0.005518472658312402,0.6018428983557322,3.778151257621885,1.63,100.0,0.071,11.7
-0.03600717066908667,0.006586621085668454,0.01751554519205328,-0.001388232695216179,0.0,3.176091288008646,1.6,100.0,0.0314,15.44
-0.03600717066908667,0.006586621085668454,0.01751554519205328,-0.001388232695216179,0.0,3.000000043429446,1.6,100.0,0.1,13.15
-0.03600717066908667,0.006586621085668454,0.01751554519205328,-0.001388232695216179,0.1759826990046465,3.0334237956994,1.5,40.0,0.09,13.22
0.02274526485520561,0.02336249955656735,0.009508529428223852,-1.052920997297618e-05,0.9772244535919058,3.365488003610489,1.57,70.0,0.09,20.6
0.01519285890564475,0.01613689213021394,-0.0001681504279699043,-0.005518472658312402,0.6018428983557322,3.778151257621885,1.61,100.0,0.085,15.8
-0.03600717066908667,0.006586621085668454,0.01751554519205328,-0.001388232695216179,3.698970004336019,3.778151257621885,1.6,100.0,0.096,10.5
-0.03600717066908667,0.006586621085668454,0.01751554519205328,-0.001388232695216179,0.9124512459397834,3.954242514264819,1.6,100.0,0.1,19.5
-0.03600717066908667,0.006586621085668454,0.01751554519205328,-0.001388232695216179,4.0,3.176091288008646,1.6,100.0,0.08,12.71
-0.03600717066908667,0.006586621085668454,0.01751554519205328,-0.001388232695216179,3.698970004336019,3.591064618162255,1.6,130.0,0.1,16.0
-0.03600717066908667,0.006586621085668454,0.01751554519205328,-0.001388232695216179,0.9538084319600062,2.792391759545745,1.6,60.0,0.09,13.16
-0.03600717066908667,0.006586621085668454,0.01751554519205328,-0.001388232695216179,0.9124512459397834,3.954242514264819,1.6,100.0,0.1,18.8
-0.03600717066908667,0.006586621085668454,0.01751554519205328,-0.001388232695216179,0.9538084319600062,2.792391759545745,1.6,60.0,0.09,15.44
-0.03600717066908667,0.006586621085668454,0.01751554519205328,-0.001388232695216179,0.0,3.000000043429446,1.55,100.0,0.06,11.31
-0.03600717066908667,0.006586621085668454,0.01751554519205328,-0.001388232695216179,0.9538084319600062,3.197280585699871,1.6,105.0,0.04,15.16
-0.03600717066908667,0.006586621085668454,0.01751554519205328,-0.001388232695216179,3.698970004336019,3.000000043429446,1.6,100.0,0.0625,12.78
-0.03600717066908667,0.006586621085668454,0.01751554519205328,-0.001388232695216179,4.0,2.301030212811168,1.5,100.0,0.16,15.62
0.02477534379536052,0.0251130772134741,0.01152687453299924,0.001822822911016522,0.9537650480648696,3.365488003610489,1.55,70.0,0.07,23.53
-0.03600717066908667,0.006586621085668454,0.01751554519205328,-0.001388232695216179,3.698970004336019,3.716003351986616,1.6,70.0,0.125,11.9
-0.03600717066908667,0.006586621085668454,0.01751554519205328,-0.001388232695216179,0.0,3.518513953038326,1.6,110.0,0.09,18.24
-0.03600717066908667,0.006586621085668454,0.01751554519205328,-0.001388232695216179,0.9994791590638145,3.477121269196145,1.6,100.0,0.04,18.06
-0.03600717066908667,0.006586621085668454,0.01751554519205328,-0.001388232695216179,3.698970004336019,3.230448946925007,1.6,100.0,0.12,17.23
-0.03600717066908667,0.006586621085668454,0.01751554519205328,-0.001388232695216179,0.6018428983557322,2.755874931864499,1.6,95.0,0.09,16.13
0.01495801894762426,0.01542494765749997,-0.0007357112892081006,-0.004616223218084806,0.6018428983557322,3.778151257621885,1.6,100.0,0.16,12.15
0.01570202896057713,0.01685092012955507,0.000592627276002662,-0.004006531089992674,0.6018428983557322,3.778151257621885,1.59,100.0,0.105,17.2
-0.03600717066908667,0.006586621085668454,0.01751554519205328,-0.001388232695216179,4.0,3.600972906571322,1.6,105.0,0.04,11.33
-0.03600717066908667,0.006586621085668454,0.01751554519205328,-0.001388232695216179,3.698970004336019,3.903089992420624,1.6,100.0,0.1,13.3
-0.03600717066908667,0.006586621085668454,0.01751554519205328,-0.001388232695216179,4.0,4.079181249666745,1.6,80.0,0.09,17.12
-0.03600717066908667,0.006586621085668454,0.01751554519205328,-0.001388232695216179,0.9026992977420334,2.423246037821487,1.6,65.0,0.11,14.94
0.01048738180198483,-0.01236500729567984,0.02324921616876246,0.00217955937251081,0.812587757865713,2.698970091194906,1.25,100.0,0.1,17.69
-0.03600717066908667,0.006586621085668454,0.01751554519205328,-0.001388232695216179,3.698970004336019,3.322219315414608,1.5,70.0,0.1,12.4
-0.03600717066908667,0.006586621085668454,0.01751554519205328,-0.001388232695216179,0.6018428983557322,3.113943385714103,1.6,60.0,0.09,16.5
0.01530674202554747,0.01682035986206738,0.0009506631315538203,-0.002328721414834217,0.6018428983557322,3.000000043429446,1.59,100.0,0.1,18.57
-0.03600717066908667,0.006586621085668454,0.01751554519205328,-0.001388232695216179,0.0,3.07918128223883,1.6,120.0,0.81,17.34
-0.03600717066908667,0.006586621085668454,0.01751554519205328,-0.001388232695216179,0.3678320445894042,3.000000043429446,1.6,100.0,0.1,12.41
0.03005776304970446,0.02672802650017309,0.01134055436796627,0.001908825983798767,4.0,4.130333771712002,1.48,130.0,0.1,10.9
-0.03600717066908667,0.006586621085668454,0.01751554519205328,-0.001388232695216179,4.0,3.397940026043817,1.55,100.0,0.1,13.69
-0.03600717066908667,0.006586621085668454,0.01751554519205328,-0.001388232695216179,0.6018428983557322,3.698970013021909,1.61,100.0,0.09,14.7
-0.03600717066908667,0.006586621085668454,0.01751554519205328,-0.001388232695216179,0.9538084319600062,3.07918128223883,1.6,120.0,0.16,20.18
-0.03600717066908667,0.006586621085668454,0.01751554519205328,-0.001388232695216179,4.0,3.653212523426332,1.6,100.0,0.135,13.69
-0.03600717066908667,0.006586621085668454,0.01751554519205328,-0.001388232695216179,0.0,3.477121269196145,1.6,100.0,0.165,13.4
-0.03600717066908667,0.006586621085668454,0.01751554519205328,-0.001388232695216179,4.0,3.380211259807209,1.62,60.0,0.06,13.6
-0.03600717066908667,0.006586621085668454,0.01751554519205328,-0.001388232695216179,0.9538084319600062,2.423246037821487,1.56,65.0,0.12,16.28
-0.03600717066908667,0.006586621085668454,0.01751554519205328,-0.001388232695216179,-1.040326494084594,2.724275951543136,1.627,65.0,0.09,12.04
-0.03600717066908667,0.006586621085668454,0.01751554519205328,-0.001388232695216179,0.0,3.000000043429446,1.6,100.0,0.14,12.41
0.01495801894762426,0.01542494765749997,-0.0007357112892081006,-0.004616223218084806,0.6018428983557322,3.778151257621885,1.6,100.0,0.16,15.96
0.01196915982276282,0.01393951490643913,-0.001059592683782432,-0.01037398907682857,0.6018428983557322,3.778151257621885,1.61,100.0,0.09,12.73
-0.03600717066908667,0.006586621085668454,0.01751554519205328,-0.001388232695216179,0.4769475716611976,3.477121269196145,1.6,100.0,0.1,16.55
0.01268030238026302,0.001431572666677301,-0.01075462581781291,-0.04443333932421852,3.698970004336019,3.656098211599907,1.71,70.0,0.102,13.96
-0.03600717066908667,0.006586621085668454,0.01751554519205328,-0.001388232695216179,3.698970004336019,3.498310567576727,1.6,70.0,0.16,12.47
-0.03600717066908667,0.006586621085668454,0.01751554519205328,-0.001388232695216179,0.0,3.07918128223883,1.6,120.0,0.81,15.78
-0.03600717066908667,0.006586621085668454,0.01751554519205328,-0.001388232695216179,0.0,3.000000043429446,1.55,100.0,0.06,12.49
-0.03600717066908667,0.006586621085668454,0.01751554519205328,-0.001388232695216179,0.885549101782847,2.217484207422603,1.6,65.0,0.11,16.36
-0.03600717066908667,0.006586621085668454,0.01751554519205328,-0.001388232695216179,0.4769475716611976,3.778151257621885,1.6,100.0,0.1,12.0
-0.03600717066908667,0.006586621085668454,0.01751554519205328,-0.001388232695216179,4.0,3.954242514264819,1.6,100.0,0.1032,12.39
-0.03600717066908667,0.006586621085668454,0.01751554519205328,-0.001388232695216179,0.0,3.000000043429446,1.6,100.0,0.045,14.3
-0.03600717066908667,0.006586621085668454,0.01751554519205328,-0.001388232695216179,4.0,3.732393767865459,1.6,90.0,0.017,10.77
0.01048738180198483,-0.01236500729567984,0.02324921616876246,0.00217955937251081,0.6018428983557322,2.698970091194906,1.25,100.0,0.1,12.93
0.02426906489205793,0.02313763566186687,0.006017879679301838,0.001700746796246778,0.6018428983557322,2.204120254089891,1.54,80.0,0.058,20.34
0.01889842806343216,0.01789688272352865,-0.004163048102718754,0.007448894851821705,0.6018428983557322,3.301030017378705,1.57,100.0,0.09,16.65
0.02790962296212144,0.02625093142065337,0.008624740481725207,0.004809183415632299,0.6018428983557322,3.477121269196145,1.61,100.0,0.1017,16.34
-0.03600717066908667,0.006586621085668454,0.01751554519205328,-0.001388232695216179,0.9538084319600062,3.477121269196145,1.6,100.0,0.08,10.96
-0.03600717066908667,0.006586621085668454,0.01751554519205328,-0.001388232695216179,0.6018428983557322,2.74818810455878,1.6,60.0,0.06,17.6
-0.03600717066908667,0.006586621085668454,0.01751554519205328,-0.001388232695216179,0.885549101782847,3.000000043429446,1.6,100.0,0.1,12.3
-0.03600717066908667,0.006586621085668454,0.01751554519205328,-0.001388232695216179,0.3678320445894042,3.000000043429446,1.6,100.0,0.1,15.36
-0.03600717066908667,0.006586621085668454,0.01751554519205328,-0.001388232695216179,4.0,3.982271237563469,1.6,80.0,0.09,12.3
-0.03600717066908667,0.006586621085668454,0.01751554519205328,-0.001388232695216179,0.9307048804138304,3.406540197465111,1.5,70.0,0.1,14.0
-0.03600717066908667,0.006586621085668454,0.01751554519205328,-0.001388232695216179,4.0,3.000000043429446,1.6,100.0,0.09,14.5
-0.03600717066908667,0.006586621085668454,0.01751554519205328,-0.001388232695216179,0.0,3.556302512831023,1.6,120.0,1.0,10.43
-0.03600717066908667,0.006586621085668454,0.01751554519205328,-0.001388232695216179,0.0,3.588831736787364,1.6,120.0,0.09,13.97
-0.03600717066908667,0.006586621085668454,0.01751554519205328,-0.001388232695216179,4.0,4.033423759508195,1.6,100.0,0.0625,16.13
-0.03600717066908667,0.006586621085668454,0.01751554519205328,-0.001388232695216179,0.0,3.000000043429446,1.6,100.0,0.09,14.05
-0.03600717066908667,0.006586621085668454,0.01751554519205328,-0.001388232695216179,0.0,4.079181249666745,1.6,100.0,0.1,17.0
-0.03600717066908667,0.006586621085668454,0.01751554519205328,-0.001388232695216179,4.0,3.600972906571322,1.6,105.0,0.04,12.3
-0.03600717066908667,0.006586621085668454,0.01751554519205328,-0.001388232695216179,3.698970004336019,3.716003351986616,1.6,70.0,0.125,14.45
-0.03600717066908667,0.006586621085668454,0.01751554519205328,-0.001388232695216179,4.0,3.000000043429446,1.6,100.0,0.1,11.95
-0.03600717066908667,0.006586621085668454,0.01751554519205328,-0.001388232695216179,4.0,3.919078097608538,1.6,65.0,0.07,10.14
-0.03600717066908667,0.006586621085668454,0.01751554519205328,-0.001388232695216179,4.0,3.000000043429446,1.6,100.0,0.1,19.05
-0.03600717066908667,0.006586621085668454,0.01751554519205328,-0.001388232695216179,0.0,2.90309004127875,1.6,80.0,0.1,12.2
-0.03600717066908667,0.006586621085668454,0.01751554519205328,-0.001388232695216179,4.0,2.698970091194906,1.6,100.0,0.1,14.0
-0.03600717066908667,0.006586621085668454,0.01751554519205328,-0.001388232695216179,0.0,2.90309004127875,1.6,60.0,0.1,14.4
-0.007289235202466562,-0.03770929257135377,0.02647037282397736,0.03111547998755086,-8.68502116489478e-05,3.000000043429446,1.67,100.0,0.09,10.06
-0.03600717066908667,0.006586621085668454,0.01751554519205328,-0.001388232695216179,0.3678320445894042,3.380211259807209,1.6,80.0,0.1,16.91
-0.03600717066908667,0.006586621085668454,0.01751554519205328,-0.001388232695216179,3.698970004336019,2.919078144700707,1.55,70.0,0.1,11.4
-0.03600717066908667,0.006586621085668454,0.01751554519205328,-0.001388232695216179,0.0,2.90309004127875,1.6,80.0,0.1,11.4
-0.03600717066908667,0.006586621085668454,0.01751554519205328,-0.001388232695216179,0.6018428983557322,2.755874931864499,1.6,95.0,0.09,19.78
-0.03600717066908667,0.006586621085668454,0.01751554519205328,-0.001388232695216179,4.0,3.000000043429446,1.6,100.0,0.09,14.1
-0.03600717066908667,0.006586621085668454,0.01751554519205328,-0.001388232695216179,3.698970004336019,4.089905114970247,1.6,100.0,0.18,12.78
-0.03600717066908667,0.006586621085668454,0.01751554519205328,-0.001388232695216179,0.3678320445894042,3.000000043429446,1.6,100.0,0.1,17.82
-0.03600717066908667,0.006586621085668454,0.01751554519205328,-0.001388232695216179,0.6018428983557322,2.342422878228744,1.6,60.0,0.09,16.53
-0.03600717066908667,0.006586621085668454,0.01751554519205328,-0.001388232695216179,4.0,3.000000043429446,1.6,100.0,0.045,18.3
-0.03600717066908667,0.006586621085668454,0.01751554519205328,-0.001388232695216179,0.0,3.000000043429446,1.6,100.0,0.1,10.94
-0.03600717066908667,0.006586621085668454,0.01751554519205328,-0.001388232695216179,4.0,3.778151257621885,1.6,100.0,0.04,10.9
-0.03600717066908667,0.006586621085668454,0.01751554519205328,-0.001388232695216179,0.9494913538483241,3.113943385714103,1.6,100.0,0.0707,19.65
0.0257194166839745,0.02578981178637941,0.005794413339720797,0.007792364841226481,0.9538084319600062,3.000000043429446,1.48,100.0,0.06,18.89
-0.03600717066908667,0.006586621085668454,0.01751554519205328,-0.001388232695216179,0.6018428983557322,2.755874931864499,1.6,95.0,0.09,18.91
-0.03600717066908667,0.006586621085668454,0.01751554519205328,-0.001388232695216179,4.0,3.000000043429446,1.6,100.0,0.1,14.0
-0.03600717066908667,0.006586621085668454,0.01751554519205328,-0.001388232695216179,3.698970004336019,3.778151257621885,1.6,100.0,0.01,12.19
-0.03600717066908667,0.006586621085668454,0.01751554519205328,-0.001388232695216179,0.9538084319600062,3.477121269196145,1.6,100.0,0.1,13.62
-0.03600717066908667,0.006586621085668454,0.01751554519205328,-0.001388232695216179,3.698970004336019,2.90309004127875,1.6,80.0,0.12,14.18
-0.03600717066908667,0.006586621085668454,0.01751554519205328,-0.001388232695216179,0.0,3.301030017378705,1.6,100.0,0.04,12.0
-0.03600717066908667,0.006586621085668454,0.01751554519205328,-0.001388232695216179,3.845098040014257,3.000000043429446,1.6,100.0,0.09,10.9
-0.03600717066908667,0.006586621085668454,0.01751554519205328,-0.001388232695216179,3.698970004336019,3.491361707843772,1.6,70.0,0.1,14.47
-0.03600717066908667,0.006586621085668454,0.01751554519205328,-0.001388232695216179,3.698970004336019,4.079181249666745,1.59,100.0,0.04,12.55
0.02426906489205793,0.02313763566186687,0.006017879679301838,0.001700746796246778,0.6018428983557322,2.204120254089891,1.54,80.0,0.058,16.61
-0.03600717066908667,0.006586621085668454,0.01751554519205328,-0.001388232695216179,4.0,3.113943385714103,1.55,130.0,0.13,13.7
-0.03600717066908667,0.006586621085668454,0.01751554519205328,-0.001388232695216179,3.698970004336019,3.556302512831023,1.5,90.0,0.07,12.66
0.02426906489205793,0.02313763566186687,0.006017879679301838,0.001700746796246778,0.6018428983557322,2.204120254089891,1.54,80.0,0.058,15.33
-0.03600717066908667,0.006586621085668454,0.01751554519205328,-0.001388232695216179,4.0,3.176091288008646,1.6,100.0,0.1,11.4
-0.03600717066908667,0.006586621085668454,0.01751554519205328,-0.001388232695216179,3.698970004336019,3.681241246423389,1.6,60.0,0.055,12.55
0.01721810518888469,0.0186848135286511,0.001603863546475575,-0.005737676287139042,0.6018428983557322,3.477121269196145,1.51,100.0,0.13,17.0
-0.03600717066908667,0.006586621085668454,0.01751554519205328,-0.001388232695216179,2.920818753952375,3.301030017378705,1.6,100.0,0.08,14.25
-0.03600717066908667,0.006586621085668454,0.01751554519205328,-0.001388232695216179,3.698970004336019,3.049218061446473,1.6,40.0,0.1,11.24
-0.0149323714639817,0.008411696589027937,-0.06040108746275723,0.04084621115816146,1.277842538821606,3.653212523426332,1.95,300.0,0.09,14.05
0.01595192438895033,0.01749711436200546,0.0006812464098972891,-0.007034436800952369,0.6018428983557322,3.732393767865459,1.57,120.0,0.16,18.94
-0.03600717066908667,0.006586621085668454,0.01751554519205328,-0.001388232695216179,4.0,3.93196611980764,1.55,95.0,0.1,12.0
-0.03600717066908667,0.006586621085668454,0.01751554519205328,-0.001388232695216179,0.0,3.301030017378705,1.59,100.0,0.16,20.55
-0.03600717066908667,0.006586621085668454,0.01751554519205328,-0.001388232695216179,4.0,2.301030212811168,1.55,100.0,0.11,17.21
-0.03600717066908667,0.006586621085668454,0.01751554519205328,-0.001388232695216179,4.0,3.653212523426332,1.6,50.0,0.0725,13.41
-0.03600717066908667,0.006586621085668454,0.01751554519205328,-0.001388232695216179,0.9538084319600062,3.000000043429446,1.6,100.0,0.16,14.03
0.01780132010994699,0.005407782496932709,-0.01462804553168481,-0.01497424033097033,4.0,4.148294100521416,1.72,70.0,0.0919,15.8
-0.03600717066908667,0.006586621085668454,0.01751554519205328,-0.001388232695216179,0.6018428983557322,3.217483970534783,1.6,65.0,0.075,12.1
0.01721810518888469,0.0186848135286511,0.001603863546475575,-0.005737676287139042,0.6018428983557322,3.477121269196145,1.51,100.0,0.105,15.36
-0.03600717066908667,0.006586621085668454,0.01751554519205328,-0.001388232695216179,4.0,3.000000043429446,1.6,100.0,0.0831,11.0
-0.03600717066908667,0.006586621085668454,0.01751554519205328,-0.001388232695216179,0.6018428983557322,3.176091288008646,1.59,100.0,0.045,14.0
-0.03600717066908667,0.006586621085668454,0.01751554519205328,-0.001388232695216179,0.0,3.778151257621885,1.6,100.0,0.0576,12.04
-0.03600717066908667,0.006586621085668454,0.01751554519205328,-0.001388232695216179,0.0,2.698970091194906,1.6,100.0,0.15,18.27
-0.03600717066908667,0.006586621085668454,0.01751554519205328,-0.001388232695216179,0.4769475716611976,3.130333800664967,1.6,40.0,0.12,16.0
-0.03600717066908667,0.006586621085668454,0.01751554519205328,-0.001388232695216179,0.0,3.07918128223883,1.6,120.0,0.81,14.51
-0.03600717066908667,0.006586621085668454,0.01751554519205328,-0.001388232695216179,0.9994791590638145,3.477121269196145,1.6,100.0,0.04,13.74
-0.03600717066908667,0.006586621085668454,0.01751554519205328,-0.001388232695216179,0.0,3.000000043429446,1.6,100.0,0.12,11.39
0.01935207376321722,-0.01592721415402632,0.02486058844704745,0.002333830298762662,0.6018428983557322,2.845098102056321,1.25,100.0,0.0891,17.1
-0.03289016208556557,-0.002805727588558216,0.008678477087695273,-0.01372619041140354,-0.1761708724130287,3.301030017378705,1.67,100.0,0.025,11.33
-0.03600717066908667,0.006586621085668454,0.01751554519205328,-0.001388232695216179,4.0,3.698970013021909,1.56,100.0,0.0725,14.51
-0.03600717066908667,0.006586621085668454,0.01751554519205328,-0.001388232695216179,4.0,3.90848502424031,1.6,90.0,0.04,11.9
-0.03600717066908667,0.006586621085668454,0.01751554519205328,-0.001388232695216179,4.0,3.954242514264819,1.6,100.0,0.1,14.46
-0.03600717066908667,0.006586621085668454,0.01751554519205328,-0.001388232695216179,4.0,3.301030017378705,1.55,100.0,0.16,14.2
0.01048738180198483,-0.01236500729567984,0.02324921616876246,0.00217955937251081,1.145477082048643,2.477121399484465,1.2,100.0,0.1,12.98
-0.03600717066908667,0.006586621085668454,0.01751554519205328,-0.001388232695216179,0.6018428983557322,3.653212523426332,1.6,100.0,0.04,16.17
-0.03600717066908667,0.006586621085668454,0.01751554519205328,-0.001388232695216179,3.698970004336019,3.716003351986616,1.6,70.0,0.125,12.0
-0.03600717066908667,0.006586621085668454,0.01751554519205328,-0.001388232695216179,0.0,3.301030017378705,1.59,100.0,0.09,17.27
-0.03600717066908667,0.006586621085668454,0.01751554519205328,-0.001388232695216179,4.0,3.982271237563469,1.6,80.0,0.09,12.7
-0.03600717066908667,0.006586621085668454,0.01751554519205328,-0.001388232695216179,4.0,3.176091288008646,1.6,100.0,0.1,10.64
-0.03600717066908667,0.006586621085668454,0.01751554519205328,-0.001388232695216179,0.0,3.000000043429446,1.59,100.0,0.0314,15.2
0.01497985608350971,0.01501398928019293,-0.001166239923540733,-0.003960218065977792,0.6018428983557322,3.778151257621885,1.61,100.0,0.16,17.0
-0.01483636280348419,0.02027427039066559,-0.04890329969631269,0.06505350692572173,0.0,2.875061321297627,1.73,25.0,0.16,11.3
0.01495801894762426,0.01542494765749997,-0.0007357112892081006,-0.004616223218084806,0.6018428983557322,3.778151257621885,1.6,100.0,0.16,14.55
-0.03600717066908667,0.006586621085668454,0.01751554519205328,-0.001388232695216179,0.6018428983557322,3.477121269196145,1.6,100.0,0.1,13.1
0.01721810518888469,0.0186848135286511,0.001603863546475575,-0.005737676287139042,0.6018428983557322,3.778151257621885,1.62,100.0,0.16,11.13
-0.03600717066908667,0.006586621085668454,0.01751554519205328,-0.001388232695216179,0.0,3.778151257621885,1.6,100.0,0.1,11.26
-0.03600717066908667,0.006586621085668454,0.01751554519205328,-0.001388232695216179,0.9538084319600062,3.204120009799329,1.6,60.0,0.16,12.41
-0.03600717066908667,0.006586621085668454,0.01751554519205328,-0.001388232695216179,0.1759826990046465,3.0334237956994,1.5,40.0,0.09,14.08
-0.03600717066908667,0.006586621085668454,0.01751554519205328,-0.001388232695216179,0.3678320445894042,3.602060002185324,1.59,100.0,0.1,17.44
-0.03600717066908667,0.006586621085668454,0.01751554519205328,-0.001388232695216179,0.0,3.301030017378705,1.57,100.0,0.1,12.2
0.01721810518888469,0.0186848135286511,0.001603863546475575,-0.005737676287139042,0.6018428983557322,3.653212523426332,1.56,100.0,0.16,18.4
-0.03600717066908667,0.006586621085668454,0.01751554519205328,-0.001388232695216179,0.9538084319600062,2.423246037821487,1.6,65.0,0.11,11.22
-0.03600717066908667,0.006586621085668454,0.01751554519205328,-0.001388232695216179,4.0,4.056904855146073,1.6,95.0,0.16,16.9
-0.03600717066908667,0.006586621085668454,0.01751554519205328,-0.001388232695216179,0.9538084319600062,3.000000043429446,1.6,100.0,0.1,16.21
-0.03600717066908667,0.006586621085668454,0.01751554519205328,-0.001388232695216179,0.3678320445894042,2.698970091194906,1.6,100.0,0.1,15.2
-0.03600717066908667,0.006586621085668454,0.01751554519205328,-0.001388232695216179,0.6018428983557322,3.000000043429446,1.6,100.0,0.01,11.32
-0.03600717066908667,0.006586621085668454,0.01751554519205328,-0.001388232695216179,0.0,3.176091288008646,1.6,50.0,0.1,18.19
-0.03600717066908667,0.006586621085668454,0.01751554519205328,-0.001388232695216179,0.3678320445894042,3.508529732437782,1.6,75.0,0.16,13.24
-0.03600717066908667,0.006586621085668454,0.01751554519205328,-0.001388232695216179,4.0,3.954242514264819,1.6,100.0,0.1032,11.44
-0.03600717066908667,0.006586621085668454,0.01751554519205328,-0.001388232695216179,0.6018428983557322,3.025305906235946,1.6,60.0,0.09,15.01
-0.03600717066908667,0.006586621085668454,0.01751554519205328,-0.001388232695216179,0.9538084319600062,2.477121399484465,1.6,100.0,0.1,13.15
-0.03600717066908667,0.006586621085668454,0.01751554519205328,-0.001388232695216179,0.3678320445894042,3.056904889432478,1.6,70.0,0.07,14.2
-0.03600717066908667,0.006586621085668454,0.01751554519205328,-0.001388232695216179,0.0,2.301030212811168,1.6,100.0,0.115,15.54
-0.03600717066908667,0.006586621085668454,0.01751554519205328,-0.001388232695216179,3.698970004336019,3.000000043429446,1.6,100.0,0.1,12.1
-0.03600717066908667,0.006586621085668454,0.01751554519205328,-0.001388232695216179,3.698970004336019,3.209515041350931,1.6,40.0,0.115,12.99
-0.03600717066908667,0.006586621085668454,0.01751554519205328,-0.001388232695216179,0.6018428983557322,2.342422878228744,1.6,60.0,0.09,19.1
0.0257194166839745,0.02578981178637941,0.005794413339720797,0.007792364841226481,3.9128498242811,3.342422700562864,1.49,70.0,0.0256,12.7
-0.03600717066908667,0.006586621085668454,0.01751554519205328,-0.001388232695216179,0.0,3.477121269196145,1.6,100.0,1.02,10.3
-0.03600717066908667,0.006586621085668454,0.01751554519205328,-0.001388232695216179,0.0,3.301030017378705,1.6,100.0,0.07,16.65
-0.03600717066908667,0.006586621085668454,0.01751554519205328,-0.001388232695216179,0.0,3.518513953038326,1.6,110.0,0.04,11.3
0.01519285890564475,0.01613689213021394,-0.0001681504279699043,-0.005518472658312402,0.6018428983557322,3.000000043429446,1.63,100.0,0.09,17.3
-0.03600717066908667,0.006586621085668454,0.01751554519205328,-0.001388232695216179,0.0,3.518513953038326,1.6,110.0,0.09,12.59
-0.03600717066908667,0.006586621085668454,0.01751554519205328,-0.001388232695216179,0.3678320445894042,3.397940026043817,1.6,100.0,0.1,12.4
-0.03600717066908667,0.006586621085668454,0.01751554519205328,-0.001388232695216179,3.698970004336019,3.623249300738245,1.6,70.0,0.1,15.1
-0.03600717066908667,0.006586621085668454,0.01751554519205328,-0.001388232695216179,4.0,2.698970091194906,1.6,100.0,0.0919,12.9
0.01495801894762426,0.01542494765749997,-0.0007357112892081006,-0.004616223218084806,0.6018428983557322,3.778151257621885,1.6,100.0,0.16,15.71
-0.03600717066908667,0.006586621085668454,0.01751554519205328,-0.001388232695216179,0.0,3.113943385714103,1.55,130.0,0.15,16.58
-0.03600717066908667,0.006586621085668454,0.01751554519205328,-0.001388232695216179,0.0,3.301030017378705,1.6,100.0,0.04,14.6
0.01519285890564475,0.01613689213021394,-0.0001681504279699043,-0.005518472658312402,0.6018428983557322,3.477121269196145,1.61,100.0,0.1,13.13
-0.03600717066908667,0.006586621085668454,0.01751554519205328,-0.001388232695216179,0.6017994927805721,3.477121269196145,1.6,100.0,0.1,17.74
-0.03600717066908667,0.006586621085668454,0.01751554519205328,-0.001388232695216179,0.6018428983557322,3.000000043429446,1.6,100.0,0.1,17.9
0.01633322678856756,0.0173110423977318,0.0007051028382190409,-0.004251484544345492,0.6018428983557322,3.653212523426332,1.6,100.0,0.16,18.97
-0.03600717066908667,0.006586621085668454,0.01751554519205328,-0.001388232695216179,0.0,3.176091288008646,1.6,100.0,0.1,15.9
0.01495801894762426,0.01542494765749997,-0.0007357112892081006,-0.004616223218084806,0.6018428983557322,3.778151257621885,1.6,100.0,0.16,12.55
-0.03600717066908667,0.006586621085668454,0.01751554519205328,-0.001388232695216179,3.698970004336019,3.778151257621885,1.6,100.0,0.096,11.7
0.02426906489205793,0.02313763566186687,0.006017879679301838,0.001700746796246778,0.6018428983557322,3.064458026666096,1.54,80.0,0.058,18.14
0.01588875343584062,0.01863894024920732,0.003681536775633083,-0.001488014934813955,0.9538084319600062,3.176091288008646,1.59,100.0,0.09,13.3
-0.03600717066908667,0.006586621085668454,0.01751554519205328,-0.001388232695216179,3.698970004336019,4.103803724375599,1.6,70.0,0.12,11.39
-0.03600717066908667,0.006586621085668454,0.01751554519205328,-0.001388232695216179,4.0,3.924279291232054,1.6,105.0,0.04,13.93
-0.03600717066908667,0.006586621085668454,0.01751554519205328,-0.001388232695216179,3.698970004336019,3.146128066699271,1.6,70.0,0.285,13.03
-0.03600717066908667,0.006586621085668454,0.01751554519205328,-0.001388232695216179,4.0,3.477121269196145,1.5,100.0,0.0725,14.79
0.01519285890564475,0.01613689213021394,-0.0001681504279699043,-0.005518472658312402,0.6018428983557322,3.778151257621885,1.7,100.0,0.088,14.36
-0.03600717066908667,0.006586621085668454,0.01751554519205328,-0.001388232695216179,0.9538084319600062,3.204120009799329,1.6,60.0,0.16,12.41
0.01704830820660096,0.01159236925941192,0.00134377954350525,-0.005383338083258102,0.6018428983557322,3.477121269196145,1.38,100.0,0.04,10.4
-0.03600562255436168,0.006585262151843551,0.01751782781764756,-0.001410260912717985,4.0,3.380211259807209,1.55,120.0,0.09,11.1
-0.03600717066908667,0.006586621085668454,0.01751554519205328,-0.001388232695216179,0.0,3.301030017378705,1.61,100.0,0.09,19.88
-0.03600717066908667,0.006586621085668454,0.01751554519205328,-0.001388232695216179,4.0,3.982271237563469,1.6,80.0,0.09,10.1
-0.03600717066908667,0.006586621085668454,0.01751554519205328,-0.001388232695216179,-0.954290761701127,2.698970091194906,1.6,100.0,0.12,15.71
-0.03600717066908667,0.006586621085668454,0.01751554519205328,-0.001388232695216179,0.9538084319600062,2.698970091194906,1.6,100.0,0.12,16.5
-0.03035399446363536,-0.004930068048645192,0.01874009967515811,-0.002426534389013259,0.0,3.000000043429446,1.39,100.0,0.09,16.45
-0.03600717066908667,0.006586621085668454,0.01751554519205328,-0.001388232695216179,4.0,2.477121399484465,1.57,100.0,0.1,16.99
-0.03600717066908667,0.006586621085668454,0.01751554519205328,-0.001388232695216179,4.0,2.301030212811168,1.5,100.0,0.1,11.1
-0.03600717066908667,0.006586621085668454,0.01751554519205328,-0.001388232695216179,-8.68502116489478e-05,2.000000434294265,1.5,100.0,0.11,12.42
-0.0383478050194859,-0.01674133044879193,0.01081150590238326,-0.0332995469659015,0.6018428983557322,3.778151257621885,1.58,100.0,0.16,13.48
-0.03600717066908667,0.006586621085668454,0.01751554519205328,-0.001388232695216179,4.0,3.900367134119294,1.55,70.0,0.1,17.3
-0.03600717066908667,0.006586621085668454,0.01751554519205328,-0.001388232695216179,0.0,3.000000043429446,1.59,100.0,0.09,15.1
-0.03600717066908667,0.006586621085668454,0.01751554519205328,-0.001388232695216179,0.6018428983557322,1.778151974207177,1.6,60.0,0.06,17.08
-0.03600717066908667,0.006586621085668454,0.01751554519205328,-0.001388232695216179,4.0,3.000000043429446,1.63,100.0,0.12,15.78
-0.03600717066908667,0.006586621085668454,0.01751554519205328,-0.001388232695216179,3.698970004336019,2.845098102056321,1.55,70.0,0.2,13.75
0.01721810518888469,0.0186848135286511,0.001603863546475575,-0.005737676287139042,0.6018428983557322,3.740362697390507,1.61,150.0,0.1,19.61
-0.03600717066908667,0.006586621085668454,0.01751554519205328,-0.001388232695216179,1.060149889391518,3.000000043429446,1.6,100.0,0.09,15.8
-0.03600717066908667,0.006586621085668454,0.01751554519205328,-0.001388232695216179,0.6018428983557322,3.025305906235946,1.6,60.0,0.09,16.78
0.01721810518888469,0.0186848135286511,0.001603863546475575,-0.005737676287139042,0.9537650480648696,3.477121269196145,1.47,150.0,1.0,17.0
-0.03600717066908667,0.006586621085668454,0.01751554519205328,-0.001388232695216179,4.0,2.9845273583484,1.6,65.0,0.125,13.51
-0.03600717066908667,0.006586621085668454,0.01751554519205328,-0.001388232695216179,0.6018428983557322,3.000000043429446,1.6,100.0,0.1,18.1
-0.03600717066908667,0.006586621085668454,0.01751554519205328,-0.001388232695216179,0.6018428983557322,2.857332556749942,1.61,90.0,0.04,21.14
-0.03600717066908667,0.006586621085668454,0.01751554519205328,-0.001388232695216179,0.6018428983557322,3.113943385714103,1.6,60.0,0.09,14.57
0.02426906489205793,0.02313763566186687,0.006017879679301838,0.001700746796246778,0.6018428983557322,3.064458026666096,1.54,80.0,0.058,14.62
-0.03600717066908667,0.006586621085668454,0.01751554519205328,-0.001388232695216179,0.0,3.301030017378705,1.57,100.0,0.07,10.96
-0.03600717066908667,0.006586621085668454,0.01751554519205328,-0.001388232695216179,3.698970004336019,3.607455033937989,1.5,90.0,0.1,10.36
0.01495801894762426,0.01542494765749997,-0.0007357112892081006,-0.004616223218084806,0.6018428983557322,3.778151257621885,1.6,100.0,0.16,15.95
0.01721810518888469,0.0186848135286511,0.001603863546475575,-0.005737676287139042,0.6018428983557322,3.477121269196145,1.51,100.0,0.13,19.7
-0.03600717066908667,0.006586621085668454,0.01751554519205328,-0.001388232695216179,4.0,4.380211243521166,1.59,80.0,0.106,15.6
-0.03600717066908667,0.006586621085668454,0.01751554519205328,-0.001388232695216179,0.0,3.000000043429446,1.6,100.0,0.1,13.38
0.01519285890564475,0.01613689213021394,-0.0001681504279699043,-0.005518472658312402,0.6018428983557322,3.000000043429446,1.5,100.0,0.16,18.8
-0.03600717066908667,0.006586621085668454,0.01751554519205328,-0.001388232695216179,4.0,2.977723651004054,1.6,95.0,0.122,10.34
0.01048738180198483,-0.01236500729567984,0.02324921616876246,0.00217955937251081,0.6018428983557322,3.181843616516777,1.38,60.0,0.09,17.04
-0.01904834796439462,-0.002455980283183227,0.01207508567289412,0.007686549369755298,0.9538084319600062,3.000000043429446,1.65,100.0,0.08,12.0
-0.03600717066908667,0.006586621085668454,0.01751554519205328,-0.001388232695216179,0.0,3.000000043429446,1.57,100.0,0.096,15.9
-0.03600717066908667,0.006586621085668454,0.01751554519205328,-0.001388232695216179,4.0,2.176091548585239,1.6,50.0,0.04,10.25
-0.03600562255436168,0.006585262151843551,0.01751782781764756,-0.001410260912717985,0.0,3.301030017378705,1.6,100.0,0.11,11.4
-0.03600717066908667,0.006586621085668454,0.01751554519205328,-0.001388232695216179,3.698970004336019,3.469822030700009,1.6,70.0,0.1,15.64
0.01588875343584062,0.01863894024920732,0.003681536775633083,-0.001488014934813955,0.9538084319600062,3.176091288008646,1.59,100.0,0.09,14.4
0.02426906489205793,0.02313763566186687,0.006017879679301838,0.001700746796246778,0.6018428983557322,2.204120254089891,1.54,80.0,0.058,19.83
-0.03600717066908667,0.006586621085668454,0.01751554519205328,-0.001388232695216179,0.4769475716611976,3.68797462894316,1.6,40.0,0.1,17.4
-0.03600717066908667,0.006586621085668454,0.01751554519205328,-0.001388232695216179,0.0,3.301030017378705,1.6,100.0,0.04,14.2
-0.03600717066908667,0.006586621085668454,0.01751554519205328,-0.001388232695216179,3.698970004336019,3.176091288008646,1.6,150.0,0.078,19.93
-0.03600717066908667,0.006586621085668454,0.01751554519205328,-0.001388232695216179,4.0,3.732393767865459,1.6,90.0,0.13,12.1
0.02790962296212144,0.02625093142065337,0.008624740481725207,0.004809183415632299,0.0,3.176091288008646,1.54,150.0,0.09,18.89
-0.03600717066908667,0.006586621085668454,0.01751554519205328,-0.001388232695216179,3.698970004336019,3.176091288008646,1.6,150.0,0.078,19.1
-0.03600717066908667,0.006586621085668454,0.01751554519205328,-0.001388232695216179,0.3678320445894042,3.000000043429446,1.6,100.0,0.066,17.13
0.03005776304970446,0.02672802650017309,0.01134055436796627,0.001908825983798767,0.9026992977420334,3.477121269196145,1.48,100.0,0.1,21.26
-0.03600717066908667,0.006586621085668454,0.01751554519205328,-0.001388232695216179,0.0,3.000000043429446,1.6,100.0,0.09,13.66
-0.03600717066908667,0.006586621085668454,0.01751554519205328,-0.001388232695216179,0.6018428983557322,2.755874931864499,1.6,95.0,0.09,15.85
0.01495801894762426,0.01542494765749997,-0.0007357112892081006,-0.004616223218084806,0.6018428983557322,3.778151257621885,1.6,100.0,0.16,11.15
-0.03600717066908667,0.006586621085668454,0.01751554519205328,-0.001388232695216179,4.0,2.9845273583484,1.6,65.0,0.125,16.07
-0.03600717066908667,0.006586621085668454,0.01751554519205328,-0.001388232695216179,4.0,2.491361833929244,1.6,70.0,0.1,13.9
-0.03600717066908667,0.006586621085668454,0.01751554519205328,-0.001388232695216179,3.698970004336019,3.146128066699271,1.6,70.0,0.285,10.5
-0.03600717066908667,0.006586621085668454,0.01751554519205328,-0.001388232695216179,0.9538084319600062,3.477121269196145,1.6,100.0,0.1,14.54
-0.03560335848724261,0.006742997394052099,0.01735319124424894,-0.0008642035255545513,-0.6021142747455573,3.000000043429446,1.59,100.0,0.096,18.91
-0.03600717066908667,0.006586621085668454,0.01751554519205328,-0.001388232695216179,3.698970004336019,3.000000043429446,1.6,100.0,0.1,13.78
-0.03600717066908667,0.006586621085668454,0.01751554519205328,-0.001388232695216179,-8.68502116489478e-05,2.000000434294265,1.5,100.0,0.11,15.67
0.03005776304970446,0.02672802650017309,0.01134055436796627,0.001908825983798767,0.0,3.653212523426332,1.5,150.0,0.1,14.0
-0.03600717066908667,0.006586621085668454,0.01751554519205328,-0.001388232695216179,3.698970004336019,3.375663632246968,1.6,70.0,0.108,17.25
-0.03600717066908667,0.006586621085668454,0.01751554519205328,-0.001388232695216179,4.0,4.008600176019707,1.61,85.0,0.12,11.2
-0.03600717066908667,0.006586621085668454,0.01751554519205328,-0.001388232695216179,0.0,3.000000043429446,1.55,100.0,0.12,12.97
-0.03600717066908667,0.006586621085668454,0.01751554519205328,-0.001388232695216179,0.9538084319600062,2.698970091194906,1.6,100.0,0.0757,10.83
-0.03600717066908667,0.006586621085668454,0.01751554519205328,-0.001388232695216179,0.4769475716611976,3.68797462894316,1.6,40.0,0.1,18.2
-0.03600717066908667,0.006586621085668454,0.01751554519205328,-0.001388232695216179,4.0,3.000000043429446,1.6,100.0,0.09,13.1
-0.03600717066908667,0.006586621085668454,0.01751554519205328,-0.001388232695216179,4.0,3.301030017378705,1.6,100.0,0.16,14.7
-0.03600717066908667,0.006586621085668454,0.01751554519205328,-0.001388232695216179,3.698970004336019,4.002166066077846,1.6,70.0,0.1,12.8
-0.03600717066908667,0.006586621085668454,0.01751554519205328,-0.001388232695216179,0.8856793095398042,2.423246037821487,1.57,65.0,0.125,19.71
0.02426906489205793,0.02313763566186687,0.006017879679301838,0.001700746796246778,0.6018428983557322,3.064458026666096,1.54,80.0,0.058,16.81
-0.03600717066908667,0.006586621085668454,0.01751554519205328,-0.001388232695216179,3.698970004336019,3.498310567576727,1.6,70.0,0.16,10.82
-0.03600717066908667,0.006586621085668454,0.01751554519205328,-0.001388232695216179,0.6017994927805721,3.130333800664967,1.6,90.0,0.06,13.1
-0.03600717066908667,0.006586621085668454,0.01751554519205328,-0.001388232695216179,4.0,3.698970013021909,1.6,100.0,0.1,15.7
-0.03600717066908667,0.006586621085668454,0.01751554519205328,-0.001388232695216179,0.6018428983557322,3.000000043429446,1.6,100.0,0.1,15.3
-0.03600717066908667,0.006586621085668454,0.01751554519205328,-0.001388232695216179,3.698970004336019,4.170261718329379,1.6,70.0,1.2,14.48
-0.01549142515685884,0.0213377970377838,-0.05052475364080292,0.0662358275947395,0.6017994927805721,3.505149991891608,1.74,320.0,0.09,11.0
-0.03600717066908667,0.006586621085668454,0.01751554519205328,-0.001388232695216179,3.698970004336019,3.623249300738245,1.5,70.0,0.1,10.64
-0.004309016526224244,0.01607425434823537,0.01387057686447929,0.0005601509528347533,0.0,3.236789124585784,1.62,115.0,0.1,19.3
0.02426906489205793,0.02313763566186687,0.006017879679301838,0.001700746796246778,0.6018428983557322,2.204120254089891,1.54,80.0,0.058,19.84
-0.03600717066908667,0.006586621085668454,0.01751554519205328,-0.001388232695216179,1.148087033069473,3.000000043429446,1.5,100.0,0.1,15.16
-0.03600717066908667,0.006586621085668454,0.01751554519205328,-0.001388232695216179,0.9538084319600062,3.351216364684307,1.6,60.0,0.09,15.5
-0.03600717066908667,0.006586621085668454,0.01751554519205328,-0.001388232695216179,3.698970004336019,3.322219315414608,1.6,70.0,0.1,15.38
-0.03600717066908667,0.006586621085668454,0.01751554519205328,-0.001388232695216179,0.6018428983557322,3.000000043429446,1.6,100.0,0.01,13.93
-0.03600562255436168,0.006585262151843551,0.01751782781764756,-0.001410260912717985,3.698970004336019,3.049218061446473,1.55,3.0,0.1,14.05
0.03005776304970446,0.02672802650017309,0.01134055436796627,0.001908825983798767,0.6018428983557322,3.653212523426332,1.48,150.0,0.09,16.83
-0.03600717066908667,0.006586621085668454,0.01751554519205328,-0.001388232695216179,4.0,3.000000043429446,1.6,100.0,0.1,10.23
-0.03600717066908667,0.006586621085668454,0.01751554519205328,-0.001388232695216179,0.9538084319600062,3.000000043429446,1.6,100.0,0.159,16.6
-0.03600717066908667,0.006586621085668454,0.01751554519205328,-0.001388232695216179,4.0,2.491361833929244,1.6,70.0,0.1,14.1
-0.03600717066908667,0.006586621085668454,0.01751554519205328,-0.001388232695216179,3.698970004336019,3.322219315414608,1.6,70.0,0.11,11.7
0.03005776304970446,0.02672802650017309,0.01134055436796627,0.001908825983798767,3.942008053022313,3.477121269196145,1.526,150.0,0.09,20.5
-0.03600717066908667,0.006586621085668454,0.01751554519205328,-0.001388232695216179,3.698970004336019,3.477121269196145,1.6,150.0,0.075,16.89
0.03005776304970446,0.02672802650017309,0.01134055436796627,0.001908825983798767,3.698970004336019,3.176091288008646,1.48,150.0,0.12,17.24
0.02247626753248053,0.01898513275623157,-0.0008990819477338892,0.0005207531829390315,0.6018428983557322,3.763428001050773,1.6,145.0,0.125,18.03
-0.03600717066908667,0.006586621085668454,0.01751554519205328,-0.001388232695216179,0.0,3.000000043429446,1.6,100.0,0.04,14.8
0.03005776304970446,0.02672802650017309,0.01134055436796627,0.001908825983798767,0.0,3.176091288008646,1.59,150.0,0.1,18.61
0.03005776304970446,0.02672802650017309,0.01134055436796627,0.001908825983798767,0.902655909512625,3.477121269196145,1.48,150.0,0.1,23.69
-0.03600717066908667,0.006586621085668454,0.01751554519205328,-0.001388232695216179,0.9537650480648696,3.477121269196145,1.56,100.0,0.1,13.09
-0.03600717066908667,0.006586621085668454,0.01751554519205328,-0.001388232695216179,0.9538084319600062,2.217484207422603,1.5,65.0,0.11,15.46
-0.03600717066908667,0.006586621085668454,0.01751554519205328,-0.001388232695216179,3.698970004336019,4.079181249666745,1.5,100.0,0.16,10.49
-0.03600717066908667,0.006586621085668454,0.01751554519205328,-0.001388232695216179,0.6018428983557322,2.74036276845687,1.6,110.0,0.1,17.75
-0.03600717066908667,0.006586621085668454,0.01751554519205328,-0.001388232695216179,4.0,2.698970091194906,1.59,100.0,0.045,16.2
-0.03600717066908667,0.006586621085668454,0.01751554519205328,-0.001388232695216179,4.0,3.176091288008646,1.6,100.0,0.12,13.78
-0.03600717066908667,0.006586621085668454,0.01751554519205328,-0.001388232695216179,0.0,2.623249393801336,1.6,60.0,0.05,18.51
-0.03600717066908667,0.006586621085668454,0.01751554519205328,-0.001388232695216179,4.0,4.056904855146073,1.6,95.0,0.16,14.1
-0.03414676047505379,0.001359430052497769,0.01265250997201402,-0.00808700560746077,4.0,3.000000043429446,1.62,100.0,0.09,12.1
-0.03600717066908667,0.006586621085668454,0.01751554519205328,-0.001388232695216179,3.9128498242811,2.113943686379387,1.61,65.0,0.1,10.9
0.01495801894762426,0.01542494765749997,-0.0007357112892081006,-0.004616223218084806,0.6018428983557322,3.778151257621885,1.6,100.0,0.16,10.51
-0.009523016197279036,0.01305912838754589,0.01273952487941118,-0.001621260169321354,0.0,3.414973364674452,1.56,130.0,0.0754,17.2
-0.03600717066908667,0.006586621085668454,0.01751554519205328,-0.001388232695216179,0.3678320445894042,3.380211259807209,1.6,80.0,0.1,18.31
-0.03600717066908667,0.006586621085668454,0.01751554519205328,-0.001388232695216179,0.6018428983557322,3.000000043429446,1.6,100.0,0.1,11.72
-0.03201128488453258,0.005696251264000428,0.0175170364963501,0.001217728356111238,0.8856793095398042,3.000000043429446,1.59,100.0,0.07065,12.36
-0.03600717066908667,0.006586621085668454,0.01751554519205328,-0.001388232695216179,0.9538084319600062,2.477121399484465,1.6,100.0,0.1,15.51
-0.03600717066908667,0.006586621085668454,0.01751554519205328,-0.001388232695216179,3.698970004336019,3.778151257621885,1.6,100.0,0.096,13.3
-0.03600717066908667,0.006586621085668454,0.01751554519205328,-0.001388232695216179,3.698970004336019,3.146128066699271,1.6,70.0,0.04,11.7
-0.03600717066908667,0.006586621085668454,0.01751554519205328,-0.001388232695216179,0.4769475716611976,3.68797462894316,1.6,40.0,0.1,18.3
-0.03600717066908667,0.006586621085668454,0.01751554519205328,-0.001388232695216179,0.3678320445894042,3.000000043429446,1.6,100.0,0.1,13.1
-0.03600717066908667,0.006586621085668454,0.01751554519205328,-0.001388232695216179,0.0,3.477121269196145,1.6,100.0,1.02,12.14
-0.03600717066908667,0.006586621085668454,0.01751554519205328,-0.001388232695216179,3.698970004336019,3.477121269196145,1.6,100.0,0.1,13.09
-0.03600717066908667,0.006586621085668454,0.01751554519205328,-0.001388232695216179,0.9538084319600062,3.000000043429446,1.6,100.0,0.159,14.7
-0.03600717066908667,0.006586621085668454,0.01751554519205328,-0.001388232695216179,0.6018428983557322,2.755874931864499,1.6,95.0,0.09,16.61
-0.03600717066908667,0.006586621085668454,0.01751554519205328,-0.001388232695216179,4.0,2.653212610285218,1.6,90.0,0.055,11.0
-0.03600717066908667,0.006586621085668454,0.01751554519205328,-0.001388232695216179,0.9124512459397834,3.954242514264819,1.6,100.0,0.1,11.3
-0.03600717066908667,0.006586621085668454,0.01751554519205328,-0.001388232695216179,0.6018428983557322,2.755874931864499,1.6,95.0,0.09,17.98
-0.03600717066908667,0.006586621085668454,0.01751554519205328,-0.001388232695216179,3.698970004336019,3.000000043429446,1.6,100.0,0.1,14.15
-0.03600717066908667,0.006586621085668454,0.01751554519205328,-0.001388232695216179,4.0,3.982271237563469,1.6,80.0,0.09,14.5
-0.03600717066908667,0.006586621085668454,0.01751554519205328,-0.001388232695216179,3.698970004336019,2.90309004127875,1.6,80.0,0.12,15.0
-0.03600717066908667,0.006586621085668454,0.01751554519205328,-0.001388232695216179,3.698970004336019,3.176091288008646,1.6,150.0,0.078,15.09
-0.03600717066908667,0.006586621085668454,0.01751554519205328,-0.001388232695216179,3.698970004336019,3.498310567576727,1.6,90.0,0.102,14.77
-0.03600717066908667,0.006586621085668454,0.01751554519205328,-0.001388232695216179,4.0,3.301030017378705,1.6,100.0,0.16,18.28
-0.03600717066908667,0.006586621085668454,0.01751554519205328,-0.001388232695216179,4.0,2.50515011403691,1.6,80.0,0.052,11.96
-0.03600717066908667,0.006586621085668454,0.01751554519205328,-0.001388232695216179,0.1759826990046465,3.0334237956994,1.5,40.0,0.09,14.05
-0.03600717066908667,0.006586621085668454,0.01751554519205328,-0.001388232695216179,4.0,3.301030017378705,1.6,100.0,0.16,15.92
0.02426906489205793,0.02313763566186687,0.006017879679301838,0.001700746796246778,0.6018428983557322,2.204120254089891,1.54,80.0,0.058,14.58
-0.03600717066908667,0.006586621085668454,0.01751554519205328,-0.001388232695216179,0.0,3.000000043429446,1.6,100.0,0.14,12.16
-0.03600717066908667,0.006586621085668454,0.01751554519205328,-0.001388232695216179,0.3678320445894042,3.380211259807209,1.6,80.0,0.1,17.76
-0.03600717066908667,0.006586621085668454,0.01751554519205328,-0.001388232695216179,0.0,3.255272529230777,1.6,90.0,0.1,11.77
-0.03600717066908667,0.006586621085668454,0.01751554519205328,-0.001388232695216179,3.698970004336019,3.867762030538939,1.6,110.0,0.0725,17.2
-0.03600717066908667,0.006586621085668454,0.01751554519205328,-0.001388232695216179,0.0,3.176091288008646,1.59,50.0,0.13,10.2
0.02343778530187953,0.02472049597672762,0.01157481016671319,0.00180131108451101,0.9538084319600062,3.487138389623587,1.525,70.0,0.0887,16.65
-0.03600717066908667,0.006586621085668454,0.01751554519205328,-0.001388232695216179,4.0,3.544068056758689,1.6,100.0,0.08,12.0
-0.03600717066908667,0.006586621085668454,0.01751554519205328,-0.001388232695216179,4.0,2.698970091194906,1.6,100.0,0.102,17.38
-0.03600717066908667,0.006586621085668454,0.01751554519205328,-0.001388232695216179,0.0,2.698970091194906,1.6,100.0,0.15,18.11
-0.03600717066908667,0.006586621085668454,0.01751554519205328,-0.001388232695216179,4.0,4.033423759508195,1.6,90.0,0.1,15.4
-0.03600717066908667,0.006586621085668454,0.01751554519205328,-0.001388232695216179,4.0,3.000000043429446,1.6,100.0,0.16,13.64
-0.03600717066908667,0.006586621085668454,0.01751554519205328,-0.001388232695216179,0.6018428983557322,2.755874931864499,1.6,95.0,0.09,19.27
-0.03600717066908667,0.006586621085668454,0.01751554519205328,-0.001388232695216179,4.0,3.653212523426332,1.6,100.0,0.01,14.35
-0.03540912116606038,0.005119950377862666,0.01618017240301191,-0.003166115418031564,4.0,3.000000043429446,1.61,100.0,0.09,11.2
0.01725159014725069,0.01767724884070695,4.444345248363339e-05,-0.007976248404356711,0.6018428983557322,3.531478929815622,1.64,85.0,0.09,15.67
-0.03600717066908667,0.006586621085668454,0.01751554519205328,-0.001388232695216179,4.0,3.822821651833848,1.6,95.0,0.1,12.26
0.01725159014725069,0.01767724884070695,4.444345248363339e-05,-0.007976248404356711,0.6018428983557322,3.531478929815622,1.64,85.0,0.09,10.64
-0.03600717066908667,0.006586621085668454,0.01751554519205328,-0.001388232695216179,0.4769475716611976,3.585460740788877,1.6,40.0,0.1,18.4
-0.03600717066908667,0.006586621085668454,0.01751554519205328,-0.001388232695216179,3.698970004336019,2.90309004127875,1.6,60.0,1.1,16.09
-0.0149323714639817,0.008411696589027937,-0.06040108746275723,0.04084621115816146,1.277842538821606,3.653212523426332,1.9,300.0,0.09,13.47
-0.03600717066908667,0.006586621085668454,0.01751554519205328,-0.001388232695216179,4.0,3.000000043429446,1.6,100.0,0.1,12.3
-0.03600717066908667,0.006586621085668454,0.01751554519205328,-0.001388232695216179,4.0,3.000000043429446,1.6,100.0,0.16,12.71
-0.03272067193126536,0.007456604513200587,0.01704085397038922,-0.001130609114256066,0.9026992977420334,2.301030212811168,1.5,65.0,0.12,13.82
-0.03600717066908667,0.006586621085668454,0.01751554519205328,-0.001388232695216179,4.0,3.778151257621885,1.6,100.0,0.04,17.0
0.01645883749703963,0.01736343104815911,0.0006842880231336526,-0.004232850881524671,0.9538084319600062,3.000000043429446,1.6,100.0,0.06,18.36
0.02426906489205793,0.02313763566186687,0.006017879679301838,0.001700746796246778,0.6018428983557322,3.064458026666096,1.54,80.0,0.058,13.09
-0.03600717066908667,0.006586621085668454,0.01751554519205328,-0.001388232695216179,0.0,3.000000043429446,1.59,100.0,0.25,13.46
-0.03600717066908667,0.006586621085668454,0.01751554519205328,-0.001388232695216179,4.0,2.954242557694265,1.6,90.0,0.08,14.49
-0.03600717066908667,0.006586621085668454,0.01751554519205328,-0.001388232695216179,0.3678320445894042,3.000000043429446,1.6,100.0,0.0314,14.31
-0.03600717066908667,0.006586621085668454,0.01751554519205328,-0.001388232695216179,4.0,2.954242557694265,1.6,90.0,0.08,18.9
-0.03600717066908667,0.006586621085668454,0.01751554519205328,-0.001388232695216179,4.0,3.000000043429446,1.6,100.0,0.1,16.74
-0.03600717066908667,0.006586621085668454,0.01751554519205328,-0.001388232695216179,0.6018428983557322,3.000000043429446,1.6,100.0,0.09,17.2
-0.03600717066908667,0.006586621085668454,0.01751554519205328,-0.001388232695216179,4.0,3.000000043429446,1.59,100.0,0.1,13.17
-0.02062507615602032,-0.0005713536871366117,0.01238632250812434,0.007308991442128512,0.9538084319600062,3.000000043429446,1.65,100.0,0.08,10.2
-0.0149323714639817,0.008411696589027937,-0.06040108746275723,0.04084621115816146,0.6018428983557322,3.07918128223883,1.9,120.0,0.04,12.5
-0.03600717066908667,0.006586621085668454,0.01751554519205328,-0.001388232695216179,0.0,3.778151257621885,1.6,100.0,0.1,14.61
-0.03600717066908667,0.006586621085668454,0.01751554519205328,-0.001388232695216179,4.0,3.653212523426332,1.6,100.0,0.0314,11.6
0.01648594219054154,0.01698886881153151,0.0004376842611423088,-0.001396023088733201,0.6018428983557322,3.653212523426332,1.57,100.0,0.16,15.85
-0.03600717066908667,0.006586621085668454,0.01751554519205328,-0.001388232695216179,3.698970004336019,2.477121399484465,1.6,100.0,0.0757,17.2
0.01586596518743356,0.01686664170492998,0.0006589531741733079,-0.002850760768683376,0.6018428983557322,3.778151257621885,1.61,100.0,0.1,15.27
-0.01549142515685884,0.0213377970377838,-0.05052475364080292,0.0662358275947395,3.698970004336019,3.322219315414608,1.6,70.0,0.1032,12.23
0.03005776304970446,0.02672802650017309,0.01134055436796627,0.001908825983798767,3.698970004336019,4.170261718329379,1.48,70.0,0.12,15.01
-0.03600717066908667,0.006586621085668454,0.01751554519205328,-0.001388232695216179,3.958607314841775,2.301030212811168,1.6,100.0,0.16,15.8
0.01519285890564475,0.01613689213021394,-0.0001681504279699043,-0.005518472658312402,0.6018428983557322,3.602060002185324,1.6,100.0,0.1,18.16
-0.03600717066908667,0.006586621085668454,0.01751554519205328,-0.001388232695216179,4.0,3.653212523426332,1.6,100.0,0.01,11.0
-0.03600717066908667,0.006586621085668454,0.01751554519205328,-0.001388232695216179,4.0,2.698970091194906,1.6,100.0,0.102,17.22
-0.03600717066908667,0.006586621085668454,0.01751554519205328,-0.001388232695216179,3.698970004336019,3.322219315414608,1.6,70.0,0.16,10.39
-0.03600717066908667,0.006586621085668454,0.01751554519205328,-0.001388232695216179,0.9538084319600062,2.423246037821487,1.6,65.0,0.1,12.3
-0.03600717066908667,0.006586621085668454,0.01751554519205328,-0.001388232695216179,0.0,3.000000043429446,1.6,100.0,0.16,16.02
-0.03600717066908667,0.006586621085668454,0.01751554519205328,-0.001388232695216179,0.0,3.000000043429446,1.61,100.0,1.0,16.0
-0.03600717066908667,0.006586621085668454,0.01751554519205328,-0.001388232695216179,0.0,3.176091288008646,1.6,50.0,0.1,17.37
-0.03600717066908667,0.006586621085668454,0.01751554519205328,-0.001388232695216179,3.698970004336019,4.082785373905661,1.6,90.0,0.06,10.91
0.02426906489205793,0.02313763566186687,0.006017879679301838,0.001700746796246778,0.6018428983557322,2.204120254089891,1.54,80.0,0.058,17.75
0.02658510335774138,0.024790210394919,0.008363965066280727,0.002125958845107204,1.277842538821606,3.707570184613514,1.56,70.0,0.09,15.07
-0.03600717066908667,0.006586621085668454,0.01751554519205328,-0.001388232695216179,0.9538084319600062,2.423246037821487,1.56,65.0,0.12,10.13
-0.03600717066908667,0.006586621085668454,0.01751554519205328,-0.001388232695216179,3.698970004336019,3.000000043429446,1.59,100.0,2.72,12.2
0.01330127266384248,0.005194327032016901,-0.007304012163867266,-0.03964191917813271,3.698970004336019,3.656098211599907,1.63,70.0,0.102,18.57
-0.03600717066908667,0.006586621085668454,0.01751554519205328,-0.001388232695216179,0.0,3.322219315414608,1.6,70.0,0.09,13.8
-0.03600717066908667,0.006586621085668454,0.01751554519205328,-0.001388232695216179,4.0,2.653212610285218,1.6,90.0,0.055,15.8
-0.03600717066908667,0.006586621085668454,0.01751554519205328,-0.001388232695216179,0.6018428983557322,2.342422878228744,1.5,60.0,0.09,16.27
-0.03600717066908667,0.006586621085668454,0.01751554519205328,-0.001388232695216179,4.0,3.000000043429446,1.6,100.0,0.16,10.3
-0.03600717066908667,0.006586621085668454,0.01751554519205328,-0.001388232695216179,4.0,3.778151257621885,1.58,120.0,0.09,13.7
-0.03600717066908667,0.006586621085668454,0.01751554519205328,-0.001388232695216179,0.6018428983557322,2.342422878228744,1.6,60.0,0.09,17.18
-0.03600717066908667,0.006586621085668454,0.01751554519205328,-0.001388232695216179,4.0,2.698970091194906,1.6,100.0,0.06,13.54
-0.03600717066908667,0.006586621085668454,0.01751554519205328,-0.001388232695216179,0.9537650480648696,3.477121269196145,1.6,100.0,0.0212,12.1
0.00924468594300522,-0.003042749062691462,-0.01028585697258479,-0.01864098575624602,0.6018428983557322,3.778151257621885,1.64,100.0,0.125,16.94
-0.03600717066908667,0.006586621085668454,0.01751554519205328,-0.001388232695216179,3.515700160653214,3.477121269196145,1.6,100.0,0.04,11.3
-0.03600717066908667,0.006586621085668454,0.01751554519205328,-0.001388232695216179,4.0,2.301030212811168,1.55,100.0,0.16,15.4
0.01519285890564475,0.01613689213021394,-0.0001681504279699043,-0.005518472658312402,0.6018428983557322,3.778151257621885,1.7,100.0,0.088,17.33
0.01721810518888469,0.0186848135286511,0.001603863546475575,-0.005737676287139042,0.6018428983557322,3.778151257621885,1.55,100.0,2.856,12.8
-0.03600717066908667,0.006586621085668454,0.01751554519205328,-0.001388232695216179,3.698970004336019,3.322219315414608,1.6,70.0,0.1,15.58
-0.03600717066908667,0.006586621085668454,0.01751554519205328,-0.001388232695216179,0.9538084319600062,3.027349648553579,1.6,65.0,0.06,14.33
-0.03600717066908667,0.006586621085668454,0.01751554519205328,-0.001388232695216179,0.6018428983557322,2.857332556749942,1.61,90.0,0.04,20.77
-0.03600717066908667,0.006586621085668454,0.01751554519205328,-0.001388232695216179,4.0,3.778151257621885,1.5,100.0,0.0725,17.04
-0.03600717066908667,0.006586621085668454,0.01751554519205328,-0.001388232695216179,0.9538084319600062,2.662757926093408,1.6,60.0,0.06,17.46
-0.03600717066908667,0.006586621085668454,0.01751554519205328,-0.001388232695216179,0.0,2.301030212811168,1.6,100.0,0.16,15.9
-0.03600717066908667,0.006586621085668454,0.01751554519205328,-0.001388232695216179,4.0,3.000000043429446,1.59,100.0,0.1,14.09
-0.03600717066908667,0.006586621085668454,0.01751554519205328,-0.001388232695216179,0.3678320445894042,3.000000043429446,1.6,100.0,0.1,20.31
-0.03600717066908667,0.006586621085668454,0.01751554519205328,-0.001388232695216179,0.0,3.000000043429446,1.6,100.0,0.1,10.88
-0.02506753238708409,0.002412263955540052,0.0120301029400502,0.00678134071027273,4.0,3.176091288008646,1.64,100.0,0.06,14.1
-0.03600717066908667,0.006586621085668454,0.01751554519205328,-0.001388232695216179,4.0,3.027349648553579,1.6,65.0,1.0,10.95
-0.03600717066908667,0.006586621085668454,0.01751554519205328,-0.001388232695216179,0.6018428983557322,3.623249300738245,1.6,105.0,0.09,17.67
-0.03600717066908667,0.006586621085668454,0.01751554519205328,-0.001388232695216179,0.0,3.021189340431315,1.6,105.0,0.0405,14.6
-0.03600717066908667,0.006586621085668454,0.01751554519205328,-0.001388232695216179,3.698970004336019,3.778151257621885,1.5,100.0,0.1,10.77
-0.03600717066908667,0.006586621085668454,0.01751554519205328,-0.001388232695216179,0.0,3.021189340431315,1.6,105.0,0.09,14.91
-0.03600717066908667,0.006586621085668454,0.01751554519205328,-0.001388232695216179,4.0,3.176091288008646,1.6,100.0,0.1,11.5
-0.03600717066908667,0.006586621085668454,0.01751554519205328,-0.001388232695216179,3.698970004336019,3.875061269182293,1.65,70.0,0.12,12.2
-0.03600717066908667,0.006586621085668454,0.01751554519205328,-0.001388232695216179,0.0,3.176091288008646,1.6,100.0,0.1,15.05
-0.03600717066908667,0.006586621085668454,0.01751554519205328,-0.001388232695216179,0.9537650480648696,3.477121269196145,1.6,100.0,0.0212,14.38
-0.03600562255436168,0.006585262151843551,0.01751782781764756,-0.001410260912717985,3.698970004336019,3.146128066699271,1.56,140.0,0.09,13.47
-0.03600717066908667,0.006586621085668454,0.01751554519205328,-0.001388232695216179,0.3678320445894042,3.454844875246913,1.6,95.0,0.1,17.5
-0.03600717066908667,0.006586621085668454,0.01751554519205328,-0.001388232695216179,3.698970004336019,3.469822030700009,1.6,70.0,0.1,14.09
-0.03600717066908667,0.006586621085668454,0.01751554519205328,-0.001388232695216179,0.0,3.301030017378705,1.6,100.0,0.07,15.21
-0.03600717066908667,0.006586621085668454,0.01751554519205328,-0.001388232695216179,0.9538084319600062,3.000000043429446,1.6,100.0,0.159,15.5
-0.03600717066908667,0.006586621085668454,0.01751554519205328,-0.001388232695216179,0.9538084319600062,2.792391759545745,1.6,60.0,0.09,15.13
-0.03600717066908667,0.006586621085668454,0.01751554519205328,-0.001388232695216179,0.4769475716611976,3.000000043429446,1.6,100.0,0.1,14.37
-0.03600717066908667,0.006586621085668454,0.01751554519205328,-0.001388232695216179,3.698970004336019,3.469822030700009,1.6,70.0,0.1,12.06
0.02790962296212144,0.02625093142065337,0.008624740481725207,0.004809183415632299,0.6018428983557322,3.477121269196145,1.61,100.0,0.1017,17.82
-0.03600717066908667,0.006586621085668454,0.01751554519205328,-0.001388232695216179,0.0,3.778151257621885,1.58,100.0,0.1,11.39
-0.03600717066908667,0.006586621085668454,0.01751554519205328,-0.001388232695216179,0.4769475716611976,3.778151257621885,1.585,100.0,0.09,18.37
-0.03600717066908667,0.006586621085668454,0.01751554519205328,-0.001388232695216179,0.6018428983557322,3.477121269196145,1.6,100.0,0.1,20.1
-0.03600717066908667,0.006586621085668454,0.01751554519205328,-0.001388232695216179,4.0,3.845098046218464,1.6,100.0,0.075,11.2
-0.03600717066908667,0.006586621085668454,0.01751554519205328,-0.001388232695216179,0.0,3.477121269196145,1.56,100.0,0.09,10.73
-0.03600717066908667,0.006586621085668454,0.01751554519205328,-0.001388232695216179,0.0,2.698970091194906,1.61,100.0,0.038,16.0
-0.03600717066908667,0.006586621085668454,0.01751554519205328,-0.001388232695216179,0.3678320445894042,3.397940026043817,1.6,100.0,0.1,16.2
-0.03600717066908667,0.006586621085668454,0.01751554519205328,-0.001388232695216179,0.953374787908098,2.845098102056321,1.5,70.0,0.08,12.54
-0.03600717066908667,0.006586621085668454,0.01751554519205328,-0.001388232695216179,4.0,3.176091288008646,1.6,50.0,0.03,15.32
-0.03600717066908667,0.006586621085668454,0.01751554519205328,-0.001388232695216179,4.0,3.778151257621885,1.6,100.0,0.1,12.3
-0.03600717066908667,0.006586621085668454,0.01751554519205328,-0.001388232695216179,4.0,2.812913423457386,1.6,130.0,0.09,15.0
-0.03600717066908667,0.006586621085668454,0.01751554519205328,-0.001388232695216179,3.698970004336019,3.255272529230777,1.6,70.0,0.06,13.4
-0.03600717066908667,0.006586621085668454,0.01751554519205328,-0.001388232695216179,0.6018428983557322,2.74036276845687,1.6,110.0,0.1,19.7
-0.03600717066908667,0.006586621085668454,0.01751554519205328,-0.001388232695216179,0.0,3.176091288008646,1.6,100.0,0.09,11.6
-0.03600717066908667,0.006586621085668454,0.01751554519205328,-0.001388232695216179,4.0,2.698970091194906,1.59,100.0,0.045,18.2
-0.03600717066908667,0.006586621085668454,0.01751554519205328,-0.001388232695216179,4.0,3.176091288008646,1.56,100.0,0.16,12.64
-0.02963443955459995,0.005158467882131468,0.01756167568652505,0.002693407926011498,0.8856793095398042,3.000000043429446,1.61,100.0,0.07065,11.59
-0.03600717066908667,0.006586621085668454,0.01751554519205328,-0.001388232695216179,4.0,3.000000043429446,1.6,100.0,0.13,12.5
-0.03600717066908667,0.006586621085668454,0.01751554519205328,-0.001388232695216179,4.0,3.556302512831023,1.6,120.0,0.1,15.55
-0.03600717066908667,0.006586621085668454,0.01751554519205328,-0.001388232695216179,0.6018428983557322,2.342422878228744,1.59,60.0,0.09,16.1
0.01495801894762426,0.01542494765749997,-0.0007357112892081006,-0.004616223218084806,0.6018428983557322,3.778151257621885,1.6,100.0,0.16,15.73
-0.03600717066908667,0.006586621085668454,0.01751554519205328,-0.001388232695216179,4.0,3.000000043429446,1.6,100.0,0.1,10.8
-0.03600717066908667,0.006586621085668454,0.01751554519205328,-0.001388232695216179,4.0,3.000000043429446,1.6,100.0,0.04,17.31
-0.03600717066908667,0.006586621085668454,0.01751554519205328,-0.001388232695216179,3.698970004336019,3.146128066699271,1.6,70.0,0.04,12.3
-0.03600717066908667,0.006586621085668454,0.01751554519205328,-0.001388232695216179,0.0,3.000000043429446,1.6,100.0,0.09,12.96
-0.03600717066908667,0.006586621085668454,0.01751554519205328,-0.001388232695216179,4.0,3.000000043429446,1.6,100.0,0.1,15.26
-0.03600717066908667,0.006586621085668454,0.01751554519205328,-0.001388232695216179,0.9538084319600062,3.000000043429446,1.6,100.0,0.11,13.1
-0.03600717066908667,0.006586621085668454,0.01751554519205328,-0.001388232695216179,0.0,3.000000043429446,1.55,100.0,0.12,11.05
-0.03600717066908667,0.006586621085668454,0.01751554519205328,-0.001388232695216179,0.0,3.000000043429446,1.6,100.0,0.09,13.55
0.02426906489205793,0.02313763566186687,0.006017879679301838,0.001700746796246778,0.6018428983557322,2.204120254089891,1.54,80.0,0.058,19.88
0.007300353439409963,0.01271257663910736,0.0029680215466511,0.01152831285805827,0.4769475716611976,3.301030017378705,1.73,100.0,0.04,15.43
-0.03600717066908667,0.006586621085668454,0.01751554519205328,-0.001388232695216179,4.0,4.033423759508195,1.6,100.0,0.0625,17.0
-0.03600717066908667,0.006586621085668454,0.01751554519205328,-0.001388232695216179,4.0,3.000000043429446,1.6,100.0,0.1,16.44
-0.03600717066908667,0.006586621085668454,0.01751554519205328,-0.001388232695216179,4.0,3.113943385714103,1.6,130.0,0.13,16.4
-0.03600717066908667,0.006586621085668454,0.01751554519205328,-0.001388232695216179,0.0,3.000000043429446,1.6,100.0,0.09,13.36
-0.03600717066908667,0.006586621085668454,0.01751554519205328,-0.001388232695216179,3.698970004336019,3.477121269196145,1.59,150.0,0.075,18.24
0.01544903891867226,0.01645109586654739,-1.74087881978316e-05,-0.005818194363929405,0.6018428983557322,3.782472631332862,1.61,60.0,1.0,13.3
0.02426906489205793,0.02313763566186687,0.006017879679301838,0.001700746796246778,0.6018428983557322,2.204120254089891,1.54,80.0,0.058,19.82
0.01519285890564475,0.01613689213021394,-0.0001681504279699043,-0.005518472658312402,0.6018428983557322,3.342422700562864,1.62,110.0,0.09,20.14
-0.03600717066908667,0.006586621085668454,0.01751554519205328,-0.001388232695216179,4.0,3.176091288008646,1.6,100.0,0.08,12.2
0.02426906489205793,0.02313763566186687,0.006017879679301838,0.001700746796246778,0.6018428983557322,2.204120254089891,1.54,80.0,0.058,16.82
-0.03600717066908667,0.006586621085668454,0.01751554519205328,-0.001388232695216179,4.0,3.778151257621885,1.57,100.0,0.1,11.4
-0.03600717066908667,0.006586621085668454,0.01751554519205328,-0.001388232695216179,4.0,2.9845273583484,1.6,65.0,0.125,14.4
-0.03600717066908667,0.006586621085668454,0.01751554519205328,-0.001388232695216179,3.698970004336019,3.176091288008646,1.6,100.0,0.049,11.8
-0.03600717066908667,0.006586621085668454,0.01751554519205328,-0.001388232695216179,4.0,3.000000043429446,1.59,100.0,0.1,10.31
-0.03600717066908667,0.006586621085668454,0.01751554519205328,-0.001388232695216179,3.698970004336019,3.623249300738245,1.6,70.0,0.09,10.04
-0.03600717066908667,0.006586621085668454,0.01751554519205328,-0.001388232695216179,4.0,2.698970091194906,1.59,100.0,0.0919,15.8
0.02426906489205793,0.02313763566186687,0.006017879679301838,0.001700746796246778,0.6018428983557322,3.064458026666096,1.54,80.0,0.058,13.54
-0.03600717066908667,0.006586621085668454,0.01751554519205328,-0.001388232695216179,0.4769475716611976,3.000000043429446,1.6,100.0,0.1,14.05
-0.03600717066908667,0.006586621085668454,0.01751554519205328,-0.001388232695216179,0.0,3.000000043429446,1.6,100.0,0.09,16.27
-0.03600717066908667,0.006586621085668454,0.01751554519205328,-0.001388232695216179,4.0,2.90309004127875,1.6,80.0,0.1,15.2
-0.03600717066908667,0.006586621085668454,0.01751554519205328,-0.001388232695216179,0.9538084319600062,3.000000043429446,1.6,100.0,0.1,14.28
-0.03600717066908667,0.006586621085668454,0.01751554519205328,-0.001388232695216179,4.0,2.653212610285218,1.6,90.0,0.055,15.8
-0.03600717066908667,0.006586621085668454,0.01751554519205328,-0.001388232695216179,0.3008997268587542,3.04139272463954,1.6,110.0,0.1,17.1
-0.03600717066908667,0.006586621085668454,0.01751554519205328,-0.001388232695216179,0.6018428983557322,3.518513953038326,1.59,110.0,0.16,17.5
-0.03600717066908667,0.006586621085668454,0.01751554519205328,-0.001388232695216179,0.0,3.322219315414608,1.6,105.0,0.021,10.03
-0.03600717066908667,0.006586621085668454,0.01751554519205328,-0.001388232695216179,4.0,2.301030212811168,1.6,100.0,0.096,18.2
-0.03600717066908667,0.006586621085668454,0.01751554519205328,-0.001388232695216179,0.0,3.000000043429446,1.6,100.0,0.09,10.78
-0.03600717066908667,0.006586621085668454,0.01751554519205328,-0.001388232695216179,0.6018428983557322,2.755874931864499,1.6,95.0,0.09,19.9
-0.03600717066908667,0.006586621085668454,0.01751554519205328,-0.001388232695216179,4.0,3.778151257621885,1.6,100.0,0.045,11.14
-0.03600717066908667,0.006586621085668454,0.01751554519205328,-0.001388232695216179,4.0,4.079181249666745,1.6,100.0,0.1,11.7
0.01721810518888469,0.0186848135286511,0.001603863546475575,-0.005737676287139042,0.6018428983557322,3.778151257621885,1.55,100.0,0.002,15.6
0.03005776304970446,0.02672802650017309,0.01134055436796627,0.001908825983798767,3.698970004336019,3.668851657392154,1.48,70.0,0.04,15.3
-0.03600717066908667,0.006586621085668454,0.01751554519205328,-0.001388232695216179,0.6018428983557322,3.653212523426332,1.6,100.0,0.04,14.26
-0.03600717066908667,0.006586621085668454,0.01751554519205328,-0.001388232695216179,4.0,3.301030017378705,1.6,100.0,0.1,15.14
-0.03600717066908667,0.006586621085668454,0.01751554519205328,-0.001388232695216179,4.0,3.000000043429446,1.6,100.0,0.16,13.9
0.02790962296212144,0.02625093142065337,0.008624740481725207,0.004809183415632299,0.6018428983557322,3.477121269196145,1.61,100.0,0.1017,20.41
-0.03600717066908667,0.006586621085668454,0.01751554519205328,-0.001388232695216179,0.0,3.000000043429446,1.6,100.0,0.09,15.0
-0.03600717066908667,0.006586621085668454,0.01751554519205328,-0.001388232695216179,4.0,3.000000043429446,1.6,100.0,0.16,12.3
-0.03389108107886409,0.007674980830096041,0.01178646772586522,0.004321921077766509,0.0,2.954242557694265,1.59,90.0,0.09,17.5
-0.03600717066908667,0.006586621085668454,0.01751554519205328,-0.001388232695216179,0.6018428983557322,3.000000043429446,1.6,100.0,0.1,16.92
-0.03600717066908667,0.006586621085668454,0.01751554519205328,-0.001388232695216179,0.0,2.579783710904817,1.6,60.0,0.05,18.21
-0.03600717066908667,0.006586621085668454,0.01751554519205328,-0.001388232695216179,0.3008997268587542,3.000000043429446,1.6,100.0,0.1,10.41
-0.03600717066908667,0.006586621085668454,0.01751554519205328,-0.001388232695216179,4.0,3.954242514264819,1.6,100.0,0.1032,11.95
-0.03600717066908667,0.006586621085668454,0.01751554519205328,-0.001388232695216179,0.0,2.301030212811168,1.6,100.0,0.16,15.6
-0.03600717066908667,0.006586621085668454,0.01751554519205328,-0.001388232695216179,4.0,3.623249300738245,1.5,105.0,0.09,10.02
-0.03272067193126536,0.007456604513200587,0.01704085397038922,-0.001130609114256066,0.9026992977420334,2.301030212811168,1.5,65.0,0.12,18.63
-0.03600717066908667,0.006586621085668454,0.01751554519205328,-0.001388232695216179,3.698970004336019,3.000000043429446,1.59,100.0,2.25,15.4
0.02426906489205793,0.02313763566186687,0.006017879679301838,0.001700746796246778,0.6018428983557322,2.204120254089891,1.54,80.0,0.058,16.87
-0.03600717066908667,0.006586621085668454,0.01751554519205328,-0.001388232695216179,3.698970004336019,2.477121399484465,1.5,100.0,0.1,12.37
-0.02790256562507159,-0.009090480569988305,0.02241752984585672,0.0005841721092050469,0.9995225386255447,3.544068056758689,1.26,100.0,0.16,11.21
-0.03600717066908667,0.006586621085668454,0.01751554519205328,-0.001388232695216179,3.698970004336019,3.000000043429446,1.6,100.0,0.07,11.7
-0.03600717066908667,0.006586621085668454,0.01751554519205328,-0.001388232695216179,0.0,3.255272529230777,1.6,90.0,0.1,11.17
-0.03600717066908667,0.006586621085668454,0.01751554519205328,-0.001388232695216179,-1.040326494084594,2.724275951543136,1.627,65.0,0.09,12.13
-0.03600717066908667,0.006586621085668454,0.01751554519205328,-0.001388232695216179,0.3678320445894042,3.000000043429446,1.6,100.0,0.1,18.0
-0.03600717066908667,0.006586621085668454,0.01751554519205328,-0.001388232695216179,4.0,3.176091288008646,1.55,100.0,0.1,11.2
-0.03600717066908667,0.006586621085668454,0.01751554519205328,-0.001388232695216179,4.0,3.89762709678784,1.6,90.0,0.1,19.3
-0.03600717066908667,0.006586621085668454,0.01751554519205328,-0.001388232695216179,0.8856793095398042,2.477121399484465,1.6,100.0,0.5,13.05
-0.03600717066908667,0.006586621085668454,0.01751554519205328,-0.001388232695216179,0.3678320445894042,2.698970091194906,1.576,100.0,0.1,16.12
0.01519285890564475,0.01613689213021394,-0.0001681504279699043,-0.005518472658312402,0.6018428983557322,3.477121269196145,1.61,100.0,0.1,10.2
-0.03600717066908667,0.006586621085668454,0.01751554519205328,-0.001388232695216179,4.0,2.90309004127875,1.6,80.0,0.1,14.4
-0.03600717066908667,0.006586621085668454,0.01751554519205328,-0.001388232695216179,0.0,2.623249393801336,1.6,60.0,0.05,15.23
0.01519285890564475,0.01613689213021394,-0.0001681504279699043,-0.005518472658312402,0.6018428983557322,3.000000043429446,1.5,100.0,0.16,20.1
-0.03600717066908667,0.006586621085668454,0.01751554519205328,-0.001388232695216179,-0.3424858463349209,3.454844875246913,1.6,95.0,0.1,21.1
0.01495801894762426,0.01542494765749997,-0.0007357112892081006,-0.004616223218084806,0.6018428983557322,3.778151257621885,1.6,100.0,0.16,15.52
0.01519285890564475,0.01613689213021394,-0.0001681504279699043,-0.005518472658312402,0.6018428983557322,3.778151257621885,1.63,100.0,0.071,14.1
-0.03600717066908667,0.006586621085668454,0.01751554519205328,-0.001388232695216179,0.0,3.301030017378705,1.6,100.0,0.09,20.38
-0.03600717066908667,0.006586621085668454,0.01751554519205328,-0.001388232695216179,0.0,4.079181249666745,1.6,100.0,0.1,16.5
-0.03600717066908667,0.006586621085668454,0.01751554519205328,-0.001388232695216179,4.0,3.000000043429446,1.6,100.0,0.1,18.3
-0.03600717066908667,0.006586621085668454,0.01751554519205328,-0.001388232695216179,0.6018428983557322,3.000000043429446,1.6,100.0,0.1,11.7
-0.03600717066908667,0.006586621085668454,0.01751554519205328,-0.001388232695216179,0.0,3.000000043429446,1.6,100.0,0.09,11.78
-0.03600717066908667,0.006586621085668454,0.01751554519205328,-0.001388232695216179,0.6018428983557322,3.025305906235946,1.6,60.0,0.09,16.92
-0.03600717066908667,0.006586621085668454,0.01751554519205328,-0.001388232695216179,3.698970004336019,3.556302512831023,1.59,70.0,0.09,10.4
0.01725159014725069,0.01767724884070695,4.444345248363339e-05,-0.007976248404356711,0.6018428983557322,3.531478929815622,1.64,85.0,0.09,15.14
-0.03600717066908667,0.006586621085668454,0.01751554519205328,-0.001388232695216179,0.0,3.301030017378705,1.57,100.0,0.07,10.4
0.01400562263034288,0.004628674718681466,-0.02709093558620652,-0.03161280147809357,3.698970004336019,3.656098211599907,1.72,70.0,0.102,15.04
-0.03600717066908667,0.006586621085668454,0.01751554519205328,-0.001388232695216179,4.0,3.000000043429446,1.6,100.0,0.05,12.5
0.02115246733572777,0.02099240964253258,0.004913153602382739,-0.003183273641000749,0.6018428983557322,3.176091288008646,1.5,100.0,0.11,15.62
-0.03600717066908667,0.006586621085668454,0.01751554519205328,-0.001388232695216179,0.6018428983557322,2.755874931864499,1.6,95.0,0.09,16.52
-0.03600717066908667,0.006586621085668454,0.01751554519205328,-0.001388232695216179,4.0,3.176091288008646,1.6,100.0,0.1,10.78
-0.03600717066908667,0.006586621085668454,0.01751554519205328,-0.001388232695216179,0.9538084319600062,3.000000043429446,1.6,100.0,0.1,16.98
-0.03600717066908667,0.006586621085668454,0.01751554519205328,-0.001388232695216179,-1.040326494084594,2.724275951543136,1.624,65.0,0.09,14.24
-0.03600717066908667,0.006586621085668454,0.01751554519205328,-0.001388232695216179,0.0,3.000000043429446,1.6,100.0,0.04,12.22
0.009728166341047718,0.01940384445269289,0.01041067695355533,-0.0003417404253111513,3.698970004336019,3.365488003610489,1.58,70.0,0.1,16.4
-0.03600717066908667,0.006586621085668454,0.01751554519205328,-0.001388232695216179,3.698970004336019,3.498310567576727,1.6,90.0,0.102,14.39
-0.03600717066908667,0.006586621085668454,0.01751554519205328,-0.001388232695216179,0.3678313210070648,3.255272529230777,1.6,90.0,0.1,10.8
-0.03600717066908667,0.006586621085668454,0.01751554519205328,-0.001388232695216179,0.3678175731716691,3.000000043429446,1.58,100.0,0.1,18.04
-0.01296642657973385,-0.006400094451433123,0.01030251926837082,0.01056513585454626,0.0,2.90309004127875,1.96,100.0,0.06,10.54
-0.03600717066908667,0.006586621085668454,0.01751554519205328,-0.001388232695216179,0.9538084319600062,3.021189340431315,1.58,105.0,0.12,18.18
-0.03600717066908667,0.006586621085668454,0.01751554519205328,-0.001388232695216179,0.9538084319600062,3.07736794162679,1.6,65.0,0.06,17.35
-0.03600717066908667,0.006586621085668454,0.01751554519205328,-0.001388232695216179,4.0,2.698970091194906,1.59,100.0,0.0919,11.2
-0.03600717066908667,0.006586621085668454,0.01751554519205328,-0.001388232695216179,3.698970004336019,3.544068056758689,1.6,100.0,0.075,14.22
-0.0383478050194859,-0.01674133044879193,0.01081150590238326,-0.0332995469659015,0.6018428983557322,3.778151257621885,1.58,100.0,0.16,10.62
-0.03600717066908667,0.006586621085668454,0.01751554519205328,-0.001388232695216179,3.698970004336019,3.690196088891666,1.6,100.0,0.1,11.03
-0.03600717066908667,0.006586621085668454,0.01751554519205328,-0.001388232695216179,0.9538084319600062,3.000000043429446,1.6,100.0,0.16,10.6
-0.03600717066908667,0.006586621085668454,0.01751554519205328,-0.001388232695216179,0.0,3.000000043429446,1.56,100.0,0.16,17.24
-0.03600717066908667,0.006586621085668454,0.01751554519205328,-0.001388232695216179,4.0,3.653212523426332,1.6,100.0,0.09,11.5
0.02426906489205793,0.02313763566186687,0.006017879679301838,0.001700746796246778,0.6018428983557322,2.204120254089891,1.54,80.0,0.058,20.44
-0.03600717066908667,0.006586621085668454,0.01751554519205328,-0.001388232695216179,0.6018428983557322,3.000000043429446,1.6,100.0,0.1,13.3
-0.03600717066908667,0.006586621085668454,0.01751554519205328,-0.001388232695216179,1.040871844222039,3.000000043429446,1.6,100.0,0.13,10.5
-0.03600717066908667,0.006586621085668454,0.01751554519205328,-0.001388232695216179,4.0,3.000000043429446,1.55,100.0,0.08,21.0
-0.03600717066908667,0.006586621085668454,0.01751554519205328,-0.001388232695216179,3.698970004336019,2.845098102056321,1.56,70.0,0.038,10.34
-0.03600717066908667,0.006586621085668454,0.01751554519205328,-0.001388232695216179,4.0,3.954242514264819,1.55,100.0,0.0625,12.6
-0.03600717066908667,0.006586621085668454,0.01751554519205328,-0.001388232695216179,3.698970004336019,3.653212523426332,1.6,100.0,0.09,14.1
-0.03600717066908667,0.006586621085668454,0.01751554519205328,-0.001388232695216179,0.0,3.176091288008646,1.6,150.0,0.06,14.7
0.01595086659036125,0.01715179071264882,0.0007689970839751136,-0.004302643624446361,0.9995225386255447,3.716837731635311,1.6,70.0,0.105,17.92
-0.03600717066908667,0.006586621085668454,0.01751554519205328,-0.001388232695216179,4.0,4.033423759508195,1.6,90.0,0.08,15.9
-0.03600717066908667,0.006586621085668454,0.01751554519205328,-0.001388232695216179,0.9995225386255447,3.000000043429446,1.6,100.0,0.09,18.6
0.01495801894762426,0.01542494765749997,-0.0007357112892081006,-0.004616223218084806,0.6018428983557322,3.778151257621885,1.6,100.0,0.16,15.22
-0.03600717066908667,0.006586621085668454,0.01751554519205328,-0.001388232695216179,0.6018428983557322,2.000000434294265,1.6,100.0,0.1,15.61
-0.03600717066908667,0.006586621085668454,0.01751554519205328,-0.001388232695216179,0.3678320445894042,3.000000043429446,1.6,100.0,0.1,16.3
-0.03600717066908667,0.006586621085668454,0.01751554519205328,-0.001388232695216179,0.6018428983557322,3.000000043429446,1.6,100.0,0.1,17.9
-0.03600717066908667,0.006586621085668454,0.01751554519205328,-0.001388232695216179,0.0,3.07918128223883,1.6,120.0,0.14,13.4
-0.03600717066908667,0.006586621085668454,0.01751554519205328,-0.001388232695216179,3.698970004336019,2.477121399484465,1.5,100.0,0.1,15.03
-0.03600717066908667,0.006586621085668454,0.01751554519205328,-0.001388232695216179,0.4769475716611976,3.778151257621885,1.585,100.0,0.09,17.54
0.03005776304970446,0.02672802650017309,0.01134055436796627,0.001908825983798767,3.698970004336019,3.176091288008646,1.48,150.0,0.12,15.58
-0.03600717066908667,0.006586621085668454,0.01751554519205328,-0.001388232695216179,0.9538084319600062,2.752048524685712,1.6,65.0,0.09,15.1
-0.03600717066908667,0.006586621085668454,0.01751554519205328,-0.001388232695216179,0.0,3.301030017378705,1.6,100.0,0.07,12.67
0.01495801894762426,0.01542494765749997,-0.0007357112892081006,-0.004616223218084806,0.6018428983557322,3.778151257621885,1.6,100.0,0.16,15.27
-0.03600717066908667,0.006586621085668454,0.01751554519205328,-0.001388232695216179,0.0,2.477121399484465,1.6,100.0,0.1,13.1
-0.03600717066908667,0.006586621085668454,0.01751554519205328,-0.001388232695216179,3.698970004336019,3.322219315414608,1.6,70.0,0.09,10.73
-0.03600717066908667,0.006586621085668454,0.01751554519205328,-0.001388232695216179,4.0,3.027349648553579,1.6,65.0,1.0,12.19
-0.03600717066908667,0.006586621085668454,0.01751554519205328,-0.001388232695216179,0.4769475716611976,3.585460740788877,1.6,40.0,0.1,10.7
-0.03600717066908667,0.006586621085668454,0.01751554519205328,-0.001388232695216179,0.6018428983557322,3.000000043429446,1.6,100.0,0.1,18.17
0.03217174593265641,-0.004129666502719383,0.009198047107861734,0.01576074555894181,4.0,3.778151257621885,1.2,100.0,0.04,12.3
-0.03600717066908667,0.006586621085668454,0.01751554519205328,-0.001388232695216179,3.698970004336019,3.845098046218464,1.6,100.0,0.16,14.21
-0.03600717066908667,0.006586621085668454,0.01751554519205328,-0.001388232695216179,0.6018428983557322,2.342422878228744,1.6,60.0,0.09,17.1
-0.03600717066908667,0.006586621085668454,0.01751554519205328,-0.001388232695216179,3.698970004336019,4.623249291431935,1.6,70.0,0.09,11.41
0.01721810518888469,0.0186848135286511,0.001603863546475575,-0.005737676287139042,0.6018428983557322,3.778151257621885,1.6,100.0,0.09,17.35
-0.03600717066908667,0.006586621085668454,0.01751554519205328,-0.001388232695216179,0.0,2.977723651004054,1.6,95.0,0.122,10.6
-0.03600717066908667,0.006586621085668454,0.01751554519205328,-0.001388232695216179,3.698970004336019,3.322219315414608,1.5,70.0,0.1,11.26
0.01495801894762426,0.01542494765749997,-0.0007357112892081006,-0.004616223218084806,0.6018428983557322,3.778151257621885,1.6,100.0,0.16,15.33
0.01665666451719165,0.01664958773603534,-0.001351351288347561,-0.00992135928893844,0.6018428983557322,3.778151257621885,1.61,100.0,0.19,16.34
0.004127760644370248,0.008747530592518626,-0.0009535959285317078,-0.008142668945236155,0.6018428983557322,3.477121269196145,1.59,100.0,0.09,18.3
-0.03600717066908667,0.006586621085668454,0.01751554519205328,-0.001388232695216179,0.0,3.477121269196145,1.6,100.0,0.15,14.17
-0.01296642657973385,-0.006400094451433123,0.01030251926837082,0.01056513585454626,0.0,2.90309004127875,1.96,100.0,0.06,10.4
-0.03600717066908667,0.006586621085668454,0.01751554519205328,-0.001388232695216179,4.0,4.056904855146073,1.6,95.0,0.16,16.9
0.02274526485520561,0.02336249955656735,0.009508529428223852,-1.052920997297618e-05,1.277799202546371,3.365488003610489,1.68,70.0,0.0737,21.52
-0.03600717066908667,0.006586621085668454,0.01751554519205328,-0.001388232695216179,3.698970004336019,3.480868938039265,1.55,26.0,0.0006,13.77
-0.03600717066908667,0.006586621085668454,0.01751554519205328,-0.001388232695216179,4.0,3.217483970534783,1.6,110.0,0.12,14.34
-0.03600717066908667,0.006586621085668454,0.01751554519205328,-0.001388232695216179,4.0,3.176091288008646,1.6,100.0,0.16,13.7
-0.03600717066908667,0.006586621085668454,0.01751554519205328,-0.001388232695216179,0.0,2.623249393801336,1.6,60.0,0.05,17.17
-0.03600717066908667,0.006586621085668454,0.01751554519205328,-0.001388232695216179,4.0,2.698970091194906,1.6,100.0,0.0314,10.7
-0.03600717066908667,0.006586621085668454,0.01751554519205328,-0.001388232695216179,0.9538084319600062,3.000000043429446,1.6,100.0,0.1,14.57
-0.03600717066908667,0.006586621085668454,0.01751554519205328,-0.001388232695216179,0.9995225386255447,2.477121399484465,1.6,100.0,0.1,17.05
-0.03600717066908667,0.006586621085668454,0.01751554519205328,-0.001388232695216179,3.698970004336019,3.176091288008646,1.6,150.0,0.078,17.32
-0.03600717066908667,0.006586621085668454,0.01751554519205328,-0.001388232695216179,4.0,3.454844875246913,1.6,95.0,0.04,12.08
0.03005776304970446,0.02672802650017309,0.01134055436796627,0.001908825983798767,3.698970004336019,3.466125885265874,1.48,70.0,0.1,17.21
-0.03600717066908667,0.006586621085668454,0.01751554519205328,-0.001388232695216179,0.0,2.778151322766051,1.6,120.0,0.16,19.4
-0.03600717066908667,0.006586621085668454,0.01751554519205328,-0.001388232695216179,0.0,2.698970091194906,1.6,100.0,0.0177,11.71
-0.03600717066908667,0.006586621085668454,0.01751554519205328,-0.001388232695216179,0.0,3.07918128223883,1.6,120.0,0.1,13.8
-0.03600717066908667,0.006586621085668454,0.01751554519205328,-0.001388232695216179,3.698970004336019,2.845098102056321,1.6,70.0,1.5,12.1
-0.03600717066908667,0.006586621085668454,0.01751554519205328,-0.001388232695216179,0.0,3.176091288008646,1.6,100.0,0.125,12.2
-0.03600717066908667,0.006586621085668454,0.01751554519205328,-0.001388232695216179,0.6018428983557322,2.857332556749942,1.61,90.0,0.04,18.6
-0.03600717066908667,0.006586621085668454,0.01751554519205328,-0.001388232695216179,0.9538084319600062,3.197280585699871,1.6,105.0,0.04,14.18
-0.03600717066908667,0.006586621085668454,0.01751554519205328,-0.001388232695216179,4.0,3.113943385714103,1.57,130.0,0.09,13.5
-0.03600717066908667,0.006586621085668454,0.01751554519205328,-0.001388232695216179,4.0,2.90309004127875,1.6,80.0,0.1,18.6
-0.03600717066908667,0.006586621085668454,0.01751554519205328,-0.001388232695216179,3.698970004336019,3.607455033937989,1.6,90.0,0.08,10.69
-0.03600717066908667,0.006586621085668454,0.01751554519205328,-0.001388232695216179,3.698970004336019,3.306425048997328,1.6,135.0,0.108,15.5
-0.03600717066908667,0.006586621085668454,0.01751554519205328,-0.001388232695216179,4.0,3.000000043429446,1.6,100.0,0.09,13.3
0.01935207376321722,-0.01592721415402632,0.02486058844704745,0.002333830298762662,0.6018428983557322,3.000000043429446,1.25,100.0,0.1,18.2
-0.03600717066908667,0.006586621085668454,0.01751554519205328,-0.001388232695216179,3.698970004336019,3.243038073503121,1.6,70.0,0.1,11.35
0.01519285890564475,0.01613689213021394,-0.0001681504279699043,-0.005518472658312402,0.6018428983557322,3.176091288008646,1.59,150.0,0.1,18.0
0.02353794901711918,0.02534499370263135,0.002989849441325323,0.01076803694356005,0.0,2.812913423457386,1.554,130.0,0.04,16.59
-0.03600717066908667,0.006586621085668454,0.01751554519205328,-0.001388232695216179,4.0,2.875061321297627,1.6,75.0,0.102,12.5
-0.03600717066908667,0.006586621085668454,0.01751554519205328,-0.001388232695216179,4.0,3.217483970534783,1.6,110.0,0.12,15.05
-0.03600717066908667,0.006586621085668454,0.01751554519205328,-0.001388232695216179,4.0,3.060697878118348,1.6,115.0,0.105,19.2
-0.03600717066908667,0.006586621085668454,0.01751554519205328,-0.001388232695216179,4.0,3.852784874775909,1.6,95.0,0.09,11.31
-0.03600717066908667,0.006586621085668454,0.01751554519205328,-0.001388232695216179,4.0,3.000000043429446,1.5,100.0,0.09,15.14
-0.03600717066908667,0.006586621085668454,0.01751554519205328,-0.001388232695216179,0.0,3.301030017378705,1.58,100.0,0.16,14.89
-0.01617529853625768,0.01239181621706842,0.01509507911469608,-0.000123646437743316,0.9538084319600062,2.698970091194906,1.58,100.0,0.08,19.0
-0.03600717066908667,0.006586621085668454,0.01751554519205328,-0.001388232695216179,3.698970004336019,2.919078144700707,1.55,70.0,0.1,14.07
0.0112772055556817,0.002302969635323406,-0.0195925179624455,-0.03689048087771588,3.698970004336019,3.656098211599907,1.7,70.0,0.102,14.17
-0.03600717066908667,0.006586621085668454,0.01751554519205328,-0.001388232695216179,0.1759826990046465,3.0334237956994,1.5,40.0,0.09,14.66
-0.03600717066908667,0.006586621085668454,0.01751554519205328,-0.001388232695216179,0.3678320445894042,3.301030017378705,1.6,100.0,0.1,15.7
-0.03600717066908667,0.006586621085668454,0.01751554519205328,-0.001388232695216179,4.0,2.698970091194906,1.6,100.0,0.1,11.94
-0.03600717066908667,0.006586621085668454,0.01751554519205328,-0.001388232695216179,0.0,3.000000043429446,1.6,100.0,0.09,12.08
-0.03600717066908667,0.006586621085668454,0.01751554519205328,-0.001388232695216179,4.0,3.176091288008646,1.6,100.0,0.1,11.64
0.01645883749703963,0.01736343104815911,0.0006842880231336526,-0.004232850881524671,0.6018428983557322,3.698970013021909,1.6,100.0,0.12,20.4
-0.03600717066908667,0.006586621085668454,0.01751554519205328,-0.001388232695216179,3.698970004336019,3.431363780243968,1.6,70.0,0.25,10.04
-0.03600717066908667,0.006586621085668454,0.01751554519205328,-0.001388232695216179,4.0,3.924279291232054,1.6,105.0,0.04,15.83
-0.03600717066908667,0.006586621085668454,0.01751554519205328,-0.001388232695216179,4.0,3.000000043429446,1.6,100.0,0.05,12.4
-0.03600717066908667,0.006586621085668454,0.01751554519205328,-0.001388232695216179,0.9537650480648696,3.477121269196145,1.5,100.0,0.1,18.23
-0.03600717066908667,0.006586621085668454,0.01751554519205328,-0.001388232695216179,0.1759826990046465,3.0334237956994,1.5,40.0,0.09,14.52
-0.03600717066908667,0.006586621085668454,0.01751554519205328,-0.001388232695216179,0.0,3.301030017378705,1.56,100.0,0.1,11.4
-0.03600717066908667,0.006586621085668454,0.01751554519205328,-0.001388232695216179,4.0,4.130333771712002,1.55,90.0,0.02,13.0
0.01721810518888469,0.0186848135286511,0.001603863546475575,-0.005737676287139042,0.6018428983557322,4.033423759508195,1.54,120.0,0.09,16.48
-0.03600717066908667,0.006586621085668454,0.01751554519205328,-0.001388232695216179,0.3678320445894042,3.07918128223883,1.6,120.0,0.1,19.61
-0.03600717066908667,0.006586621085668454,0.01751554519205328,-0.001388232695216179,3.698970004336019,2.845098102056321,1.6,70.0,0.1,12.9
-0.03600717066908667,0.006586621085668454,0.01751554519205328,-0.001388232695216179,0.6018428983557322,3.653212523426332,1.6,100.0,0.04,17.07
-0.02790256562507159,-0.009090480569988305,0.02241752984585672,0.0005841721092050469,0.9995225386255447,3.544068056758689,1.26,100.0,0.16,11.24
-0.0149323714639817,0.008411696589027937,-0.06040108746275723,0.04084621115816146,0.0,2.875061321297627,1.9,25.0,0.16,10.99
-0.03600717066908667,0.006586621085668454,0.01751554519205328,-0.001388232695216179,0.9537650480648696,3.477121269196145,1.56,100.0,0.1,13.73
-0.03600717066908667,0.006586621085668454,0.01751554519205328,-0.001388232695216179,0.6018428983557322,2.755874931864499,1.6,95.0,0.09,15.64
-0.03600717066908667,0.006586621085668454,0.01751554519205328,-0.001388232695216179,0.0,4.079181249666745,1.6,50.0,0.8,12.0
0.01519285890564475,0.01613689213021394,-0.0001681504279699043,-0.005518472658312402,0.6018428983557322,3.602060002185324,1.6,100.0,0.1,17.46
-0.03600717066908667,0.006586621085668454,0.01751554519205328,-0.001388232695216179,4.0,3.000000043429446,1.6,100.0,0.12,10.51
-0.03600717066908667,0.006586621085668454,0.01751554519205328,-0.001388232695216179,3.698970004336019,3.04139272463954,1.6,110.0,0.1,10.2
-0.03600717066908667,0.006586621085668454,0.01751554519205328,-0.001388232695216179,0.6018428983557322,2.342422878228744,1.6,60.0,0.09,13.13
-0.03600717066908667,0.006586621085668454,0.01751554519205328,-0.001388232695216179,0.9538084319600062,3.000000043429446,1.6,100.0,0.1,15.5
-0.03600562255436168,0.006585262151843551,0.01751782781764756,-0.001410260912717985,-0.1761636354381341,3.000000043429446,1.6,100.0,0.09,12.2
0.02477534379536052,0.0251130772134741,0.01152687453299924,0.001822822911016522,0.9537650480648696,3.365488003610489,1.55,70.0,0.07,23.1
-0.03600717066908667,0.006586621085668454,0.01751554519205328,-0.001388232695216179,0.9538084319600062,3.000000043429446,1.6,100.0,0.159,16.5
-0.03600717066908667,0.006586621085668454,0.01751554519205328,-0.001388232695216179,4.0,2.812913423457386,1.6,130.0,0.07,10.7
-0.03600717066908667,0.006586621085668454,0.01751554519205328,-0.001388232695216179,3.698970004336019,3.176091288008646,1.6,150.0,0.078,16.99
-0.03600717066908667,0.006586621085668454,0.01751554519205328,-0.001388232695216179,4.0,3.000000043429446,1.5,100.0,0.09,11.95
0.01519285890564475,0.01613689213021394,-0.0001681504279699043,-0.005518472658312402,0.6018428983557322,3.778151257621885,1.58,100.0,0.1,17.7
-0.03600717066908667,0.006586621085668454,0.01751554519205328,-0.001388232695216179,0.0,2.977723651004054,1.6,95.0,3.3,15.62
-0.03600717066908667,0.006586621085668454,0.01751554519205328,-0.001388232695216179,4.0,2.698970091194906,1.6,100.0,0.0919,13.1
-0.03600717066908667,0.006586621085668454,0.01751554519205328,-0.001388232695216179,4.0,3.000000043429446,1.5,100.0,0.045,12.97
0.01059466870438258,0.00908666377749652,-0.0170647780757846,0.004543026784722966,3.67264106561367,3.000000043429446,1.75,100.0,3.43,14.6
-0.03600717066908667,0.006586621085668454,0.01751554519205328,-0.001388232695216179,0.6018428983557322,3.000000043429446,1.6,100.0,0.16,13.6
-0.01743013508058911,-0.003032603483610057,0.009829320820623443,0.009979206623394398,-0.3680388229322834,3.000000043429446,1.63,100.0,0.09,13.68
-0.03506992065980784,0.004176257806486679,0.01530728331252266,-0.004402545274813917,3.698970004336019,3.146128066699271,1.57,140.0,0.09,13.65
0.03005776304970446,0.02672802650017309,0.01134055436796627,0.001908825983798767,3.698970004336019,3.466125885265874,1.48,70.0,0.1,16.5
0.03005776304970446,0.02672802650017309,0.01134055436796627,0.001908825983798767,0.6018428983557322,3.301030017378705,1.51,100.0,0.11,13.5
-0.03600717066908667,0.006586621085668454,0.01751554519205328,-0.001388232695216179,0.6018428983557322,3.778151257621885,1.59,100.0,0.1,14.08
-0.03600717066908667,0.006586621085668454,0.01751554519205328,-0.001388232695216179,0.9124512459397834,3.954242514264819,1.6,100.0,0.1,19.3
-0.03600717066908667,0.006586621085668454,0.01751554519205328,-0.001388232695216179,0.9026992977420334,2.908485072495249,1.59,90.0,0.11,12.7
-0.03600717066908667,0.006586621085668454,0.01751554519205328,-0.001388232695216179,4.0,2.301030212811168,1.6,100.0,4.0,12.9
-0.03600717066908667,0.006586621085668454,0.01751554519205328,-0.001388232695216179,0.0,3.000000043429446,1.6,100.0,0.09,15.26
-0.03600717066908667,0.006586621085668454,0.01751554519205328,-0.001388232695216179,0.7792917234925025,3.414973364674452,1.6,130.0,0.14,18.03
-0.03600717066908667,0.006586621085668454,0.01751554519205328,-0.001388232695216179,4.0,2.698970091194906,1.6,100.0,0.09,16.0
-0.03600717066908667,0.006586621085668454,0.01751554519205328,-0.001388232695216179,4.0,2.875061321297627,1.6,75.0,0.102,13.2
0.01573002285984471,0.02025592738506722,0.007705317663305545,-0.001736541561767907,4.0,3.146128066699271,1.53,140.0,0.1,12.0
0.01679399456762696,0.02271329126196624,0.01190195746282018,0.001625992028859026,4.0,3.653212523426332,1.535,150.0,0.09,18.2
-0.0383478050194859,-0.01674133044879193,0.01081150590238326,-0.0332995469659015,0.6018428983557322,3.778151257621885,1.58,100.0,0.16,10.15
-0.03600717066908667,0.006586621085668454,0.01751554519205328,-0.001388232695216179,4.0,3.954242514264819,1.55,100.0,0.0625,12.9
-0.0383478050194859,-0.01674133044879193,0.01081150590238326,-0.0332995469659015,0.6018428983557322,3.778151257621885,1.58,100.0,0.16,13.24
0.02426906489205793,0.02313763566186687,0.006017879679301838,0.001700746796246778,0.6018428983557322,3.064458026666096,1.54,80.0,0.058,17.61
-0.03600717066908667,0.006586621085668454,0.01751554519205328,-0.001388232695216179,0.6018428983557322,3.176091288008646,1.59,100.0,0.0919,14.0
-0.03600717066908667,0.006586621085668454,0.01751554519205328,-0.001388232695216179,0.0,3.301030017378705,1.6,100.0,0.07,13.58
0.03005776304970446,0.02672802650017309,0.01134055436796627,0.001908825983798767,0.9538084319600062,3.66745296222962,1.48,50.0,0.125,12.16
-0.01203824431151404,-0.002950123550930105,0.01989959864717675,0.0009744645699744081,0.6018428983557322,2.698970091194906,1.33,100.0,0.09,15.15
-0.03600717066908667,0.006586621085668454,0.01751554519205328,-0.001388232695216179,4.0,3.954242514264819,1.6,100.0,0.1032,12.15
-0.03600717066908667,0.006586621085668454,0.01751554519205328,-0.001388232695216179,3.698970004336019,3.322219315414608,1.6,70.0,0.11,12.6
-0.03600717066908667,0.006586621085668454,0.01751554519205328,-0.001388232695216179,4.0,3.000000043429446,1.6,100.0,0.1,16.0
0.02274526485520561,0.02336249955656735,0.009508529428223852,-1.052920997297618e-05,0.9772244535919058,3.365488003610489,1.57,70.0,0.09,17.7
0.01519285890564475,0.01613689213021394,-0.0001681504279699043,-0.005518472658312402,0.6018428983557322,3.602060002185324,1.6,100.0,0.1,17.46
-0.03600717066908667,0.006586621085668454,0.01751554519205328,-0.001388232695216179,0.0,3.07918128223883,1.6,120.0,0.2,12.8
-0.03600717066908667,0.006586621085668454,0.01751554519205328,-0.001388232695216179,0.9538084319600062,3.477121269196145,1.6,100.0,0.1,14.3
-0.03600717066908667,0.006586621085668454,0.01751554519205328,-0.001388232695216179,0.3678320445894042,3.000000043429446,1.6,100.0,0.1,13.55
-0.0149323714639817,0.008411696589027937,-0.06040108746275723,0.04084621115816146,-8.68502116489478e-05,2.698970091194906,1.91,100.0,0.1,10.47
-0.03600717066908667,0.006586621085668454,0.01751554519205328,-0.001388232695216179,0.9538084319600062,3.000000043429446,1.6,100.0,0.1,19.41
-0.03600717066908667,0.006586621085668454,0.01751554519205328,-0.001388232695216179,4.0,3.000000043429446,1.6,100.0,0.16,10.99
0.02426906489205793,0.02313763566186687,0.006017879679301838,0.001700746796246778,0.6018428983557322,3.064458026666096,1.54,80.0,0.058,14.8
0.02274526485520561,0.02336249955656735,0.009508529428223852,-1.052920997297618e-05,0.9772244535919058,3.365488003610489,1.57,70.0,0.09,18.7
-0.03600717066908667,0.006586621085668454,0.01751554519205328,-0.001388232695216179,4.0,3.954242514264819,1.6,100.0,0.09,16.3
-0.03600717066908667,0.006586621085668454,0.01751554519205328,-0.001388232695216179,0.0,3.000000043429446,1.6,100.0,0.1,13.66
-0.01538082846855231,0.01916111793827964,-0.05182166673380949,0.0622621806702927,0.0,3.380211259807209,1.79,120.0,0.09,10.12
-0.03600717066908667,0.006586621085668454,0.01751554519205328,-0.001388232695216179,3.698970004336019,4.079181249666745,1.6,100.0,0.035,10.4
-0.03600717066908667,0.006586621085668454,0.01751554519205328,-0.001388232695216179,0.0,2.447158186447364,1.6,140.0,0.09,12.0
0.01495801894762426,0.01542494765749997,-0.0007357112892081006,-0.004616223218084806,0.6018428983557322,3.778151257621885,1.6,100.0,0.16,11.97
0.03005776304970446,0.02672802650017309,0.01134055436796627,0.001908825983798767,3.698970004336019,3.176091288008646,1.48,150.0,0.12,18.47
-0.03600717066908667,0.006586621085668454,0.01751554519205328,-0.001388232695216179,0.9537650480648696,3.477121269196145,1.5,100.0,0.04,19.33
0.02658510335774138,0.024790210394919,0.008363965066280727,0.002125958845107204,1.277842538821606,3.707570184613514,1.56,70.0,0.09,13.97
-0.03600717066908667,0.006586621085668454,0.01751554519205328,-0.001388232695216179,0.0,3.000000043429446,1.6,100.0,0.1,13.49
0.02426906489205793,0.02313763566186687,0.006017879679301838,0.001700746796246778,0.6018428983557322,2.204120254089891,1.54,80.0,0.058,17.31
-0.03600717066908667,0.006586621085668454,0.01751554519205328,-0.001388232695216179,0.3678320445894042,3.000000043429446,1.6,100.0,0.1,14.57
0.01497985608350971,0.01501398928019293,-0.001166239923540733,-0.003960218065977792,0.6018428983557322,3.778151257621885,1.61,100.0,0.16,18.4
-0.03600717066908667,0.006586621085668454,0.01751554519205328,-0.001388232695216179,0.9537650480648696,3.113943385714103,1.6,100.0,0.07,17.07
-0.03600717066908667,0.006586621085668454,0.01751554519205328,-0.001388232695216179,0.9538084319600062,2.799340618389208,1.5,65.0,0.08,16.87
0.01169935815095703,0.01148481758546028,-0.002532965783341053,0.001096521052673256,0.6018428983557322,3.000000043429446,1.85,100.0,0.1,16.69
-0.03600717066908667,0.006586621085668454,0.01751554519205328,-0.001388232695216179,0.3008997268587542,3.000000043429446,1.6,100.0,0.104,16.4
-0.03600717066908667,0.006586621085668454,0.01751554519205328,-0.001388232695216179,0.0,3.602060002185324,1.6,100.0,0.16,18.26
-0.03600717066908667,0.006586621085668454,0.01751554519205328,-0.001388232695216179,0.6018428983557322,3.000000043429446,1.6,100.0,0.1,10.8
-0.03600717066908667,0.006586621085668454,0.01751554519205328,-0.001388232695216179,0.6018428983557322,3.518513953038326,1.59,110.0,0.16,17.5
-0.03600717066908667,0.006586621085668454,0.01751554519205328,-0.001388232695216179,0.9537650480648696,2.875061321297627,1.6,150.0,0.1,16.72
-0.03600717066908667,0.006586621085668454,0.01751554519205328,-0.001388232695216179,4.0,3.000000043429446,1.6,100.0,0.16,11.7
-0.03600717066908667,0.006586621085668454,0.01751554519205328,-0.001388232695216179,0.0,3.176091288008646,1.6,100.0,0.06,12.56
-0.03600717066908667,0.006586621085668454,0.01751554519205328,-0.001388232695216179,0.6018428983557322,2.342422878228744,1.6,60.0,0.09,17.54
-0.03600717066908667,0.006586621085668454,0.01751554519205328,-0.001388232695216179,3.698970004336019,3.322219315414608,1.6,70.0,0.07,12.58
-0.03600717066908667,0.006586621085668454,0.01751554519205328,-0.001388232695216179,0.0,3.000000043429446,1.5,100.0,0.1,15.32
0.02790962296212144,0.02625093142065337,0.008624740481725207,0.004809183415632299,3.933053210369387,3.477121269196145,1.48,150.0,0.1,15.29
-0.03600717066908667,0.006586621085668454,0.01751554519205328,-0.001388232695216179,0.9538084319600062,2.792391759545745,1.6,60.0,0.09,16.28
-0.03600717066908667,0.006586621085668454,0.01751554519205328,-0.001388232695216179,0.0,3.653212523426332,1.6,150.0,0.05,16.4
-0.03600717066908667,0.006586621085668454,0.01751554519205328,-0.001388232695216179,0.0,3.531478929815622,1.61,80.0,0.07,11.29
-0.03600717066908667,0.006586621085668454,0.01751554519205328,-0.001388232695216179,1.060149889391518,3.000000043429446,1.6,100.0,0.09,17.5
-0.03600717066908667,0.006586621085668454,0.01751554519205328,-0.001388232695216179,3.698970004336019,3.653212523426332,1.6,100.0,0.09,14.4
-0.03600717066908667,0.006586621085668454,0.01751554519205328,-0.001388232695216179,4.0,3.000000043429446,1.55,100.0,0.09,18.5
0.01721810518888469,0.0186848135286511,0.001603863546475575,-0.005737676287139042,0.6018428983557322,3.740362697390507,1.61,150.0,0.1,20.02
-0.01296642657973385,-0.006400094451433123,0.01030251926837082,0.01056513585454626,0.0,2.90309004127875,1.96,100.0,0.06,11.29
-0.03600717066908667,0.006586621085668454,0.01751554519205328,-0.001388232695216179,0.9538084319600062,3.000000043429446,1.6,100.0,0.1,10.1
-0.03600562255436168,0.006585262151843551,0.01751782781764756,-0.001410260912717985,4.0,3.000000043429446,1.57,100.0,0.045,16.8
-0.03600717066908667,0.006586621085668454,0.01751554519205328,-0.001388232695216179,0.0,3.000000043429446,1.6,100.0,0.09,16.83
0.01495801894762426,0.01542494765749997,-0.0007357112892081006,-0.004616223218084806,0.6018428983557322,3.778151257621885,1.6,100.0,0.16,10.63
-0.03600717066908667,0.006586621085668454,0.01751554519205328,-0.001388232695216179,4.0,3.176091288008646,1.6,100.0,0.1,10.78
-0.03600717066908667,0.006586621085668454,0.01751554519205328,-0.001388232695216179,0.9538084319600062,2.301030212811168,1.6,100.0,0.09,17.0
-0.03600717066908667,0.006586621085668454,0.01751554519205328,-0.001388232695216179,0.9538084319600062,2.792391759545745,1.6,60.0,0.09,15.58
-0.01296642657973385,-0.006400094451433123,0.01030251926837082,0.01056513585454626,0.0,2.90309004127875,1.96,100.0,0.06,11.7
-0.03600717066908667,0.006586621085668454,0.01751554519205328,-0.001388232695216179,1.060149889391518,3.000000043429446,1.6,100.0,0.09,13.0
-0.03600717066908667,0.006586621085668454,0.01751554519205328,-0.001388232695216179,0.9538084319600062,2.799340618389208,1.5,65.0,0.08,16.28
-0.03600717066908667,0.006586621085668454,0.01751554519205328,-0.001388232695216179,4.0,2.90309004127875,1.55,80.0,0.9,10.34
-0.03600717066908667,0.006586621085668454,0.01751554519205328,-0.001388232695216179,4.0,3.000000043429446,1.6,100.0,0.09,12.71
-0.03600717066908667,0.006586621085668454,0.01751554519205328,-0.001388232695216179,0.9537650480648696,3.477121269196145,1.5,100.0,0.1,12.89
-0.03600717066908667,0.006586621085668454,0.01751554519205328,-0.001388232695216179,4.0,3.778151257621885,1.6,100.0,0.04,14.2
-0.03600717066908667,0.006586621085668454,0.01751554519205328,-0.001388232695216179,4.0,3.397940026043817,1.55,100.0,0.1,15.9
0.02696766790853294,-0.0114541166692071,0.01056406291858372,-0.003981359823038363,0.0,3.000000043429446,1.31,100.0,0.0314,10.66
-0.03600717066908667,0.006586621085668454,0.01751554519205328,-0.001388232695216179,0.0,3.531478929815622,1.61,80.0,0.07,10.27
-0.03600717066908667,0.006586621085668454,0.01751554519205328,-0.001388232695216179,0.9538084319600062,3.000000043429446,1.6,100.0,0.1,17.2
-0.03600717066908667,0.006586621085668454,0.01751554519205328,-0.001388232695216179,3.698970004336019,3.778151257621885,1.6,100.0,0.096,14.1
-0.0149323714639817,0.008411696589027937,-0.06040108746275723,0.04084621115816146,0.6018428983557322,3.255272529230777,1.9,180.0,0.04,13.2
-0.03600717066908667,0.006586621085668454,0.01751554519205328,-0.001388232695216179,4.0,3.653212523426332,1.6,100.0,0.09,12.58
-0.03600717066908667,0.006586621085668454,0.01751554519205328,-0.001388232695216179,0.0,3.954242514264819,1.59,150.0,0.04,14.59
-0.03600717066908667,0.006586621085668454,0.01751554519205328,-0.001388232695216179,0.0,3.000000043429446,1.6,100.0,0.1119999999999999,15.0
-0.03600717066908667,0.006586621085668454,0.01751554519205328,-0.001388232695216179,0.0,3.000000043429446,1.59,100.0,0.0314,17.3
0.02426906489205793,0.02313763566186687,0.006017879679301838,0.001700746796246778,0.6018428983557322,2.204120254089891,1.54,80.0,0.058,18.0
-0.03600717066908667,0.006586621085668454,0.01751554519205328,-0.001388232695216179,0.0,3.000000043429446,1.6,100.0,0.0314,10.36
-0.03600717066908667,0.006586621085668454,0.01751554519205328,-0.001388232695216179,0.6018428983557322,3.000000043429446,1.6,100.0,0.1,15.0
0.02426906489205793,0.02313763566186687,0.006017879679301838,0.001700746796246778,0.6018428983557322,2.204120254089891,1.54,80.0,0.058,19.82
0.01519285890564475,0.01613689213021394,-0.0001681504279699043,-0.005518472658312402,0.6018428983557322,3.602060002185324,1.6,100.0,0.1,19.17
-0.03600717066908667,0.006586621085668454,0.01751554519205328,-0.001388232695216179,0.9538084319600062,3.025305906235946,1.5,60.0,0.06,16.69
-0.03600717066908667,0.006586621085668454,0.01751554519205328,-0.001388232695216179,0.6018428983557322,3.025305906235946,1.6,60.0,0.09,18.84
-0.03600717066908667,0.006586621085668454,0.01751554519205328,-0.001388232695216179,4.0,3.732393767865459,1.6,90.0,0.13,11.4
0.01519285890564475,0.01613689213021394,-0.0001681504279699043,-0.005518472658312402,0.6018428983557322,3.778151257621885,1.63,100.0,0.071,11.92
0.02426906489205793,0.02313763566186687,0.006017879679301838,0.001700746796246778,0.6018428983557322,2.204120254089891,1.54,80.0,0.058,20.07
-0.03600717066908667,0.006586621085668454,0.01751554519205328,-0.001388232695216179,4.0,3.000000043429446,1.6,100.0,0.16,11.25
-0.03600717066908667,0.006586621085668454,0.01751554519205328,-0.001388232695216179,0.6018428983557322,3.000000043429446,1.6,100.0,0.1,17.42
-0.03600717066908667,0.006586621085668454,0.01751554519205328,-0.001388232695216179,0.9538084319600062,3.07736794162679,1.6,65.0,0.06,15.31
0.02426906489205793,0.02313763566186687,0.006017879679301838,0.001700746796246778,0.6018428983557322,2.204120254089891,1.54,80.0,0.058,21.02
-0.03600717066908667,0.006586621085668454,0.01751554519205328,-0.001388232695216179,0.0,2.623249393801336,1.6,60.0,0.05,16.25
-0.03600717066908667,0.006586621085668454,0.01751554519205328,-0.001388232695216179,3.698970004336019,4.103803724375599,1.59,70.0,0.1,14.7
0.01645883749703963,0.01736343104815911,0.0006842880231336526,-0.004232850881524671,-0.6021142747455573,3.07918128223883,1.6,120.0,0.1,19.82
-0.03600717066908667,0.006586621085668454,0.01751554519205328,-0.001388232695216179,0.3678320445894042,3.000000043429446,1.6,100.0,0.1,14.35
0.02426906489205793,0.02313763566186687,0.006017879679301838,0.001700746796246778,0.6018428983557322,2.204120254089891,1.54,80.0,0.058,19.84
-0.03600717066908667,0.006586621085668454,0.01751554519205328,-0.001388232695216179,0.9538084319600062,3.000000043429446,1.6,100.0,0.04,18.03
0.02049408964891518,0.009050537190571674,-0.01328858454893567,-0.03706478416489886,3.698970004336019,3.656098211599907,1.65,70.0,0.102,18.3
0.03005776304970446,0.02672802650017309,0.01134055436796627,0.001908825983798767,0.6018428983557322,3.477121269196145,1.51,150.0,0.11,10.92
-0.03600717066908667,0.006586621085668454,0.01751554519205328,-0.001388232695216179,3.698970004336019,3.322219315414608,1.6,70.0,0.09,14.51
-0.03600717066908667,0.006586621085668454,0.01751554519205328,-0.001388232695216179,0.9538084319600062,3.000000043429446,1.6,100.0,0.04,17.25
-0.03600717066908667,0.006586621085668454,0.01751554519205328,-0.001388232695216179,0.8447507433288933,2.9845273583484,1.6,65.0,0.1,11.48
-0.03600717066908667,0.006586621085668454,0.01751554519205328,-0.001388232695216179,4.0,3.000000043429446,1.6,100.0,0.1,11.41
0.02094604636296774,0.002537791652281062,0.005197196719599308,-0.004592593469236566,0.0,3.000000043429446,1.34,100.0,0.0314,12.29
0.01966134097799246,0.005220315197309353,-0.01675597360767751,-0.04161104674888226,3.698970004336019,3.656098211599907,1.71,70.0,0.102,14.83
-0.03600717066908667,0.006586621085668454,0.01751554519205328,-0.001388232695216179,4.0,3.975431813104972,1.55,105.0,0.0314,12.5
-0.03600717066908667,0.006586621085668454,0.01751554519205328,-0.001388232695216179,0.8447073507643467,3.477121269196145,1.6,100.0,0.1,11.46
-0.03600717066908667,0.006586621085668454,0.01751554519205328,-0.001388232695216179,0.0,3.778151257621885,1.6,100.0,0.16,15.51
-0.03600717066908667,0.006586621085668454,0.01751554519205328,-0.001388232695216179,4.0,3.857332502463136,1.5,120.0,0.16,16.1
0.01545569884754383,0.01655703058811936,0.0004068960080525673,-0.003705484538589672,0.6018428983557322,3.477121269196145,1.61,100.0,0.16,20.1
-0.03600717066908667,0.006586621085668454,0.01751554519205328,-0.001388232695216179,4.0,2.9845273583484,1.6,65.0,0.125,12.2
-0.01549142515685884,0.0213377970377838,-0.05052475364080292,0.0662358275947395,0.9538084319600062,3.954242514264819,1.69,150.0,0.09028,11.27
-0.01510173540570771,0.02041002510205485,-0.05044386431034393,0.06710567041166383,0.6018428983557322,3.477121269196145,1.75,300.0,0.159,11.0
-0.03600717066908667,0.006586621085668454,0.01751554519205328,-0.001388232695216179,3.698970004336019,3.623249300738245,1.6,70.0,0.1,11.14
-0.01821871967963404,-0.003415339715566656,0.01188834575343447,0.007905245819103334,-0.3680388229322834,3.000000043429446,1.62,100.0,0.09,10.58
-0.03600717066908667,0.006586621085668454,0.01751554519205328,-0.001388232695216179,0.0,3.176091288008646,1.6,50.0,0.1,16.19
-0.03600717066908667,0.006586621085668454,0.01751554519205328,-0.001388232695216179,0.0,3.000000043429446,1.585,100.0,0.1024,17.85
-0.03600717066908667,0.006586621085668454,0.01751554519205328,-0.001388232695216179,2.958607314841775,3.489114383461101,1.55,28.0,0.0006,15.88
0.01312758592508253,0.02274392142657087,-0.03542890230804387,0.02710303363283155,0.0,3.477121269196145,1.55,100.0,0.09,18.0
-0.03600717066908667,0.006586621085668454,0.01751554519205328,-0.001388232695216179,3.954242509439325,3.000000043429446,1.614,100.0,0.09,15.67
-0.03497543984716693,0.006339333744496888,0.01715109220630685,-0.000558273927070298,0.6018428983557322,3.698970013021909,1.61,100.0,0.09,14.2
-0.03600717066908667,0.006586621085668454,0.01751554519205328,-0.001388232695216179,0.0,3.556302512831023,1.6,120.0,2.0,10.18
-0.03600717066908667,0.006586621085668454,0.01751554519205328,-0.001388232695216179,4.0,4.103803724375599,1.6,70.0,0.045,13.97
-0.03600717066908667,0.006586621085668454,0.01751554519205328,-0.001388232695216179,3.698970004336019,3.623249300738245,1.6,70.0,0.1,11.31
-0.03600717066908667,0.006586621085668454,0.01751554519205328,-0.001388232695216179,0.9538084319600062,2.662757926093408,1.6,60.0,0.06,15.43
-0.03600717066908667,0.006586621085668454,0.01751554519205328,-0.001388232695216179,0.6018428983557322,2.845098102056321,1.6,70.0,0.1,12.96
-0.03600717066908667,0.006586621085668454,0.01751554519205328,-0.001388232695216179,4.0,4.079181249666745,1.6,100.0,0.1,16.7
-0.03600717066908667,0.006586621085668454,0.01751554519205328,-0.001388232695216179,0.0,2.74818810455878,1.6,60.0,0.1,11.9
-0.03600717066908667,0.006586621085668454,0.01751554519205328,-0.001388232695216179,0.9538084319600062,3.000000043429446,1.6,100.0,0.1,10.84
0.03005776304970446,0.02672802650017309,0.01134055436796627,0.001908825983798767,3.698970004336019,2.939519302537521,1.48,40.0,0.123,11.87
-0.03600717066908667,0.006586621085668454,0.01751554519205328,-0.001388232695216179,4.0,3.000000043429446,1.6,100.0,0.1,16.01
-0.03600717066908667,0.006586621085668454,0.01751554519205328,-0.001388232695216179,0.6018428983557322,2.755874931864499,1.6,95.0,0.09,19.24
-0.03600717066908667,0.006586621085668454,0.01751554519205328,-0.001388232695216179,0.0,3.000000043429446,1.6,100.0,0.09,12.62
-0.03600717066908667,0.006586621085668454,0.01751554519205328,-0.001388232695216179,4.0,2.954242557694265,1.56,90.0,0.1,16.47
0.02426906489205793,0.02313763566186687,0.006017879679301838,0.001700746796246778,0.6018428983557322,2.204120254089891,1.54,80.0,0.058,15.89
-0.03600717066908667,0.006586621085668454,0.01751554519205328,-0.001388232695216179,3.698970004336019,4.103803724375599,1.6,70.0,0.045,17.46
0.01749541075116077,0.0105849918829895,-0.03118794977129979,-0.02144668250406088,3.698970004336019,3.656098211599907,1.61,70.0,0.102,13.26
-0.03600717066908667,0.006586621085668454,0.01751554519205328,-0.001388232695216179,3.698970004336019,4.170261718329379,1.6,70.0,1.2,14.3
-0.03414676047505379,0.001359430052497769,0.01265250997201402,-0.00808700560746077,4.0,3.000000043429446,1.62,100.0,0.09,14.8
-0.03600717066908667,0.006586621085668454,0.01751554519205328,-0.001388232695216179,0.6018428983557322,3.000000043429446,1.6,100.0,0.06,17.3
-0.03600717066908667,0.006586621085668454,0.01751554519205328,-0.001388232695216179,4.0,3.778151257621885,1.5,100.0,0.1,11.07
-0.03600717066908667,0.006586621085668454,0.01751554519205328,-0.001388232695216179,0.6018428983557322,2.755874931864499,1.6,95.0,0.09,19.27
-0.03600717066908667,0.006586621085668454,0.01751554519205328,-0.001388232695216179,4.0,3.113943385714103,1.6,130.0,3.76,15.3
-0.03600717066908667,0.006586621085668454,0.01751554519205328,-0.001388232695216179,4.0,3.954242514264819,1.6,100.0,0.15,17.56
-0.03600717066908667,0.006586621085668454,0.01751554519205328,-0.001388232695216179,0.0,3.000000043429446,1.6,100.0,0.1,13.8
0.01588875343584062,0.01863894024920732,0.003681536775633083,-0.001488014934813955,0.9538084319600062,3.176091288008646,1.59,100.0,0.09,14.2
-0.03600717066908667,0.006586621085668454,0.01751554519205328,-0.001388232695216179,0.0,3.301030017378705,1.57,100.0,0.07,14.5
-0.03600717066908667,0.006586621085668454,0.01751554519205328,-0.001388232695216179,3.698970004336019,4.103803724375599,1.5,70.0,0.045,12.88
0.02274526485520561,0.02336249955656735,0.009508529428223852,-1.052920997297618e-05,0.9772244535919058,3.365488003610489,1.57,70.0,0.09,18.8
0.01588875343584062,0.01863894024920732,0.003681536775633083,-0.001488014934813955,0.9538084319600062,3.176091288008646,1.59,100.0,0.09,14.75
-0.03600717066908667,0.006586621085668454,0.01751554519205328,-0.001388232695216179,2.958607314841775,2.698970091194906,1.6,100.0,0.07,13.14
-0.03600717066908667,0.006586621085668454,0.01751554519205328,-0.001388232695216179,0.0,3.000000043429446,1.63,100.0,0.1,15.1
-0.03600717066908667,0.006586621085668454,0.01751554519205328,-0.001388232695216179,0.0,3.000000043429446,1.6,100.0,0.05,11.99
-0.01849086347797625,-0.03038883646933253,0.01702441599837001,-0.0107958160745848,0.3678320445894042,2.698970091194906,1.35,100.0,0.1,17.13
-0.03600717066908667,0.006586621085668454,0.01751554519205328,-0.001388232695216179,0.0,3.301030017378705,1.6,100.0,0.07,14.91
-0.03600717066908667,0.006586621085668454,0.01751554519205328,-0.001388232695216179,4.0,4.056904855146073,1.6,90.0,0.1,11.04
-0.03600717066908667,0.006586621085668454,0.01751554519205328,-0.001388232695216179,0.3678320445894042,3.07918128223883,1.6,120.0,0.1,19.33
-0.03600562255436168,0.006585262151843551,0.01751782781764756,-0.001410260912717985,4.0,4.255272507516053,1.55,100.0,0.1,12.4
0.02343778530187953,0.02472049597672762,0.01157481016671319,0.00180131108451101,0.9538084319600062,3.487138389623587,1.525,70.0,0.0887,19.04
-0.03600717066908667,0.006586621085668454,0.01751554519205328,-0.001388232695216179,4.0,3.000000043429446,1.6,100.0,0.1,16.8
-0.03600717066908667,0.006586621085668454,0.01751554519205328,-0.001388232695216179,4.0,2.301030212811168,1.5,100.0,0.1,11.84
-0.03600717066908667,0.006586621085668454,0.01751554519205328,-0.001388232695216179,0.9538084319600062,2.752048524685712,1.6,65.0,0.09,15.3
-0.03600717066908667,0.006586621085668454,0.01751554519205328,-0.001388232695216179,0.9538084319600062,3.049218061446473,1.6,60.0,0.08,17.77
-0.03600717066908667,0.006586621085668454,0.01751554519205328,-0.001388232695216179,0.9538084319600062,2.752048524685712,1.6,65.0,0.09,15.4
0.01519285890564475,0.01613689213021394,-0.0001681504279699043,-0.005518472658312402,0.6018428983557322,3.778151257621885,1.57,100.0,0.1,16.8
-0.03600717066908667,0.006586621085668454,0.01751554519205328,-0.001388232695216179,3.698970004336019,3.469822030700009,1.6,70.0,0.1,14.4
-0.03600717066908667,0.006586621085668454,0.01751554519205328,-0.001388232695216179,4.0,2.698970091194906,1.6,100.0,0.102,19.05
-0.03600717066908667,0.006586621085668454,0.01751554519205328,-0.001388232695216179,4.0,2.698970091194906,1.6,100.0,0.0314,12.3
-0.03600717066908667,0.006586621085668454,0.01751554519205328,-0.001388232695216179,-0.954290761701127,3.498310567576727,1.6,105.0,0.08,12.6
-0.03600562255436168,0.006585262151843551,0.01751782781764756,-0.001410260912717985,4.0,3.301030017378705,1.55,100.0,0.1,15.01
-0.03600717066908667,0.006586621085668454,0.01751554519205328,-0.001388232695216179,0.6018428983557322,3.579783608045612,1.6,95.0,0.1,16.74
-0.03600717066908667,0.006586621085668454,0.01751554519205328,-0.001388232695216179,4.0,3.000000043429446,1.6,100.0,0.1,14.2
-0.03600717066908667,0.006586621085668454,0.01751554519205328,-0.001388232695216179,0.0,3.681241246423389,1.6,60.0,0.055,13.31
0.01700018915546512,0.01804467892262715,0.0006798289430828892,-0.006629268157326672,0.6018428983557322,3.778151257621885,1.627,100.0,0.09,11.0
-0.03600717066908667,0.006586621085668454,0.01751554519205328,-0.001388232695216179,0.0,3.000000043429446,1.6,100.0,0.1,15.81
-0.03600717066908667,0.006586621085668454,0.01751554519205328,-0.001388232695216179,0.0,3.07918128223883,1.6,120.0,0.81,16.31
-0.03600717066908667,0.006586621085668454,0.01751554519205328,-0.001388232695216179,4.0,3.778151257621885,1.6,100.0,4.0,11.2
-0.03600717066908667,0.006586621085668454,0.01751554519205328,-0.001388232695216179,0.0,3.000000043429446,1.6,100.0,0.1,11.75
-0.03600717066908667,0.006586621085668454,0.01751554519205328,-0.001388232695216179,0.9538084319600062,3.204120009799329,1.6,60.0,0.16,18.79
-0.03600717066908667,0.006586621085668454,0.01751554519205328,-0.001388232695216179,0.9538084319600062,3.000000043429446,1.6,100.0,0.159,17.1
-0.03600717066908667,0.006586621085668454,0.01751554519205328,-0.001388232695216179,4.0,3.653212523426332,1.6,100.0,0.09,16.07
0.01721810518888469,0.0186848135286511,0.001603863546475575,-0.005737676287139042,0.9537650480648696,3.477121269196145,1.47,150.0,1.0,17.3
-0.03600562255436168,0.006585262151843551,0.01751782781764756,-0.001410260912717985,0.3008997268587542,3.000000043429446,1.5,100.0,0.1,14.75
-0.03600717066908667,0.006586621085668454,0.01751554519205328,-0.001388232695216179,0.7792917234925025,3.414973364674452,1.6,130.0,0.14,18.72
-0.03600717066908667,0.006586621085668454,0.01751554519205328,-0.001388232695216179,3.698970004336019,3.322219315414608,1.6,70.0,0.11,11.5
-0.03600717066908667,0.006586621085668454,0.01751554519205328,-0.001388232695216179,3.698970004336019,4.079181249666745,1.5,100.0,0.16,12.54
-0.03600717066908667,0.006586621085668454,0.01751554519205328,-0.001388232695216179,0.9538084319600062,3.029383818273477,1.61,70.0,0.1,11.7
-0.03600717066908667,0.006586621085668454,0.01751554519205328,-0.001388232695216179,3.698970004336019,3.000000043429446,1.6,100.0,0.1,10.49
-0.03600717066908667,0.006586621085668454,0.01751554519205328,-0.001388232695216179,0.6018428983557322,3.000000043429446,1.6,100.0,0.14,10.22
-0.03600717066908667,0.006586621085668454,0.01751554519205328,-0.001388232695216179,4.0,3.982271237563469,1.56,80.0,0.06,11.0
-0.01203824431151404,-0.002950123550930105,0.01989959864717675,0.0009744645699744081,0.6018428983557322,2.698970091194906,1.33,100.0,0.09,11.68
-0.03600717066908667,0.006586621085668454,0.01751554519205328,-0.001388232695216179,4.0,3.146128066699271,1.6,70.0,0.09,15.37
-0.03600717066908667,0.006586621085668454,0.01751554519205328,-0.001388232695216179,4.0,3.653212523426332,1.6,50.0,0.0725,16.09
0.01633322678856756,0.0173110423977318,0.0007051028382190409,-0.004251484544345492,0.6018428983557322,3.778151257621885,1.6,100.0,0.16,15.06
-0.03600717066908667,0.006586621085668454,0.01751554519205328,-0.001388232695216179,0.0,3.021189340431315,1.6,105.0,0.09,15.64
-0.03600717066908667,0.006586621085668454,0.01751554519205328,-0.001388232695216179,0.9538084319600062,3.301030017378705,1.61,100.0,0.1,10.96
0.01543223250038279,0.01693691650159826,0.0008637094370783219,-0.004328264419567483,0.6018428983557322,2.698970091194906,1.6,100.0,0.0916,12.6
-0.03600717066908667,0.006586621085668454,0.01751554519205328,-0.001388232695216179,0.1759826990046465,3.0334237956994,1.5,40.0,0.09,13.02
0.01602626779278794,0.01776653933526398,0.001036007093208327,-0.00660616540582157,0.6018428983557322,2.000000434294265,1.63,100.0,0.09,12.5
-0.03600717066908667,0.006586621085668454,0.01751554519205328,-0.001388232695216179,1.090501795734864,3.000000043429446,1.6,100.0,0.04,13.93
-0.03600717066908667,0.006586621085668454,0.01751554519205328,-0.001388232695216179,4.0,3.653212523426332,1.6,100.0,0.09,11.07
-0.03600717066908667,0.006586621085668454,0.01751554519205328,-0.001388232695216179,4.0,3.000000043429446,1.6,100.0,0.0314,15.32
-0.03600717066908667,0.006586621085668454,0.01751554519205328,-0.001388232695216179,4.0,3.975431813104972,1.55,105.0,0.0314,13.0
-0.03600717066908667,0.006586621085668454,0.01751554519205328,-0.001388232695216179,0.8447507433288933,3.176091288008646,1.6,100.0,0.06,13.6
-0.03600717066908667,0.006586621085668454,0.01751554519205328,-0.001388232695216179,0.9538084319600062,3.000000043429446,1.57,100.0,0.094,10.2
-0.03600717066908667,0.006586621085668454,0.01751554519205328,-0.001388232695216179,0.9538084319600062,3.000000043429446,1.6,100.0,0.1,18.9
-0.03600717066908667,0.006586621085668454,0.01751554519205328,-0.001388232695216179,0.0,3.778151257621885,1.58,100.0,0.1,12.49
-0.03600717066908667,0.006586621085668454,0.01751554519205328,-0.001388232695216179,3.698970004336019,3.778151257621885,1.6,100.0,0.096,14.1
-0.03600717066908667,0.006586621085668454,0.01751554519205328,-0.001388232695216179,4.0,2.698970091194906,1.6,100.0,0.1,15.43
-0.03600717066908667,0.006586621085668454,0.01751554519205328,-0.001388232695216179,-8.68502116489478e-05,3.330413793643325,1.61,60.0,0.1,10.5
-0.03600717066908667,0.006586621085668454,0.01751554519205328,-0.001388232695216179,0.0,3.000000043429446,1.6,100.0,0.04,16.0
-0.03600717066908667,0.006586621085668454,0.01751554519205328,-0.001388232695216179,0.0,3.000000043429446,1.59,100.0,0.0314,17.9
-0.03600717066908667,0.006586621085668454,0.01751554519205328,-0.001388232695216179,3.698970004336019,3.049218061446473,1.556,40.0,0.1,11.6
-0.03600717066908667,0.006586621085668454,0.01751554519205328,-0.001388232695216179,4.0,4.158362495111183,1.6,100.0,0.000725,14.66
-0.03600717066908667,0.006586621085668454,0.01751554519205328,-0.001388232695216179,3.698970004336019,3.924279291232054,1.6,70.0,0.04,10.4
0.01721810518888469,0.0186848135286511,0.001603863546475575,-0.005737676287139042,0.6018428983557322,4.033423759508195,1.54,120.0,0.09,17.66
-0.03600717066908667,0.006586621085668454,0.01751554519205328,-0.001388232695216179,0.0,3.000000043429446,1.55,100.0,0.12,14.19
-0.03600717066908667,0.006586621085668454,0.01751554519205328,-0.001388232695216179,3.698970004336019,3.146128066699271,1.6,70.0,0.04,13.0
-0.03600717066908667,0.006586621085668454,0.01751554519205328,-0.001388232695216179,0.9537650480648696,3.477121269196145,1.6,100.0,0.0212,15.8
-0.03600717066908667,0.006586621085668454,0.01751554519205328,-0.001388232695216179,0.9538084319600062,3.000000043429446,1.6,100.0,0.1,16.9
0.03005776304970446,0.02672802650017309,0.01134055436796627,0.001908825983798767,3.9128498242811,3.458637864131544,1.48,70.0,0.04,17.08
-0.03600717066908667,0.006586621085668454,0.01751554519205328,-0.001388232695216179,3.698970004336019,3.653212523426332,1.6,100.0,0.9,12.73
-0.03600717066908667,0.006586621085668454,0.01751554519205328,-0.001388232695216179,0.3678320445894042,3.000000043429446,1.6,100.0,0.1,10.57
-0.03600717066908667,0.006586621085668454,0.01751554519205328,-0.001388232695216179,3.698970004336019,4.079181249666745,1.6,100.0,0.1,16.9
-0.03600717066908667,0.006586621085668454,0.01751554519205328,-0.001388232695216179,0.9538084319600062,3.000000043429446,1.6,100.0,0.159,15.1
-0.03600717066908667,0.006586621085668454,0.01751554519205328,-0.001388232695216179,0.9124512459397834,3.954242514264819,1.6,100.0,0.1,19.2
-0.03600717066908667,0.006586621085668454,0.01751554519205328,-0.001388232695216179,0.6018428983557322,2.342422878228744,1.5,60.0,0.09,18.1
0.01519285890564475,0.01613689213021394,-0.0001681504279699043,-0.005518472658312402,0.6018428983557322,3.732393767865459,1.57,120.0,0.16,17.6
-0.01821871967963404,-0.003415339715566656,0.01188834575343447,0.007905245819103334,0.3678320445894042,3.000000043429446,1.64,100.0,0.05,11.55
0.01721810518888469,0.0186848135286511,0.001603863546475575,-0.005737676287139042,0.6018428983557322,3.778151257621885,1.55,100.0,0.16,17.59
-0.03600717066908667,0.006586621085668454,0.01751554519205328,-0.001388232695216179,3.698970004336019,2.477121399484465,1.5,100.0,0.1,13.61
-0.02443316539667051,0.002715823070317745,0.009411719523545234,-0.00975170623347884,3.903089986991944,3.000000043429446,1.53,100.0,0.096,13.2
-0.03600717066908667,0.006586621085668454,0.01751554519205328,-0.001388232695216179,3.698970004336019,3.176091288008646,1.6,150.0,0.078,14.13
0.01519285890564475,0.01613689213021394,-0.0001681504279699043,-0.005518472658312402,0.6017994927805721,3.716003351986616,1.619,100.0,0.16,16.6
-0.03600717066908667,0.006586621085668454,0.01751554519205328,-0.001388232695216179,1.090501795734864,3.000000043429446,1.6,100.0,0.04,14.48
-0.03600562255436168,0.006585262151843551,0.01751782781764756,-0.001410260912717985,-0.1761636354381341,3.000000043429446,1.6,100.0,0.09,10.1
-0.03600717066908667,0.006586621085668454,0.01751554519205328,-0.001388232695216179,4.0,2.90309004127875,1.55,80.0,0.9,14.33
0.03005776304970446,0.02672802650017309,0.01134055436796627,0.001908825983798767,3.698970004336019,3.66745296222962,1.48,70.0,0.04,13.1
-0.03600717066908667,0.006586621085668454,0.01751554519205328,-0.001388232695216179,0.6018428983557322,2.755874931864499,1.6,95.0,0.09,16.19
-0.03600717066908667,0.006586621085668454,0.01751554519205328,-0.001388232695216179,4.0,2.698970091194906,1.6,100.0,0.0919,13.1
-0.03600717066908667,0.006586621085668454,0.01751554519205328,-0.001388232695216179,0.9538084319600062,3.029383818273477,1.61,70.0,0.1,13.8
-0.03600717066908667,0.006586621085668454,0.01751554519205328,-0.001388232695216179,0.7778473505988311,3.778151257621885,1.6,100.0,0.144,16.6
-0.03600717066908667,0.006586621085668454,0.01751554519205328,-0.001388232695216179,4.0,3.643452686356516,1.6,110.0,0.104,14.0
-0.03600717066908667,0.006586621085668454,0.01751554519205328,-0.001388232695216179,0.9995225386255447,2.477121399484465,1.6,100.0,0.1,14.76
-0.03600717066908667,0.006586621085668454,0.01751554519205328,-0.001388232695216179,-8.68502116489478e-05,3.954242514264819,1.6,90.0,0.1,10.67
-0.03600717066908667,0.006586621085668454,0.01751554519205328,-0.001388232695216179,0.0,3.778151257621885,1.6,100.0,0.16,15.15
-0.03600717066908667,0.006586621085668454,0.01751554519205328,-0.001388232695216179,0.3008997268587542,3.000000043429446,1.6,100.0,0.1,14.15
0.0178176342982284,0.009292423182631807,-0.01124861932526519,-0.007284300019461558,0.4769475716611976,3.053078481916558,1.75,65.0,0.105,14.0
-0.03600717066908667,0.006586621085668454,0.01751554519205328,-0.001388232695216179,0.6018428983557322,3.000000043429446,1.6,100.0,0.16,20.65
0.03005776304970446,0.02672802650017309,0.01134055436796627,0.001908825983798767,3.698970004336019,3.176091288008646,1.48,150.0,0.12,15.41
-0.03600717066908667,0.006586621085668454,0.01751554519205328,-0.001388232695216179,0.9538084319600062,2.799340618389208,1.5,65.0,0.08,15.96
-0.03600717066908667,0.006586621085668454,0.01751554519205328,-0.001388232695216179,4.0,2.845098102056321,1.6,70.0,0.1,19.0
-0.03600717066908667,0.006586621085668454,0.01751554519205328,-0.001388232695216179,0.6018428983557322,2.74818810455878,1.6,60.0,0.06,14.9
-0.03600717066908667,0.006586621085668454,0.01751554519205328,-0.001388232695216179,0.0,3.000000043429446,1.6,100.0,0.09,16.68
-0.03600717066908667,0.006586621085668454,0.01751554519205328,-0.001388232695216179,0.969805214643249,3.342422700562864,1.6,70.0,0.12,18.2
-0.03600717066908667,0.006586621085668454,0.01751554519205328,-0.001388232695216179,4.0,3.000000043429446,1.6,100.0,0.1,11.05
0.01559430366862345,0.01764665244318917,0.001606219330113659,-0.00345940503912006,0.6018428983557322,3.000000043429446,1.6,100.0,0.1,18.9
-0.03600717066908667,0.006586621085668454,0.01751554519205328,-0.001388232695216179,0.3678320445894042,3.000000043429446,1.6,100.0,0.1,15.68
0.02247626753248053,0.01898513275623157,-0.0008990819477338892,0.0005207531829390315,0.6018428983557322,3.763428001050773,1.6,145.0,0.125,18.45
-0.0149323714639817,0.008411696589027937,-0.06040108746275723,0.04084621115816146,0.6018428983557322,3.301030017378705,1.9,200.0,0.1,11.01
0.01700018915546512,0.01804467892262715,0.0006798289430828892,-0.006629268157326672,0.6018428983557322,3.778151257621885,1.627,100.0,0.09,14.61
0.01721810518888469,0.0186848135286511,0.001603863546475575,-0.005737676287139042,0.6018428983557322,3.778151257621885,1.55,100.0,0.16,18.58
-0.03600717066908667,0.006586621085668454,0.01751554519205328,-0.001388232695216179,3.698970004336019,3.477121269196145,1.59,150.0,0.075,17.84
0.01543223250038279,0.01693691650159826,0.0008637094370783219,-0.004328264419567483,0.6017994927805721,3.000000043429446,1.6,100.0,0.0916,20.3
-0.03600717066908667,0.006586621085668454,0.01751554519205328,-0.001388232695216179,3.698970004336019,3.498310567576727,1.6,75.0,0.1031,17.19
-0.03600717066908667,0.006586621085668454,0.01751554519205328,-0.001388232695216179,4.0,3.819543942122088,1.6,110.0,0.1,11.26
0.02287895265974625,0.02198251400570458,0.006328029503333928,-0.002276838104247496,0.9026992977420334,3.176091288008646,1.56,150.0,0.095,20.7
-0.03600717066908667,0.006586621085668454,0.01751554519205328,-0.001388232695216179,3.698970004336019,4.103803724375599,1.6,70.0,0.1,15.85
-0.03600717066908667,0.006586621085668454,0.01751554519205328,-0.001388232695216179,0.9124512459397834,3.954242514264819,1.6,100.0,0.1,15.7
-0.03600717066908667,0.006586621085668454,0.01751554519205328,-0.001388232695216179,4.0,2.301030212811168,1.6,100.0,0.096,14.8
0.01780132010994699,0.005407782496932709,-0.01462804553168481,-0.01497424033097033,0.6018428983557322,3.477121269196145,1.74,100.0,0.049,16.7
0.01645883749703963,0.01736343104815911,0.0006842880231336526,-0.004232850881524671,0.9538084319600062,3.000000043429446,1.6,100.0,0.06,18.18
-0.03600717066908667,0.006586621085668454,0.01751554519205328,-0.001388232695216179,-1.040326494084594,2.724275951543136,1.623,65.0,0.09,15.2
0.01595086659036125,0.01715179071264882,0.0007689970839751136,-0.004302643624446361,0.9995225386255447,3.716837731635311,1.6,70.0,0.105,18.05
-0.03289016208556557,-0.002805727588558216,0.008678477087695273,-0.01372619041140354,4.0,3.000000043429446,1.7,100.0,0.1,13.8
-0.03600717066908667,0.006586621085668454,0.01751554519205328,-0.001388232695216179,0.3678320445894042,2.698970091194906,1.586,100.0,0.1,16.62
-0.03600717066908667,0.006586621085668454,0.01751554519205328,-0.001388232695216179,1.148087033069473,3.000000043429446,1.5,100.0,0.1,15.94
0.03005776304970446,0.02672802650017309,0.01134055436796627,0.001908825983798767,3.942008053022313,3.477121269196145,1.526,150.0,0.09,20.79
-0.03600717066908667,0.006586621085668454,0.01751554519205328,-0.001388232695216179,-1.040326494084594,2.724275951543136,1.624,65.0,0.09,14.19
-0.03600717066908667,0.006586621085668454,0.01751554519205328,-0.001388232695216179,0.6018428983557322,2.755874931864499,1.6,95.0,0.09,16.13
-0.03600717066908667,0.006586621085668454,0.01751554519205328,-0.001388232695216179,-0.6021142747455573,3.954242514264819,1.6,150.0,0.09,12.8
-0.03600717066908667,0.006586621085668454,0.01751554519205328,-0.001388232695216179,4.0,3.000000043429446,1.6,100.0,0.16,11.7
-0.03600717066908667,0.006586621085668454,0.01751554519205328,-0.001388232695216179,0.0,3.000000043429446,1.6,100.0,0.09,17.87
-0.0383478050194859,-0.01674133044879193,0.01081150590238326,-0.0332995469659015,0.6018428983557322,3.778151257621885,1.58,100.0,0.16,13.99
-0.03600717066908667,0.006586621085668454,0.01751554519205328,-0.001388232695216179,4.0,3.000000043429446,1.6,100.0,0.1,15.5
0.02426906489205793,0.02313763566186687,0.006017879679301838,0.001700746796246778,0.6018428983557322,2.204120254089891,1.54,80.0,0.058,17.75
-0.03600717066908667,0.006586621085668454,0.01751554519205328,-0.001388232695216179,4.0,3.544068056758689,1.6,100.0,0.12,11.9
-0.03600717066908667,0.006586621085668454,0.01751554519205328,-0.001388232695216179,0.6018428983557322,2.755874931864499,1.6,95.0,0.09,19.55
-0.03600717066908667,0.006586621085668454,0.01751554519205328,-0.001388232695216179,3.698970004336019,3.498310567576727,1.6,70.0,0.16,12.51
-0.03600717066908667,0.006586621085668454,0.01751554519205328,-0.001388232695216179,3.698970004336019,4.103803724375599,1.6,70.0,0.1,10.46
0.02426906489205793,0.02313763566186687,0.006017879679301838,0.001700746796246778,0.6018428983557322,2.204120254089891,1.54,80.0,0.058,20.04
-0.03600717066908667,0.006586621085668454,0.01751554519205328,-0.001388232695216179,3.698970004336019,3.778151257621885,1.6,100.0,0.1,10.04
0.03005776304970446,0.02672802650017309,0.01134055436796627,0.001908825983798767,3.9128498242811,3.342422700562864,1.48,70.0,0.0256,10.2
0.01519285890564475,0.01613689213021394,-0.0001681504279699043,-0.005518472658312402,0.6018428983557322,3.732393767865459,1.57,120.0,0.16,18.96
-0.0383478050194859,-0.01674133044879193,0.01081150590238326,-0.0332995469659015,0.6018428983557322,3.778151257621885,1.58,100.0,0.16,16.82
-0.03600717066908667,0.006586621085668454,0.01751554519205328,-0.001388232695216179,0.6018428983557322,2.653212610285218,1.59,90.0,0.1,15.48
-0.03600717066908667,0.006586621085668454,0.01751554519205328,-0.001388232695216179,0.0,3.176091288008646,1.6,100.0,0.125,15.0
-0.03600717066908667,0.006586621085668454,0.01751554519205328,-0.001388232695216179,4.0,3.954242514264819,1.61,100.0,0.1,12.8
-0.03600717066908667,0.006586621085668454,0.01751554519205328,-0.001388232695216179,0.9538084319600062,3.000000043429446,1.3,100.0,0.05,12.8
-0.03600717066908667,0.006586621085668454,0.01751554519205328,-0.001388232695216179,3.698970004336019,3.498310567576727,1.6,75.0,0.1031,18.27
-0.0149323714639817,0.008411696589027937,-0.06040108746275723,0.04084621115816146,1.277885879421602,3.477121269196145,1.9,300.0,0.09,14.01
0.01495801894762426,0.01542494765749997,-0.0007357112892081006,-0.004616223218084806,0.6018428983557322,3.778151257621885,1.6,100.0,0.16,11.91
-0.03600717066908667,0.006586621085668454,0.01751554519205328,-0.001388232695216179,0.4769475716611976,3.130333800664967,1.6,40.0,0.12,16.1
-0.03600717066908667,0.006586621085668454,0.01751554519205328,-0.001388232695216179,0.0,3.021189340431315,1.6,105.0,0.0405,14.2
-0.03600717066908667,0.006586621085668454,0.01751554519205328,-0.001388232695216179,4.0,3.643452686356516,1.6,110.0,0.1,10.81
-0.03600717066908667,0.006586621085668454,0.01751554519205328,-0.001388232695216179,0.0,3.000000043429446,1.6,100.0,0.1,11.26
-0.03600717066908667,0.006586621085668454,0.01751554519205328,-0.001388232695216179,0.0,3.000000043429446,1.6,100.0,0.09,14.92
-0.03600717066908667,0.006586621085668454,0.01751554519205328,-0.001388232695216179,0.3008997268587542,3.000000043429446,1.6,100.0,0.1,12.45
-0.03600717066908667,0.006586621085668454,0.01751554519205328,-0.001388232695216179,3.688246138944246,3.477121269196145,1.6,100.0,0.04,11.6
-0.03600717066908667,0.006586621085668454,0.01751554519205328,-0.001388232695216179,4.0,3.113943385714103,1.57,130.0,0.09,16.0
-0.03600717066908667,0.006586621085668454,0.01751554519205328,-0.001388232695216179,4.0,2.698970091194906,1.6,100.0,0.102,16.67
-0.03600717066908667,0.006586621085668454,0.01751554519205328,-0.001388232695216179,0.0,2.90309004127875,1.6,80.0,0.1,11.1
-0.03600717066908667,0.006586621085668454,0.01751554519205328,-0.001388232695216179,0.0,3.000000043429446,1.6,100.0,0.09,16.25
-0.03600717066908667,0.006586621085668454,0.01751554519205328,-0.001388232695216179,0.0,3.301030017378705,1.6,100.0,0.07,11.47
-0.03600717066908667,0.006586621085668454,0.01751554519205328,-0.001388232695216179,4.0,2.698970091194906,1.6,100.0,0.09,13.4
-0.03600717066908667,0.006586621085668454,0.01751554519205328,-0.001388232695216179,4.0,2.954242557694265,1.6,90.0,0.08,19.7
-0.03600717066908667,0.006586621085668454,0.01751554519205328,-0.001388232695216179,-0.6021142747455573,3.954242514264819,1.6,150.0,0.09,14.9
-0.03600717066908667,0.006586621085668454,0.01751554519205328,-0.001388232695216179,0.6018428983557322,2.342422878228744,1.5,60.0,0.09,16.51
-0.03600717066908667,0.006586621085668454,0.01751554519205328,-0.001388232695216179,4.0,3.217483970534783,1.6,110.0,0.12,10.55
-0.03600717066908667,0.006586621085668454,0.01751554519205328,-0.001388232695216179,4.0,3.146128066699271,1.6,70.0,0.09,17.87
-0.03600717066908667,0.006586621085668454,0.01751554519205328,-0.001388232695216179,0.0,3.556302512831023,1.6,120.0,1.0,11.43
-0.03600717066908667,0.006586621085668454,0.01751554519205328,-0.001388232695216179,0.6018428983557322,3.653212523426332,1.6,100.0,0.04,18.23
-0.03600717066908667,0.006586621085668454,0.01751554519205328,-0.001388232695216179,0.3678320445894042,3.07918128223883,1.6,120.0,0.1,20.55
0.02343778530187953,0.02472049597672762,0.01157481016671319,0.00180131108451101,0.9538084319600062,3.487138389623587,1.525,70.0,0.0887,19.05
0.01176732491821417,0.007877272562904764,-0.008921591355823747,-0.009707217922922444,0.3008997268587542,3.332438480115348,1.7,65.0,0.1,18.6
-0.03600717066908667,0.006586621085668454,0.01751554519205328,-0.001388232695216179,4.0,3.000000043429446,1.6,100.0,0.09,12.2
-0.03600717066908667,0.006586621085668454,0.01751554519205328,-0.001388232695216179,0.6018428983557322,3.698970013021909,1.59,100.0,0.16,19.87
-0.03600717066908667,0.006586621085668454,0.01751554519205328,-0.001388232695216179,4.0,3.397940026043817,1.6,100.0,0.4,13.0
0.01721810518888469,0.0186848135286511,0.001603863546475575,-0.005737676287139042,0.6018428983557322,3.778151257621885,1.62,100.0,0.16,19.8
-0.03600717066908667,0.006586621085668454,0.01751554519205328,-0.001388232695216179,4.0,3.397940026043817,1.6,100.0,0.08,12.7
-0.03600717066908667,0.006586621085668454,0.01751554519205328,-0.001388232695216179,0.0,3.352182537413339,1.6,150.0,0.1,19.25
-0.03600717066908667,0.006586621085668454,0.01751554519205328,-0.001388232695216179,4.0,3.000000043429446,1.61,100.0,0.06,15.2
-0.03600717066908667,0.006586621085668454,0.01751554519205328,-0.001388232695216179,4.0,2.9845273583484,1.6,65.0,0.125,13.84
-0.03600717066908667,0.006586621085668454,0.01751554519205328,-0.001388232695216179,4.0,3.000000043429446,1.6,100.0,0.16,14.05
-0.03600717066908667,0.006586621085668454,0.01751554519205328,-0.001388232695216179,0.0,3.778151257621885,1.6,100.0,0.16,15.48
0.02426906489205793,0.02313763566186687,0.006017879679301838,0.001700746796246778,0.6018428983557322,2.204120254089891,1.54,80.0,0.058,14.17
-0.03600717066908667,0.006586621085668454,0.01751554519205328,-0.001388232695216179,3.698970004336019,3.243038073503121,1.6,70.0,0.1,10.8
0.01721810518888469,0.0186848135286511,0.001603863546475575,-0.005737676287139042,0.6018428983557322,3.778151257621885,1.59,100.0,0.1,13.4
-0.03600717066908667,0.006586621085668454,0.01751554519205328,-0.001388232695216179,0.0,3.000000043429446,1.63,100.0,0.1,12.34
-0.03600717066908667,0.006586621085668454,0.01751554519205328,-0.001388232695216179,3.698970004336019,3.431363780243968,1.55,70.0,0.1,11.7
0.02426906489205793,0.02313763566186687,0.006017879679301838,0.001700746796246778,0.6018428983557322,2.204120254089891,1.54,80.0,0.058,16.8
-0.03600717066908667,0.006586621085668454,0.01751554519205328,-0.001388232695216179,4.0,3.113943385714103,1.55,130.0,0.13,12.6
-0.02278239447693326,0.01036814125439047,0.01580730048243987,-0.0004937699354612438,0.0,3.176091288008646,1.58,100.0,0.11,17.45
-0.03600717066908667,0.006586621085668454,0.01751554519205328,-0.001388232695216179,4.0,2.875061321297627,1.6,75.0,0.102,13.0
-0.03600717066908667,0.006586621085668454,0.01751554519205328,-0.001388232695216179,3.698970004336019,4.103803724375599,1.6,70.0,0.12,15.5
-0.01296642657973385,-0.006400094451433123,0.01030251926837082,0.01056513585454626,0.0,2.90309004127875,1.96,100.0,0.06,10.2
-0.03600717066908667,0.006586621085668454,0.01751554519205328,-0.001388232695216179,4.0,3.799340556347145,1.6,105.0,0.09,13.14
-0.0383478050194859,-0.01674133044879193,0.01081150590238326,-0.0332995469659015,0.6018428983557322,3.778151257621885,1.58,100.0,0.16,15.51
-0.03600717066908667,0.006586621085668454,0.01751554519205328,-0.001388232695216179,4.0,3.778151257621885,1.5,100.0,0.1,15.26
-0.03600717066908667,0.006586621085668454,0.01751554519205328,-0.001388232695216179,3.698970004336019,2.977723651004054,1.6,95.0,0.09,16.8
-0.01549142515685884,0.0213377970377838,-0.05052475364080292,0.0662358275947395,4.0,3.000000043429446,1.5,100.0,0.0464,15.34
-0.03600717066908667,0.006586621085668454,0.01751554519205328,-0.001388232695216179,4.0,4.201397127051863,1.55,90.0,0.04,13.7
-0.03600717066908667,0.006586621085668454,0.01751554519205328,-0.001388232695216179,0.9538084319600062,3.000000043429446,1.6,100.0,0.1,18.1
-0.03600717066908667,0.006586621085668454,0.01751554519205328,-0.001388232695216179,0.3678320445894042,3.000000043429446,1.6,100.0,0.1,19.81
-0.03600717066908667,0.006586621085668454,0.01751554519205328,-0.001388232695216179,0.0,3.000000043429446,1.6,100.0,0.09,11.3
0.01048738180198483,-0.01236500729567984,0.02324921616876246,0.00217955937251081,0.6018428983557322,2.698970091194906,1.25,100.0,0.1,13.93
-0.03600717066908667,0.006586621085668454,0.01751554519205328,-0.001388232695216179,4.0,3.892094608258359,1.48,130.0,0.17,14.14
-0.03600717066908667,0.006586621085668454,0.01751554519205328,-0.001388232695216179,0.0,3.176091288008646,1.6,100.0,0.06,12.76
-0.03600717066908667,0.006586621085668454,0.01751554519205328,-0.001388232695216179,4.0,2.653212610285218,1.6,90.0,0.055,15.2
-0.03600717066908667,0.006586621085668454,0.01751554519205328,-0.001388232695216179,0.0,3.000000043429446,1.6,100.0,0.1,15.23
-0.01549142515685884,0.0213377970377838,-0.05052475364080292,0.0662358275947395,3.698970004336019,3.322219315414608,1.6,70.0,0.1032,13.38
-0.03600717066908667,0.006586621085668454,0.01751554519205328,-0.001388232695216179,4.0,3.301030017378705,1.6,100.0,0.16,14.15
0.01648594219054154,0.01698886881153151,0.0004376842611423088,-0.001396023088733201,0.6018428983557322,3.653212523426332,1.58,100.0,0.16,13.4
0.01595192438895033,0.01749711436200546,0.0006812464098972891,-0.007034436800952369,0.6018428983557322,3.477121269196145,1.57,100.0,1.01,15.61
-0.03600717066908667,0.006586621085668454,0.01751554519205328,-0.001388232695216179,3.698970004336019,3.322219315414608,1.55,70.0,0.09,13.1
-0.03600717066908667,0.006586621085668454,0.01751554519205328,-0.001388232695216179,0.1759826990046465,3.477121269196145,1.53,100.0,0.1,11.5
0.01495801894762426,0.01542494765749997,-0.0007357112892081006,-0.004616223218084806,0.6018428983557322,3.778151257621885,1.6,100.0,0.16,14.74
-0.03600717066908667,0.006586621085668454,0.01751554519205328,-0.001388232695216179,0.9538084319600062,3.000000043429446,1.6,100.0,0.11,13.8
-0.03600717066908667,0.006586621085668454,0.01751554519205328,-0.001388232695216179,0.8856793095398042,2.477121399484465,1.6,100.0,1.0,12.19
-0.03600717066908667,0.006586621085668454,0.01751554519205328,-0.001388232695216179,4.0,3.000000043429446,1.6,100.0,0.1,14.0
-0.03600562255436168,0.006585262151843551,0.01751782781764756,-0.001410260912717985,0.0,3.301030017378705,1.6,100.0,0.11,12.0
-0.03600717066908667,0.006586621085668454,0.01751554519205328,-0.001388232695216179,0.0,3.176091288008646,1.6,100.0,0.1,11.4
-0.03600717066908667,0.006586621085668454,0.01751554519205328,-0.001388232695216179,4.0,3.954242514264819,1.59,100.0,0.0625,15.32
-0.03600717066908667,0.006586621085668454,0.01751554519205328,-0.001388232695216179,0.0,3.000000043429446,1.6,100.0,0.1,11.3
-0.03600717066908667,0.006586621085668454,0.01751554519205328,-0.001388232695216179,0.9538084319600062,2.698970091194906,1.6,100.0,0.0757,13.24
-0.03600717066908667,0.006586621085668454,0.01751554519205328,-0.001388232695216179,4.0,3.732393767865459,1.6,90.0,0.1,15.52
-0.03600717066908667,0.006586621085668454,0.01751554519205328,-0.001388232695216179,4.0,3.778151257621885,1.6,100.0,0.04,11.1
-0.03600717066908667,0.006586621085668454,0.01751554519205328,-0.001388232695216179,4.0,3.556302512831023,1.6,60.0,0.1,14.3
-0.03600717066908667,0.006586621085668454,0.01751554519205328,-0.001388232695216179,-0.6021142747455573,3.000000043429446,1.59,100.0,0.096,19.18
0.02426906489205793,0.02313763566186687,0.006017879679301838,0.001700746796246778,0.6018428983557322,3.064458026666096,1.54,80.0,0.058,17.55
-0.03600717066908667,0.006586621085668454,0.01751554519205328,-0.001388232695216179,4.0,3.477121269196145,1.6,100.0,1.1,10.51
-0.03600717066908667,0.006586621085668454,0.01751554519205328,-0.001388232695216179,0.9538084319600062,3.000000043429446,1.61,100.0,0.1,15.34
-0.03600717066908667,0.006586621085668454,0.01751554519205328,-0.001388232695216179,4.0,3.643452686356516,1.6,110.0,0.1,12.04
0.01495801894762426,0.01542494765749997,-0.0007357112892081006,-0.004616223218084806,0.6018428983557322,3.778151257621885,1.6,100.0,0.16,12.02
-0.03600717066908667,0.006586621085668454,0.01751554519205328,-0.001388232695216179,0.3678320445894042,3.113943385714103,1.6,60.0,0.1,15.32
-0.03600717066908667,0.006586621085668454,0.01751554519205328,-0.001388232695216179,4.0,2.653212610285218,1.6,90.0,0.055,16.3
-0.03600717066908667,0.006586621085668454,0.01751554519205328,-0.001388232695216179,3.698970004336019,3.732393767865459,1.6,90.0,0.1,11.1
-0.03600717066908667,0.006586621085668454,0.01751554519205328,-0.001388232695216179,4.0,3.954242514264819,1.6,100.0,0.15,14.58
-0.03600717066908667,0.006586621085668454,0.01751554519205328,-0.001388232695216179,4.0,2.698970091194906,1.6,100.0,0.09,12.8
-0.03600717066908667,0.006586621085668454,0.01751554519205328,-0.001388232695216179,3.698970004336019,3.623249300738245,1.5,70.0,0.09,10.3
-0.03600717066908667,0.006586621085668454,0.01751554519205328,-0.001388232695216179,0.0,3.301030017378705,1.6,100.0,0.04,17.7
-0.03600717066908667,0.006586621085668454,0.01751554519205328,-0.001388232695216179,3.698970004336019,3.469822030700009,1.6,70.0,0.1,13.98
0.02426906489205793,0.02313763566186687,0.006017879679301838,0.001700746796246778,0.6018428983557322,2.204120254089891,1.54,80.0,0.058,19.97
-0.03600717066908667,0.006586621085668454,0.01751554519205328,-0.001388232695216179,0.0,3.301030017378705,1.56,100.0,0.1,12.1
-0.03600717066908667,0.006586621085668454,0.01751554519205328,-0.001388232695216179,4.0,2.301030212811168,1.5,100.0,0.16,17.7
-0.03600717066908667,0.006586621085668454,0.01751554519205328,-0.001388232695216179,0.0,3.000000043429446,1.6,100.0,0.09,15.19
-0.03600717066908667,0.006586621085668454,0.01751554519205328,-0.001388232695216179,4.0,2.698970091194906,1.6,100.0,0.09,12.4
-0.03600717066908667,0.006586621085668454,0.01751554519205328,-0.001388232695216179,0.6018428983557322,2.342422878228744,1.59,60.0,0.09,16.56
-0.03600717066908667,0.006586621085668454,0.01751554519205328,-0.001388232695216179,0.0,2.477121399484465,1.6,100.0,0.1,12.5
-0.03600717066908667,0.006586621085668454,0.01751554519205328,-0.001388232695216179,0.9538084319600062,2.799340618389208,1.5,65.0,0.08,15.57
-0.01821871967963404,-0.003415339715566656,0.01188834575343447,0.007905245819103334,0.3678320445894042,3.000000043429446,1.64,100.0,0.05,12.54
0.01519285890564475,0.01613689213021394,-0.0001681504279699043,-0.005518472658312402,0.6018428983557322,3.176091288008646,1.59,150.0,0.1,17.9
-0.03600717066908667,0.006586621085668454,0.01751554519205328,-0.001388232695216179,0.9538084319600062,3.07736794162679,1.6,65.0,0.06,16.2
-0.03600717066908667,0.006586621085668454,0.01751554519205328,-0.001388232695216179,3.954242509439325,3.000000043429446,1.6,100.0,0.09,16.7
-0.03600717066908667,0.006586621085668454,0.01751554519205328,-0.001388232695216179,4.0,3.000000043429446,1.6,100.0,0.1,17.8
-0.03600717066908667,0.006586621085668454,0.01751554519205328,-0.001388232695216179,4.0,2.301030212811168,1.55,100.0,0.16,14.3
-0.03600717066908667,0.006586621085668454,0.01751554519205328,-0.001388232695216179,4.0,3.000000043429446,1.6,100.0,0.09,14.5
-0.03600717066908667,0.006586621085668454,0.01751554519205328,-0.001388232695216179,0.0,3.000000043429446,1.59,100.0,0.0314,15.7
-0.03600717066908667,0.006586621085668454,0.01751554519205328,-0.001388232695216179,0.6018428983557322,3.000000043429446,1.5,100.0,0.09,18.59
-0.03600717066908667,0.006586621085668454,0.01751554519205328,-0.001388232695216179,0.4769475716611976,3.477121269196145,1.6,100.0,0.1,19.89
0.02477534379536052,0.0251130772134741,0.01152687453299924,0.001822822911016522,0.9537650480648696,3.365488003610489,1.55,70.0,0.07,22.73
0.01588875343584062,0.01863894024920732,0.003681536775633083,-0.001488014934813955,0.9538084319600062,3.176091288008646,1.59,100.0,0.09,14.5
-0.03600717066908667,0.006586621085668454,0.01751554519205328,-0.001388232695216179,4.0,3.852784874775909,1.6,95.0,0.09,11.28
0.02658510335774138,0.024790210394919,0.008363965066280727,0.002125958845107204,1.277842538821606,3.707570184613514,1.56,70.0,0.09,17.37
0.01648594219054154,0.01698886881153151,0.0004376842611423088,-0.001396023088733201,0.6018428983557322,3.653212523426332,1.58,100.0,0.16,11.3
-0.03600717066908667,0.006586621085668454,0.01751554519205328,-0.001388232695216179,0.3678320445894042,3.07918128223883,1.6,120.0,0.1,18.45
-0.03600717066908667,0.006586621085668454,0.01751554519205328,-0.001388232695216179,0.0,3.000000043429446,1.6,100.0,0.1,17.51
-0.03600717066908667,0.006586621085668454,0.01751554519205328,-0.001388232695216179,0.4769475716611976,3.130333800664967,1.6,40.0,0.12,15.0
-0.03600717066908667,0.006586621085668454,0.01751554519205328,-0.001388232695216179,0.0,3.778151257621885,1.6,100.0,0.16,14.78
-0.03600717066908667,0.006586621085668454,0.01751554519205328,-0.001388232695216179,0.6018428983557322,2.342422878228744,1.6,60.0,0.09,18.89
-0.03600717066908667,0.006586621085668454,0.01751554519205328,-0.001388232695216179,0.0,3.322219315414608,1.6,105.0,0.021,19.2
0.01721810518888469,0.0186848135286511,0.001603863546475575,-0.005737676287139042,0.6018428983557322,3.778151257621885,1.62,100.0,0.16,18.1
-0.03600717066908667,0.006586621085668454,0.01751554519205328,-0.001388232695216179,0.3678320445894042,3.000000043429446,1.6,100.0,0.1,12.37
-0.03600717066908667,0.006586621085668454,0.01751554519205328,-0.001388232695216179,0.4769475716611976,3.778151257621885,1.6,100.0,0.1,15.8
0.01721810518888469,0.0186848135286511,0.001603863546475575,-0.005737676287139042,0.6018428983557322,3.778151257621885,1.55,100.0,0.002,17.3
0.02426906489205793,0.02313763566186687,0.006017879679301838,0.001700746796246778,0.6018428983557322,3.064458026666096,1.54,80.0,0.058,15.02
-0.03600717066908667,0.006586621085668454,0.01751554519205328,-0.001388232695216179,4.0,2.954242557694265,1.6,90.0,0.0544,12.4
-0.03600717066908667,0.006586621085668454,0.01751554519205328,-0.001388232695216179,0.0,3.556302512831023,1.6,25.0,0.09,11.5
-0.01743013508058911,-0.003032603483610057,0.009829320820623443,0.009979206623394398,-0.3680388229322834,3.000000043429446,1.63,100.0,0.09,13.0
-0.01549142515685884,0.0213377970377838,-0.05052475364080292,0.0662358275947395,4.0,17.63402919740301,1.71,100.0,0.0919,13.8
-0.03600717066908667,0.006586621085668454,0.01751554519205328,-0.001388232695216179,0.9538084319600062,3.000000043429446,1.5,100.0,0.04,16.99
-0.03600717066908667,0.006586621085668454,0.01751554519205328,-0.001388232695216179,3.698970004336019,3.000000043429446,1.55,100.0,0.1,13.87
-0.03600717066908667,0.006586621085668454,0.01751554519205328,-0.001388232695216179,0.0,3.000000043429446,1.6,100.0,0.09,17.87
0.01721810518888469,0.0186848135286511,0.001603863546475575,-0.005737676287139042,0.6018428983557322,3.778151257621885,1.59,100.0,0.1,14.3
-0.03600717066908667,0.006586621085668454,0.01751554519205328,-0.001388232695216179,0.9538084319600062,2.799340618389208,1.5,65.0,0.08,16.01
-0.03600717066908667,0.006586621085668454,0.01751554519205328,-0.001388232695216179,4.0,3.857332502463136,1.5,120.0,0.16,11.74
-0.03600717066908667,0.006586621085668454,0.01751554519205328,-0.001388232695216179,3.698970004336019,3.243038073503121,1.54,70.0,0.04,13.62
-0.03600717066908667,0.006586621085668454,0.01751554519205328,-0.001388232695216179,0.1759826990046465,3.0334237956994,1.5,40.0,0.09,14.37
-0.03600717066908667,0.006586621085668454,0.01751554519205328,-0.001388232695216179,3.698970004336019,2.982271278278575,1.55,70.0,0.1,13.1
-0.03600717066908667,0.006586621085668454,0.01751554519205328,-0.001388232695216179,0.8447507433288933,2.9845273583484,1.6,65.0,0.1,12.02
0.01495801894762426,0.01542494765749997,-0.0007357112892081006,-0.004616223218084806,0.6018428983557322,3.778151257621885,1.6,100.0,0.16,10.41
0.01935207376321722,-0.01592721415402632,0.02486058844704745,0.002333830298762662,0.6018428983557322,3.000000043429446,1.24,100.0,0.1,14.0
-0.03600717066908667,0.006586621085668454,0.01751554519205328,-0.001388232695216179,0.0,3.000000043429446,1.6,100.0,0.09,17.45
-0.03600717066908667,0.006586621085668454,0.01751554519205328,-0.001388232695216179,0.6018428983557322,2.857332556749942,1.61,90.0,0.04,19.7
-0.03497543984716693,0.006339333744496888,0.01715109220630685,-0.000558273927070298,0.6018428983557322,3.698970013021909,1.61,100.0,0.09,16.1
-0.03457055692514684,0.006544843569639856,0.01688661227384261,-6.045268208725814e-05,0.0,3.000000043429446,1.6,100.0,0.1,17.0
0.03005776304970446,0.02672802650017309,0.01134055436796627,0.001908825983798767,0.902655909512625,3.477121269196145,1.48,150.0,0.1,21.7
-0.03600717066908667,0.006586621085668454,0.01751554519205328,-0.001388232695216179,3.698970004336019,3.924279291232054,1.6,70.0,0.06,14.9
-0.03600717066908667,0.006586621085668454,0.01751554519205328,-0.001388232695216179,0.0,3.000000043429446,1.6,100.0,0.09,16.61
0.01612918226130538,0.01814476332960037,0.001593124800696327,-0.005998176255709883,0.6018428983557322,3.653212523426332,1.57,100.0,0.16,19.7
0.0152120300891636,0.0164396810863263,0.0002930446589891751,-0.00499373737471356,0.6018428983557322,3.778151257621885,1.6,100.0,0.1,17.87
-0.03600717066908667,0.006586621085668454,0.01751554519205328,-0.001388232695216179,0.6018428983557322,2.74818810455878,1.6,60.0,0.06,18.86
-0.03600717066908667,0.006586621085668454,0.01751554519205328,-0.001388232695216179,0.9538084319600062,2.799340618389208,1.5,65.0,0.08,17.73
-0.03600717066908667,0.006586621085668454,0.01751554519205328,-0.001388232695216179,0.0,3.000000043429446,1.63,100.0,0.1,13.86
-0.03600717066908667,0.006586621085668454,0.01751554519205328,-0.001388232695216179,0.7792917234925025,3.414973364674452,1.6,130.0,0.14,17.22
-0.03600717066908667,0.006586621085668454,0.01751554519205328,-0.001388232695216179,0.0,3.000000043429446,1.63,100.0,0.1,15.25
-0.03600717066908667,0.006586621085668454,0.01751554519205328,-0.001388232695216179,0.0,3.000000043429446,1.6,100.0,0.09,18.39
-0.03600717066908667,0.006586621085668454,0.01751554519205328,-0.001388232695216179,4.0,3.778151257621885,1.5,100.0,0.1,12.03
-0.03600717066908667,0.006586621085668454,0.01751554519205328,-0.001388232695216179,0.0,2.698970091194906,1.6,100.0,0.1,11.75
0.03005776304970446,0.02672802650017309,0.01134055436796627,0.001908825983798767,3.698970004336019,3.176091288008646,1.48,150.0,0.12,13.54
0.03005776304970446,0.02672802650017309,0.01134055436796627,0.001908825983798767,0.3678320445894042,3.431363780243968,1.48,180.0,0.09,13.02
-0.03600717066908667,0.006586621085668454,0.01751554519205328,-0.001388232695216179,3.698970004336019,2.845098102056321,1.55,70.0,0.2,14.6
0.03005776304970446,0.02672802650017309,0.01134055436796627,0.001908825983798767,3.698970004336019,4.170261718329379,1.48,70.0,1.2,14.87
-0.03600717066908667,0.006586621085668454,0.01751554519205328,-0.001388232695216179,3.477121254719663,3.000000043429446,1.6,100.0,0.314,13.39
-0.03600717066908667,0.006586621085668454,0.01751554519205328,-0.001388232695216179,4.0,3.924279291232054,1.6,105.0,0.04,14.43
-0.03600717066908667,0.006586621085668454,0.01751554519205328,-0.001388232695216179,0.9538084319600062,2.841984867078524,1.6,65.0,0.1,16.06
-0.03600717066908667,0.006586621085668454,0.01751554519205328,-0.001388232695216179,4.0,3.477121269196145,1.6,100.0,0.1,15.66
-0.03600717066908667,0.006586621085668454,0.01751554519205328,-0.001388232695216179,0.0,3.000000043429446,1.6,100.0,0.14,12.89
0.01543223250038279,0.01693691650159826,0.0008637094370783219,-0.004328264419567483,0.6018428983557322,2.698970091194906,1.6,100.0,0.0916,20.7
-0.03600717066908667,0.006586621085668454,0.01751554519205328,-0.001388232695216179,0.6018428983557322,2.755874931864499,1.6,95.0,0.09,16.86
-0.03600717066908667,0.006586621085668454,0.01751554519205328,-0.001388232695216179,0.9538084319600062,2.301030212811168,1.6,100.0,0.07,15.3
0.01522972070112667,0.0162653083535584,8.918994459320598e-06,-0.005299468060085308,0.6018428983557322,3.653212523426332,1.63,100.0,0.09,16.7
-0.03600717066908667,0.006586621085668454,0.01751554519205328,-0.001388232695216179,3.698970004336019,2.698970091194906,1.6,100.0,0.1,11.5
0.01778600541996396,0.01848995931380968,0.001695471363859047,-0.003010246705438908,0.6018428983557322,3.698970013021909,1.6,100.0,0.11,16.55
-0.0149323714639817,0.008411696589027937,-0.06040108746275723,0.04084621115816146,0.3678320445894042,3.274157872364449,1.88,40.0,0.09,13.78
-0.03600717066908667,0.006586621085668454,0.01751554519205328,-0.001388232695216179,0.6018428983557322,2.342422878228744,1.5,60.0,0.09,18.94
-0.03600717066908667,0.006586621085668454,0.01751554519205328,-0.001388232695216179,0.3678320445894042,3.000000043429446,1.6,100.0,0.06,17.46
-0.03600717066908667,0.006586621085668454,0.01751554519205328,-0.001388232695216179,0.3678320445894042,3.07918128223883,1.6,120.0,0.1,17.4
0.02426906489205793,0.02313763566186687,0.006017879679301838,0.001700746796246778,0.6018428983557322,2.204120254089891,1.54,80.0,0.058,16.25
-0.03600717066908667,0.006586621085668454,0.01751554519205328,-0.001388232695216179,0.6018428983557322,2.755874931864499,1.6,95.0,0.09,16.3
-0.03600717066908667,0.006586621085668454,0.01751554519205328,-0.001388232695216179,3.698970004336019,3.477121269196145,1.6,150.0,0.123,17.57
-0.03600717066908667,0.006586621085668454,0.01751554519205328,-0.001388232695216179,0.6018428983557322,3.000000043429446,1.6,100.0,0.09,19.87
-0.03600717066908667,0.006586621085668454,0.01751554519205328,-0.001388232695216179,0.0,3.000000043429446,1.51,100.0,0.096,13.9
-0.03600717066908667,0.006586621085668454,0.01751554519205328,-0.001388232695216179,0.6018428983557322,3.176091288008646,1.59,100.0,0.0919,12.8
0.03005776304970446,0.02672802650017309,0.01134055436796627,0.001908825983798767,3.942008053022313,3.477121269196145,1.526,150.0,0.09,20.26
-0.03600717066908667,0.006586621085668454,0.01751554519205328,-0.001388232695216179,4.0,3.778151257621885,1.5,100.0,0.1,12.2
-0.03600717066908667,0.006586621085668454,0.01751554519205328,-0.001388232695216179,3.698970004336019,3.322219315414608,1.6,70.0,0.1,13.56
-0.03600717066908667,0.006586621085668454,0.01751554519205328,-0.001388232695216179,0.6018428983557322,3.04139272463954,1.6,110.0,0.09,10.73
-0.03600717066908667,0.006586621085668454,0.01751554519205328,-0.001388232695216179,3.515700160653214,3.477121269196145,1.6,100.0,0.04,11.4
-0.03600717066908667,0.006586621085668454,0.01751554519205328,-0.001388232695216179,0.6018428983557322,3.000000043429446,1.6,100.0,0.1,17.4
-0.03600717066908667,0.006586621085668454,0.01751554519205328,-0.001388232695216179,4.0,2.954242557694265,1.6,90.0,0.08,19.03
-0.03600717066908667,0.006586621085668454,0.01751554519205328,-0.001388232695216179,0.9124512459397834,3.954242514264819,1.6,100.0,0.1,18.2
-0.03600717066908667,0.006586621085668454,0.01751554519205328,-0.001388232695216179,3.698970004336019,3.562292876354953,1.6,70.0,0.15,16.68
-0.03600717066908667,0.006586621085668454,0.01751554519205328,-0.001388232695216179,3.698970004336019,3.778151257621885,1.6,100.0,0.0644,19.1
-0.03600717066908667,0.006586621085668454,0.01751554519205328,-0.001388232695216179,4.0,3.113943385714103,1.57,130.0,0.09,18.0
-0.03600717066908667,0.006586621085668454,0.01751554519205328,-0.001388232695216179,0.0,3.000000043429446,1.55,100.0,0.14,14.8
-0.03600717066908667,0.006586621085668454,0.01751554519205328,-0.001388232695216179,3.698970004336019,3.000000043429446,1.6,100.0,0.0612,12.7
0.01450129866384245,0.01608213388735202,0.0005470034428110892,-0.00290484664093415,0.6018428983557322,3.477121269196145,1.6,100.0,0.1,11.2
-0.03600717066908667,0.006586621085668454,0.01751554519205328,-0.001388232695216179,0.0,3.301030017378705,1.57,100.0,0.07,11.17
-0.03600717066908667,0.006586621085668454,0.01751554519205328,-0.001388232695216179,4.0,3.954242514264819,1.6,100.0,0.1,13.42
-0.03600717066908667,0.006586621085668454,0.01751554519205328,-0.001388232695216179,4.0,3.778151257621885,1.6,100.0,0.1,12.3
-0.03289016208556557,-0.002805727588558216,0.008678477087695273,-0.01372619041140354,0.0,3.000000043429446,1.68,100.0,0.045,11.2
0.02790962296212144,0.02625093142065337,0.008624740481725207,0.004809183415632299,0.0,3.176091288008646,1.54,150.0,0.09,18.72
-0.03600717066908667,0.006586621085668454,0.01751554519205328,-0.001388232695216179,0.6018428983557322,3.838849097031378,1.6,65.0,0.09,15.08
-0.03600717066908667,0.006586621085668454,0.01751554519205328,-0.001388232695216179,3.698970004336019,3.732393767865459,1.6,90.0,0.1,13.8
-0.03600717066908667,0.006586621085668454,0.01751554519205328,-0.001388232695216179,0.9538084319600062,2.113943686379387,1.61,65.0,0.1,12.7
-0.03600717066908667,0.006586621085668454,0.01751554519205328,-0.001388232695216179,3.698970004336019,3.623249300738245,1.6,70.0,0.1,10.07
0.01595192438895033,0.01749711436200546,0.0006812464098972891,-0.007034436800952369,0.6018428983557322,3.819543942122088,1.61,110.0,0.09,15.8
-0.03600717066908667,0.006586621085668454,0.01751554519205328,-0.001388232695216179,0.0,4.079181249666745,1.6,100.0,0.1,10.32
-0.03600717066908667,0.006586621085668454,0.01751554519205328,-0.001388232695216179,4.0,3.778151257621885,1.5,100.0,0.1,14.04
-0.03600717066908667,0.006586621085668454,0.01751554519205328,-0.001388232695216179,3.698970004336019,2.90309004127875,1.6,80.0,0.096,11.5
-0.03600717066908667,0.006586621085668454,0.01751554519205328,-0.001388232695216179,-8.68502116489478e-05,3.330413793643325,1.61,60.0,0.1,16.9
-0.03600717066908667,0.006586621085668454,0.01751554519205328,-0.001388232695216179,0.0,3.000000043429446,1.597,100.0,0.075,14.3
0.03005776304970446,0.02672802650017309,0.01134055436796627,0.001908825983798767,0.6018428983557322,3.477121269196145,1.51,150.0,0.11,10.21
-0.03600717066908667,0.006586621085668454,0.01751554519205328,-0.001388232695216179,4.0,3.146128066699271,1.6,70.0,0.09,10.55
-0.03600717066908667,0.006586621085668454,0.01751554519205328,-0.001388232695216179,4.0,3.000000043429446,1.6,100.0,0.16,10.7
-0.03600717066908667,0.006586621085668454,0.01751554519205328,-0.001388232695216179,0.9494913538483241,3.113943385714103,1.6,100.0,0.0707,15.58
0.01544903891867226,0.01645109586654739,-1.74087881978316e-05,-0.005818194363929405,0.6018428983557322,3.782472631332862,1.61,60.0,1.0,16.8
-0.03600717066908667,0.006586621085668454,0.01751554519205328,-0.001388232695216179,0.6018428983557322,3.000000043429446,1.6,100.0,0.1,17.9
0.01495801894762426,0.01542494765749997,-0.0007357112892081006,-0.004616223218084806,0.6018428983557322,3.778151257621885,1.6,100.0,0.16,14.26
-0.03600562255436168,0.006585262151843551,0.01751782781764756,-0.001410260912717985,1.145477082048643,3.778151257621885,1.6,100.0,0.1,17.3
-0.03600717066908667,0.006586621085668454,0.01751554519205328,-0.001388232695216179,0.0,3.000000043429446,1.585,100.0,0.1024,18.73
-0.03600717066908667,0.006586621085668454,0.01751554519205328,-0.001388232695216179,0.6018428983557322,2.755874931864499,1.6,95.0,0.09,19.37
-0.03600717066908667,0.006586621085668454,0.01751554519205328,-0.001388232695216179,0.0,3.322219315414608,1.6,70.0,0.09,11.0
-0.03600717066908667,0.006586621085668454,0.01751554519205328,-0.001388232695216179,0.3678320445894042,3.000000043429446,1.608,100.0,0.1,13.8
-0.03600717066908667,0.006586621085668454,0.01751554519205328,-0.001388232695216179,0.3678320445894042,3.602060002185324,1.59,100.0,0.1,15.85
0.01645883749703963,0.01736343104815911,0.0006842880231336526,-0.004232850881524671,0.6018428983557322,3.653212523426332,1.58,100.0,0.16,18.79
-0.03600717066908667,0.006586621085668454,0.01751554519205328,-0.001388232695216179,3.698970004336019,3.602060002185324,1.6,100.0,0.1,12.7
-0.03600717066908667,0.006586621085668454,0.01751554519205328,-0.001388232695216179,4.0,3.000000043429446,1.6,100.0,0.16,16.5
-0.03600717066908667,0.006586621085668454,0.01751554519205328,-0.001388232695216179,0.6018428983557322,3.000000043429446,1.6,100.0,0.1,13.0
-0.03600717066908667,0.006586621085668454,0.01751554519205328,-0.001388232695216179,4.0,3.653212523426332,1.6,100.0,0.01,11.27
-0.03600717066908667,0.006586621085668454,0.01751554519205328,-0.001388232695216179,0.6018428983557322,3.000000043429446,1.6,100.0,0.01,15.32
-0.03600717066908667,0.006586621085668454,0.01751554519205328,-0.001388232695216179,4.0,4.056904855146073,1.6,95.0,0.16,17.8
0.02426906489205793,0.02313763566186687,0.006017879679301838,0.001700746796246778,0.6018428983557322,2.204120254089891,1.54,80.0,0.058,19.07
-0.03600717066908667,0.006586621085668454,0.01751554519205328,-0.001388232695216179,4.0,2.602060099901569,1.6,100.0,0.0464,14.7
-0.0149323714639817,0.008411696589027937,-0.06040108746275723,0.04084621115816146,0.0,3.511883374341781,1.92,25.0,0.09,12.84
0.01495801894762426,0.01542494765749997,-0.0007357112892081006,-0.004616223218084806,0.6018428983557322,3.778151257621885,1.6,100.0,0.16,15.43
-0.03600717066908667,0.006586621085668454,0.01751554519205328,-0.001388232695216179,3.698970004336019,3.477121269196145,1.6,150.0,0.07,16.11
-0.03600717066908667,0.006586621085668454,0.01751554519205328,-0.001388232695216179,3.698970004336019,3.000000043429446,1.63,100.0,0.07,13.58
-0.03600717066908667,0.006586621085668454,0.01751554519205328,-0.001388232695216179,0.0,3.000000043429446,1.6,100.0,0.1119999999999999,13.38
-0.0158022838311776,-0.003858170028865634,0.01097832804100884,0.009575794054147485,0.9538084319600062,3.698970013021909,1.81,100.0,0.1,13.84
0.02426906489205793,0.02313763566186687,0.006017879679301838,0.001700746796246778,0.6018428983557322,3.064458026666096,1.54,80.0,0.058,15.5
-0.03600717066908667,0.006586621085668454,0.01751554519205328,-0.001388232695216179,0.0,2.778151322766051,1.6,120.0,0.16,20.9
-0.03600717066908667,0.006586621085668454,0.01751554519205328,-0.001388232695216179,4.0,3.982271237563469,1.56,80.0,0.06,13.0
-0.03600717066908667,0.006586621085668454,0.01751554519205328,-0.001388232695216179,0.6018428983557322,3.000000043429446,1.6,100.0,0.01,10.56
0.01595192438895033,0.01749711436200546,0.0006812464098972891,-0.007034436800952369,0.6018428983557322,3.778151257621885,1.64,100.0,0.06,17.3
-0.03600717066908667,0.006586621085668454,0.01751554519205328,-0.001388232695216179,4.0,3.217483970534783,1.6,110.0,0.12,12.28
-0.03600717066908667,0.006586621085668454,0.01751554519205328,-0.001388232695216179,0.0,3.000000043429446,1.6,100.0,0.096,20.8
-0.03600717066908667,0.006586621085668454,0.01751554519205328,-0.001388232695216179,4.0,3.000000043429446,1.5,100.0,0.09,15.6
-0.03600717066908667,0.006586621085668454,0.01751554519205328,-0.001388232695216179,0.7530382334710224,3.477121269196145,1.6,100.0,0.085,10.3
-0.03600717066908667,0.006586621085668454,0.01751554519205328,-0.001388232695216179,4.0,3.146128066699271,1.6,70.0,0.09,14.92
-0.03600717066908667,0.006586621085668454,0.01751554519205328,-0.001388232695216179,3.698970004336019,3.000000043429446,1.59,100.0,0.09,19.6
-0.03600717066908667,0.006586621085668454,0.01751554519205328,-0.001388232695216179,0.3678320445894042,3.000000043429446,1.6,100.0,0.0314,15.67
-0.01491642862312948,0.01995139890620843,-0.05029551115617688,0.06734013330297789,0.6018428983557322,3.477121269196145,1.8,300.0,0.159,10.4
-0.001553429863520388,0.01324659752687367,0.01828413870157104,-0.02138671409324894,1.040869675357689,3.322219315414608,1.55,120.0,0.1,17.59
0.01522972070112667,0.0162653083535584,8.918994459320598e-06,-0.005299468060085308,0.6018428983557322,3.653212523426332,1.63,100.0,0.09,14.9
-0.03600717066908667,0.006586621085668454,0.01751554519205328,-0.001388232695216179,3.698970004336019,3.402261399654461,1.6,100.0,0.02,17.43
-0.03600717066908667,0.006586621085668454,0.01751554519205328,-0.001388232695216179,3.698970004336019,2.000000434294265,1.57,25.0,0.108,12.49
-0.03600717066908667,0.006586621085668454,0.01751554519205328,-0.001388232695216179,0.3678320445894042,3.000000043429446,1.608,100.0,0.1,11.6
-0.02677938881668867,0.00305636087445976,0.01290079207374919,0.005543652639796362,0.0,2.623249393801336,1.6,60.0,0.05,12.78
-0.01821871967963404,-0.003415339715566656,0.01188834575343447,0.007905245819103334,0.3678320445894042,3.000000043429446,1.64,100.0,0.05,12.04
-0.03600717066908667,0.006586621085668454,0.01751554519205328,-0.001388232695216179,4.0,2.954242557694265,1.6,90.0,0.04,18.4
-0.0149323714639817,0.008411696589027937,-0.06040108746275723,0.04084621115816146,0.6018428983557322,3.301030017378705,1.9,200.0,0.09,14.67
-0.03600717066908667,0.006586621085668454,0.01751554519205328,-0.001388232695216179,0.6018428983557322,3.04139272463954,1.6,110.0,0.09,10.44
-0.03600717066908667,0.006586621085668454,0.01751554519205328,-0.001388232695216179,0.6018428983557322,3.477121269196145,1.6,100.0,0.1,16.6
-0.03600717066908667,0.006586621085668454,0.01751554519205328,-0.001388232695216179,3.698970004336019,3.623249300738245,1.6,70.0,0.09,12.78
-0.01821871967963404,-0.003415339715566656,0.01188834575343447,0.007905245819103334,-0.3680388229322834,3.000000043429446,1.62,100.0,0.09,11.15
-0.03600717066908667,0.006586621085668454,0.01751554519205328,-0.001388232695216179,3.698970004336019,3.000000043429446,1.59,100.0,2.72,11.7
0.01511625508589558,0.01610619922474015,-0.0001540785287201364,-0.005537966291425511,0.6018428983557322,3.477121269196145,1.55,100.0,0.09,19.08
-0.03600717066908667,0.006586621085668454,0.01751554519205328,-0.001388232695216179,0.3678320445894042,3.000000043429446,1.6,100.0,0.1,15.02
-0.03600717066908667,0.006586621085668454,0.01751554519205328,-0.001388232695216179,3.698970004336019,3.402261399654461,1.6,100.0,0.02,12.32
-0.03600717066908667,0.006586621085668454,0.01751554519205328,-0.001388232695216179,0.3678320445894042,2.698970091194906,1.585,100.0,0.1,14.34
-0.03600717066908667,0.006586621085668454,0.01751554519205328,-0.001388232695216179,0.6018428983557322,2.755874931864499,1.6,95.0,0.09,16.46
0.01048738180198483,-0.01236500729567984,0.02324921616876246,0.00217955937251081,0.6018428983557322,2.698970091194906,1.25,100.0,0.1,16.73
-0.03600717066908667,0.006586621085668454,0.01751554519205328,-0.001388232695216179,3.698970004336019,2.447158186447364,1.6,70.0,0.108,14.91
-0.0149323714639817,0.008411696589027937,-0.06040108746275723,0.04084621115816146,0.3008997268587542,2.698970091194906,1.91,100.0,0.1,10.93
0.01519285890564475,0.01613689213021394,-0.0001681504279699043,-0.005518472658312402,0.6018428983557322,3.778151257621885,1.57,100.0,0.1,16.38
-0.03600717066908667,0.006586621085668454,0.01751554519205328,-0.001388232695216179,3.698970004336019,3.375663632246968,1.6,70.0,0.108,20.6
0.03005776304970446,0.02672802650017309,0.01134055436796627,0.001908825983798767,0.6018428983557322,3.653212523426332,1.48,150.0,0.09,17.16
-0.03600717066908667,0.006586621085668454,0.01751554519205328,-0.001388232695216179,0.6018428983557322,3.000000043429446,1.6,100.0,0.1,18.44
-0.03600717066908667,0.006586621085668454,0.01751554519205328,-0.001388232695216179,3.698970004336019,3.306425048997328,1.6,135.0,0.108,14.2
0.02426906489205793,0.02313763566186687,0.006017879679301838,0.001700746796246778,0.6018428983557322,2.204120254089891,1.54,80.0,0.058,11.06
-0.03600717066908667,0.006586621085668454,0.01751554519205328,-0.001388232695216179,3.698970004336019,3.477121269196145,1.6,150.0,0.123,17.8
-0.03600717066908667,0.006586621085668454,0.01751554519205328,-0.001388232695216179,0.4769475716611976,3.778151257621885,1.585,100.0,0.09,19.0
-0.0149323714639817,0.008411696589027937,-0.06040108746275723,0.04084621115816146,-0.06707085604537022,3.176091288008646,1.89,150.0,1.0,11.1
-0.03600717066908667,0.006586621085668454,0.01751554519205328,-0.001388232695216179,0.0,2.477121399484465,1.6,100.0,0.1,14.4
-0.03600717066908667,0.006586621085668454,0.01751554519205328,-0.001388232695216179,0.3678320445894042,2.698970091194906,1.578,100.0,0.1,16.83
-0.03600717066908667,0.006586621085668454,0.01751554519205328,-0.001388232695216179,4.0,3.795880024292787,1.6,25.0,0.1,10.81
0.01519285890564475,0.01613689213021394,-0.0001681504279699043,-0.005518472658312402,0.6018428983557322,3.602060002185324,1.6,100.0,0.1,20.03
-0.03600717066908667,0.006586621085668454,0.01751554519205328,-0.001388232695216179,0.6018428983557322,3.531478929815622,1.6,85.0,0.09,16.68
0.03005776304970446,0.02672802650017309,0.01134055436796627,0.001908825983798767,0.6018428983557322,3.653212523426332,1.48,150.0,0.09,18.24
-0.03600717066908667,0.006586621085668454,0.01751554519205328,-0.001388232695216179,3.698970004336019,3.322219315414608,1.6,70.0,0.09,13.21
-0.03600717066908667,0.006586621085668454,0.01751554519205328,-0.001388232695216179,0.6018428983557322,3.653212523426332,1.6,100.0,0.04,15.27
0.01645883749703963,0.01736343104815911,0.0006842880231336526,-0.004232850881524671,0.6018428983557322,3.698970013021909,1.6,100.0,0.12,17.6
-0.03600717066908667,0.006586621085668454,0.01751554519205328,-0.001388232695216179,4.0,3.975431813104972,1.6,105.0,0.09,11.0
-0.03600717066908667,0.006586621085668454,0.01751554519205328,-0.001388232695216179,4.0,2.954242557694265,1.56,90.0,0.1,19.33
-0.03600717066908667,0.006586621085668454,0.01751554519205328,-0.001388232695216179,0.4769475716611976,3.000000043429446,1.6,100.0,0.1,13.39
-0.03600717066908667,0.006586621085668454,0.01751554519205328,-0.001388232695216179,3.698970004336019,2.919078144700707,1.55,70.0,0.1,14.3
0.01544903891867226,0.01645109586654739,-1.74087881978316e-05,-0.005818194363929405,0.6018428983557322,3.782472631332862,1.61,60.0,1.0,17.03
-0.03600717066908667,0.006586621085668454,0.01751554519205328,-0.001388232695216179,0.0,3.000000043429446,1.6,100.0,0.09,16.25
-0.03600717066908667,0.006586621085668454,0.01751554519205328,-0.001388232695216179,0.0,3.000000043429446,1.63,100.0,0.1,16.37
-0.03600717066908667,0.006586621085668454,0.01751554519205328,-0.001388232695216179,0.3678320445894042,3.000000043429446,1.6,100.0,0.06,16.57
-0.03600717066908667,0.006586621085668454,0.01751554519205328,-0.001388232695216179,3.698970004336019,3.322219315414608,1.6,70.0,0.16,13.3
-0.03600717066908667,0.006586621085668454,0.01751554519205328,-0.001388232695216179,4.0,2.698970091194906,1.59,100.0,0.045,15.3
-0.03600717066908667,0.006586621085668454,0.01751554519205328,-0.001388232695216179,0.0,3.518513953038326,1.6,110.0,0.1,10.8
-0.03600717066908667,0.006586621085668454,0.01751554519205328,-0.001388232695216179,0.9994791590638145,3.477121269196145,1.6,100.0,0.04,13.52
-0.03600717066908667,0.006586621085668454,0.01751554519205328,-0.001388232695216179,3.698970004336019,3.402261399654461,1.6,100.0,0.02,10.8
0.01181950836825931,0.006077196378109006,-0.01622246460444412,-0.03222519679908838,3.698970004336019,3.656098211599907,1.64,70.0,0.102,18.84
-0.03600717066908667,0.006586621085668454,0.01751554519205328,-0.001388232695216179,4.0,3.954242514264819,1.6,60.0,0.725,14.27
-0.03600717066908667,0.006586621085668454,0.01751554519205328,-0.001388232695216179,3.698970004336019,3.000000043429446,1.6,100.0,0.07,11.13
-0.03600717066908667,0.006586621085668454,0.01751554519205328,-0.001388232695216179,0.0,3.477121269196145,1.6,100.0,0.04,17.2
-0.03600717066908667,0.006586621085668454,0.01751554519205328,-0.001388232695216179,0.7792917234925025,3.414973364674452,1.6,130.0,0.14,18.4
-0.03600717066908667,0.006586621085668454,0.01751554519205328,-0.001388232695216179,0.6018428983557322,3.477121269196145,1.6,100.0,0.1,17.4
-0.03600717066908667,0.006586621085668454,0.01751554519205328,-0.001388232695216179,0.6018428983557322,3.000000043429446,1.6,100.0,0.1,11.2
-0.03600717066908667,0.006586621085668454,0.01751554519205328,-0.001388232695216179,0.6018428983557322,3.000000043429446,1.6,100.0,0.16,17.3
-0.03600717066908667,0.006586621085668454,0.01751554519205328,-0.001388232695216179,3.698970004336019,4.063708563141802,1.6,90.0,0.1,10.2
-0.03600717066908667,0.006586621085668454,0.01751554519205328,-0.001388232695216179,4.0,2.698970091194906,1.59,100.0,0.0919,14.5
-0.03600717066908667,0.006586621085668454,0.01751554519205328,-0.001388232695216179,3.698970004336019,3.623249300738245,1.6,70.0,0.1,11.92
-0.03600717066908667,0.006586621085668454,0.01751554519205328,-0.001388232695216179,4.0,3.643452686356516,1.6,110.0,0.1,11.45
-0.03600717066908667,0.006586621085668454,0.01751554519205328,-0.001388232695216179,4.0,3.000000043429446,1.6,100.0,0.14,13.91
-0.03600717066908667,0.006586621085668454,0.01751554519205328,-0.001388232695216179,0.3008997268587542,3.000000043429446,1.6,100.0,0.1,16.79
-0.03600717066908667,0.006586621085668454,0.01751554519205328,-0.001388232695216179,4.0,2.698970091194906,1.6,100.0,0.18,15.98
-0.03600717066908667,0.006586621085668454,0.01751554519205328,-0.001388232695216179,0.8856793095398042,3.113943385714103,1.6,130.0,0.1,17.2
-0.03600717066908667,0.006586621085668454,0.01751554519205328,-0.001388232695216179,0.0,2.301030212811168,1.6,100.0,0.115,16.15
-0.03600717066908667,0.006586621085668454,0.01751554519205328,-0.001388232695216179,0.9538084319600062,2.698970091194906,1.6,100.0,0.12,16.12
-0.03600717066908667,0.006586621085668454,0.01751554519205328,-0.001388232695216179,0.0,3.176091288008646,1.62,100.0,0.11,15.28
-0.03600717066908667,0.006586621085668454,0.01751554519205328,-0.001388232695216179,0.3678175731716691,3.000000043429446,1.59,100.0,0.1,14.19
0.02426906489205793,0.02313763566186687,0.006017879679301838,0.001700746796246778,0.6018428983557322,2.204120254089891,1.54,80.0,0.058,19.82
-0.03600717066908667,0.006586621085668454,0.01751554519205328,-0.001388232695216179,3.698970004336019,3.380211259807209,1.6,120.0,0.12,12.34
-0.03600717066908667,0.006586621085668454,0.01751554519205328,-0.001388232695216179,0.8447507433288933,2.9845273583484,1.6,65.0,0.1,14.18
-0.03600717066908667,0.006586621085668454,0.01751554519205328,-0.001388232695216179,0.0,3.000000043429446,1.6,100.0,0.04,13.8
0.01495801894762426,0.01542494765749997,-0.0007357112892081006,-0.004616223218084806,0.6018428983557322,3.778151257621885,1.6,100.0,0.16,15.67
0.03005776304970446,0.02672802650017309,0.01134055436796627,0.001908825983798767,0.9026992977420334,3.477121269196145,1.48,100.0,0.1,15.16
-0.03600717066908667,0.006586621085668454,0.01751554519205328,-0.001388232695216179,3.698970004336019,3.322219315414608,1.6,70.0,0.07,11.3
-0.03600717066908667,0.006586621085668454,0.01751554519205328,-0.001388232695216179,0.0,3.477121269196145,1.6,100.0,0.096,13.9
-0.03600717066908667,0.006586621085668454,0.01751554519205328,-0.001388232695216179,1.060149889391518,3.000000043429446,1.6,100.0,0.09,16.77
0.01519285890564475,0.01613689213021394,-0.0001681504279699043,-0.005518472658312402,0.6017994927805721,3.716003351986616,1.623,100.0,0.16,15.5
-0.03600717066908667,0.006586621085668454,0.01751554519205328,-0.001388232695216179,0.0,3.000000043429446,1.59,100.0,0.09,12.4
-0.03600717066908667,0.006586621085668454,0.01751554519205328,-0.001388232695216179,0.0,2.698970091194906,1.6,100.0,0.1,10.64
-0.03600717066908667,0.006586621085668454,0.01751554519205328,-0.001388232695216179,0.0,3.176091288008646,1.6,100.0,0.09,14.28
-0.03600717066908667,0.006586621085668454,0.01751554519205328,-0.001388232695216179,4.0,2.301030212811168,1.55,100.0,0.16,15.0
0.01176732491821417,0.007877272562904764,-0.008921591355823747,-0.009707217922922444,0.3008997268587542,3.332438480115348,1.7,65.0,0.1,17.7
-0.03600717066908667,0.006586621085668454,0.01751554519205328,-0.001388232695216179,0.0,4.079181249666745,1.6,100.0,0.1,12.5
0.01495801894762426,0.01542494765749997,-0.0007357112892081006,-0.004616223218084806,0.6018428983557322,3.778151257621885,1.6,100.0,0.16,15.1
-0.03600717066908667,0.006586621085668454,0.01751554519205328,-0.001388232695216179,0.0,3.000000043429446,1.6,100.0,1.0,11.49
-0.03600717066908667,0.006586621085668454,0.01751554519205328,-0.001388232695216179,4.0,3.000000043429446,1.6,100.0,0.1,16.51
-0.03600717066908667,0.006586621085668454,0.01751554519205328,-0.001388232695216179,3.477121254719663,3.000000043429446,1.6,100.0,0.09,11.3
0.01495801894762426,0.01542494765749997,-0.0007357112892081006,-0.004616223218084806,0.6018428983557322,3.778151257621885,1.6,100.0,0.16,15.06
-0.03600717066908667,0.006586621085668454,0.01751554519205328,-0.001388232695216179,4.0,3.694605207707195,1.6,110.0,0.1,12.9
-0.03600717066908667,0.006586621085668454,0.01751554519205328,-0.001388232695216179,3.698970004336019,3.544068056758689,1.51,70.0,0.12,13.5
-0.03600717066908667,0.006586621085668454,0.01751554519205328,-0.001388232695216179,4.0,3.579783608045612,1.6,95.0,0.1,15.13
-0.03600717066908667,0.006586621085668454,0.01751554519205328,-0.001388232695216179,4.0,2.954242557694265,1.6,90.0,0.03,11.21
-0.03600562255436168,0.006585262151843551,0.01751782781764756,-0.001410260912717985,4.0,4.255272507516053,1.55,100.0,0.1,14.9
0.01721810518888469,0.0186848135286511,0.001603863546475575,-0.005737676287139042,0.6018428983557322,3.414973364674452,1.57,130.0,0.1,16.58
-0.03600717066908667,0.006586621085668454,0.01751554519205328,-0.001388232695216179,0.0,3.000000043429446,1.6,100.0,0.1,16.31
0.01725159014725069,0.01767724884070695,4.444345248363339e-05,-0.007976248404356711,0.6018428983557322,3.531478929815622,1.64,85.0,0.09,18.48
-0.03600717066908667,0.006586621085668454,0.01751554519205328,-0.001388232695216179,0.969805214643249,3.342422700562864,1.6,70.0,0.12,14.69
-0.03600717066908667,0.006586621085668454,0.01751554519205328,-0.001388232695216179,4.0,3.93196611980764,1.6,95.0,0.1,14.0
-0.03600717066908667,0.006586621085668454,0.01751554519205328,-0.001388232695216179,4.0,3.352182537413339,1.6,90.0,0.1,12.4
-0.03600717066908667,0.006586621085668454,0.01751554519205328,-0.001388232695216179,0.0,3.000000043429446,1.6,100.0,0.09,14.44
-0.03600717066908667,0.006586621085668454,0.01751554519205328,-0.001388232695216179,0.0,3.07918128223883,1.6,120.0,0.1,16.8
-0.03600717066908667,0.006586621085668454,0.01751554519205328,-0.001388232695216179,4.0,3.653212523426332,1.6,100.0,0.09,11.66
-0.03600717066908667,0.006586621085668454,0.01751554519205328,-0.001388232695216179,0.6018428983557322,2.342422878228744,1.5,60.0,0.09,15.43
0.02426906489205793,0.02313763566186687,0.006017879679301838,0.001700746796246778,0.6018428983557322,3.064458026666096,1.54,80.0,0.058,16.45
0.01495801894762426,0.01542494765749997,-0.0007357112892081006,-0.004616223218084806,0.6018428983557322,3.778151257621885,1.6,100.0,0.16,16.3
-0.03600717066908667,0.006586621085668454,0.01751554519205328,-0.001388232695216179,4.0,3.653212523426332,1.6,100.0,0.08,15.0
0.03005776304970446,0.02672802650017309,0.01134055436796627,0.001908825983798767,0.6018428983557322,3.414973364674452,1.51,130.0,0.11,10.6
-0.03600717066908667,0.006586621085668454,0.01751554519205328,-0.001388232695216179,3.698970004336019,3.623249300738245,1.6,70.0,0.1,13.06
-0.03600717066908667,0.006586621085668454,0.01751554519205328,-0.001388232695216179,0.3008997268587542,3.000000043429446,1.6,100.0,0.1,14.1
-0.03600717066908667,0.006586621085668454,0.01751554519205328,-0.001388232695216179,4.0,3.217483970534783,1.6,110.0,0.12,13.5
0.02426906489205793,0.02313763566186687,0.006017879679301838,0.001700746796246778,0.6018428983557322,2.204120254089891,1.54,80.0,0.058,19.23
-0.03600717066908667,0.006586621085668454,0.01751554519205328,-0.001388232695216179,4.0,4.201397127051863,1.55,90.0,0.04,11.5
-0.03600717066908667,0.006586621085668454,0.01751554519205328,-0.001388232695216179,4.0,3.027349648553579,1.6,65.0,1.35,10.46
-0.03600717066908667,0.006586621085668454,0.01751554519205328,-0.001388232695216179,0.0,2.90309004127875,1.6,80.0,0.1,11.5
-0.03600717066908667,0.006586621085668454,0.01751554519205328,-0.001388232695216179,3.698970004336019,3.322219315414608,1.6,70.0,0.07,10.13
-0.03600717066908667,0.006586621085668454,0.01751554519205328,-0.001388232695216179,4.0,3.903089992420624,1.6,80.0,0.025,10.7
-0.03600717066908667,0.006586621085668454,0.01751554519205328,-0.001388232695216179,0.0,2.698970091194906,1.6,100.0,0.1,12.42
0.03005776304970446,0.02672802650017309,0.01134055436796627,0.001908825983798767,3.698970004336019,4.170261718329379,1.48,70.0,1.2,12.25
-0.03600717066908667,0.006586621085668454,0.01751554519205328,-0.001388232695216179,0.3678320445894042,3.07918128223883,1.6,120.0,0.1,20.4
-0.03600717066908667,0.006586621085668454,0.01751554519205328,-0.001388232695216179,4.0,3.845098046218464,1.6,100.0,0.04,10.96
0.01495801894762426,0.01542494765749997,-0.0007357112892081006,-0.004616223218084806,0.6018428983557322,3.778151257621885,1.6,100.0,0.16,12.33
-0.03600717066908667,0.006586621085668454,0.01751554519205328,-0.001388232695216179,0.9538084319600062,3.000000043429446,1.6,100.0,0.1,15.7
-0.03600717066908667,0.006586621085668454,0.01751554519205328,-0.001388232695216179,4.0,2.491361833929244,1.6,70.0,0.1,11.9
-0.03600717066908667,0.006586621085668454,0.01751554519205328,-0.001388232695216179,0.3678320445894042,3.130333800664967,1.6,70.0,0.1,16.07
-0.03600717066908667,0.006586621085668454,0.01751554519205328,-0.001388232695216179,4.0,3.954242514264819,1.59,100.0,0.0625,15.18
-0.03600717066908667,0.006586621085668454,0.01751554519205328,-0.001388232695216179,3.698970004336019,3.778151257621885,1.6,100.0,0.096,11.9
-0.03600717066908667,0.006586621085668454,0.01751554519205328,-0.001388232695216179,3.698970004336019,3.322219315414608,1.55,70.0,0.09,11.8
-0.03600717066908667,0.006586621085668454,0.01751554519205328,-0.001388232695216179,0.0,3.000000043429446,1.6,100.0,0.09,15.44
0.02426906489205793,0.02313763566186687,0.006017879679301838,0.001700746796246778,0.6018428983557322,3.064458026666096,1.54,80.0,0.058,17.97
0.01197217137413808,0.01470375890147542,0.001655525352503221,0.003234849952886738,0.6018428983557322,3.000000043429446,1.59,100.0,0.1,12.04
-0.03600717066908667,0.006586621085668454,0.01751554519205328,-0.001388232695216179,4.0,3.698970013021909,1.56,100.0,0.0725,15.79
-0.03600717066908667,0.006586621085668454,0.01751554519205328,-0.001388232695216179,2.920818753952375,3.301030017378705,1.6,100.0,0.08,11.4
-0.03600717066908667,0.006586621085668454,0.01751554519205328,-0.001388232695216179,4.0,2.301030212811168,1.55,100.0,0.16,12.0
-0.03600717066908667,0.006586621085668454,0.01751554519205328,-0.001388232695216179,0.9538084319600062,3.000000043429446,1.6,100.0,0.1,10.18
0.01644373079134757,0.01755520503000308,0.0007363574737462997,-0.004068594509731695,0.6018428983557322,3.000000043429446,1.58,100.0,0.1,18.13
0.03005776304970446,0.02672802650017309,0.01134055436796627,0.001908825983798767,4.0,3.230448946925007,1.5,170.0,0.12,13.6
-0.03600717066908667,0.006586621085668454,0.01751554519205328,-0.001388232695216179,-1.040326494084594,2.724275951543136,1.624,65.0,0.09,14.36
-0.03600717066908667,0.006586621085668454,0.01751554519205328,-0.001388232695216179,4.0,4.056904855146073,1.6,90.0,0.1,10.44
-0.03600717066908667,0.006586621085668454,0.01751554519205328,-0.001388232695216179,0.6018428983557322,2.755874931864499,1.6,95.0,0.09,16.77
0.02115246733572777,0.02099240964253258,0.004913153602382739,-0.003183273641000749,0.6018428983557322,3.176091288008646,1.5,100.0,0.11,15.32
-0.03600717066908667,0.006586621085668454,0.01751554519205328,-0.001388232695216179,3.698970004336019,3.487138389623587,1.5,70.0,0.1,13.49
-0.03600717066908667,0.006586621085668454,0.01751554519205328,-0.001388232695216179,0.6018428983557322,3.000000043429446,1.6,100.0,0.1,11.19
-0.03600717066908667,0.006586621085668454,0.01751554519205328,-0.001388232695216179,3.698970004336019,3.000000043429446,1.6,100.0,0.0707,20.9
-0.03600717066908667,0.006586621085668454,0.01751554519205328,-0.001388232695216179,4.0,3.000000043429446,1.604,100.0,0.09,11.1
0.02426906489205793,0.02313763566186687,0.006017879679301838,0.001700746796246778,0.6018428983557322,3.064458026666096,1.54,80.0,0.058,14.25
-0.03600717066908667,0.006586621085668454,0.01751554519205328,-0.001388232695216179,0.0,3.07918128223883,1.6,120.0,0.81,17.94
-0.03600717066908667,0.006586621085668454,0.01751554519205328,-0.001388232695216179,4.0,4.182557304157422,1.6,25.0,0.0919,16.9
-0.03600717066908667,0.006586621085668454,0.01751554519205328,-0.001388232695216179,0.6018428983557322,2.342422878228744,1.6,60.0,0.09,17.7
-0.03600717066908667,0.006586621085668454,0.01751554519205328,-0.001388232695216179,0.6018428983557322,2.342422878228744,1.59,60.0,0.09,18.58
-0.03600717066908667,0.006586621085668454,0.01751554519205328,-0.001388232695216179,3.698970004336019,3.021189340431315,1.6,70.0,0.1,18.04
-0.03600717066908667,0.006586621085668454,0.01751554519205328,-0.001388232695216179,0.885549101782847,2.752048524685712,1.6,65.0,0.122,17.59
-0.03600717066908667,0.006586621085668454,0.01751554519205328,-0.001388232695216179,0.9538084319600062,3.197280585699871,1.6,105.0,0.04,15.5
0.01612918226130538,0.01814476332960037,0.001593124800696327,-0.005998176255709883,0.6018428983557322,3.653212523426332,1.57,100.0,0.16,18.8
-0.03600717066908667,0.006586621085668454,0.01751554519205328,-0.001388232695216179,0.9538084319600062,3.000000043429446,1.6,100.0,0.1,17.8
-0.03600717066908667,0.006586621085668454,0.01751554519205328,-0.001388232695216179,0.6018428983557322,3.029383818273477,1.6,70.0,0.1,20.17
0.01645883749703963,0.01736343104815911,0.0006842880231336526,-0.004232850881524671,-0.6021142747455573,3.07918128223883,1.6,120.0,0.1,21.18
-0.03600717066908667,0.006586621085668454,0.01751554519205328,-0.001388232695216179,3.698970004336019,3.105510218832285,1.5,100.0,0.08,12.77
0.01543223250038279,0.01693691650159826,0.0008637094370783219,-0.004328264419567483,0.6018428983557322,2.698970091194906,1.6,100.0,0.0916,20.4
-0.03600717066908667,0.006586621085668454,0.01751554519205328,-0.001388232695216179,0.3678320445894042,3.000000043429446,1.6,100.0,0.1,19.7
-0.03600717066908667,0.006586621085668454,0.01751554519205328,-0.001388232695216179,4.0,3.07918128223883,1.6,60.0,0.09,11.21
-0.03600717066908667,0.006586621085668454,0.01751554519205328,-0.001388232695216179,4.0,2.653212610285218,1.6,90.0,0.055,16.0
-0.03600717066908667,0.006586621085668454,0.01751554519205328,-0.001388232695216179,1.277885879421602,3.000000043429446,1.6,100.0,0.077,14.72
-0.03600717066908667,0.006586621085668454,0.01751554519205328,-0.001388232695216179,0.0,2.845098102056321,1.6,70.0,0.2,12.2
-0.03600717066908667,0.006586621085668454,0.01751554519205328,-0.001388232695216179,1.145433719811884,3.000000043429446,1.5,100.0,1.1,13.0
-0.03600717066908667,0.006586621085668454,0.01751554519205328,-0.001388232695216179,0.9538084319600062,3.000000043429446,1.6,100.0,0.1,18.1
-0.03600717066908667,0.006586621085668454,0.01751554519205328,-0.001388232695216179,3.698970004336019,3.04139272463954,1.6,120.0,0.12,14.11
-0.03600717066908667,0.006586621085668454,0.01751554519205328,-0.001388232695216179,0.0,3.653212523426332,1.6,150.0,0.05,14.3
0.01519285890564475,0.01613689213021394,-0.0001681504279699043,-0.005518472658312402,0.6017994927805721,3.716003351986616,1.633,100.0,0.16,15.2
-0.03600717066908667,0.006586621085668454,0.01751554519205328,-0.001388232695216179,4.0,3.000000043429446,1.59,100.0,0.1,12.67
-0.03600717066908667,0.006586621085668454,0.01751554519205328,-0.001388232695216179,3.698970004336019,3.498310567576727,1.6,70.0,0.16,14.67
-0.03600717066908667,0.006586621085668454,0.01751554519205328,-0.001388232695216179,0.0,3.000000043429446,1.6,100.0,0.09,14.92
-0.03600717066908667,0.006586621085668454,0.01751554519205328,-0.001388232695216179,0.0,3.477121269196145,1.6,100.0,1.02,14.28
0.03005776304970446,0.02672802650017309,0.01134055436796627,0.001908825983798767,3.698970004336019,3.176091288008646,1.48,150.0,0.12,14.81
-0.03600717066908667,0.006586621085668454,0.01751554519205328,-0.001388232695216179,0.6017994927805721,3.130333800664967,1.6,90.0,0.06,15.4
-0.03600717066908667,0.006586621085668454,0.01751554519205328,-0.001388232695216179,4.0,3.000000043429446,1.6,100.0,0.16,14.1
-0.03600717066908667,0.006586621085668454,0.01751554519205328,-0.001388232695216179,4.0,3.000000043429446,1.6,100.0,0.09,11.2
-0.03600717066908667,0.006586621085668454,0.01751554519205328,-0.001388232695216179,4.0,3.000000043429446,1.6,100.0,0.1,10.18
-0.03600717066908667,0.006586621085668454,0.01751554519205328,-0.001388232695216179,0.0,3.07918128223883,1.6,120.0,0.14,12.9
-0.03600717066908667,0.006586621085668454,0.01751554519205328,-0.001388232695216179,3.698970004336019,2.919078144700707,1.55,70.0,0.1,14.1
-0.03600717066908667,0.006586621085668454,0.01751554519205328,-0.001388232695216179,0.6018428983557322,2.74036276845687,1.6,110.0,0.1,16.02
0.01648594219054154,0.01698886881153151,0.0004376842611423088,-0.001396023088733201,0.6018428983557322,3.653212523426332,1.57,100.0,0.16,15.7
-0.03600717066908667,0.006586621085668454,0.01751554519205328,-0.001388232695216179,0.3678320445894042,3.04139272463954,1.6,110.0,0.1,10.3
-0.03600717066908667,0.006586621085668454,0.01751554519205328,-0.001388232695216179,4.0,3.000000043429446,1.6,100.0,0.1,16.3
-0.03600717066908667,0.006586621085668454,0.01751554519205328,-0.001388232695216179,0.0,3.000000043429446,1.6,100.0,0.1,13.0
-0.03600717066908667,0.006586621085668454,0.01751554519205328,-0.001388232695216179,4.0,3.000000043429446,1.6,100.0,0.14,10.33
-0.03600717066908667,0.006586621085668454,0.01751554519205328,-0.001388232695216179,0.0,3.000000043429446,1.6,100.0,0.14,11.87
-0.03600717066908667,0.006586621085668454,0.01751554519205328,-0.001388232695216179,0.9538084319600062,3.000000043429446,1.5,100.0,0.04,16.36
-0.03600717066908667,0.006586621085668454,0.01751554519205328,-0.001388232695216179,0.9994791590638145,3.477121269196145,1.6,100.0,0.04,15.47
-0.03600717066908667,0.006586621085668454,0.01751554519205328,-0.001388232695216179,4.0,3.732393767865459,1.6,90.0,0.017,12.51
0.01665666451719165,0.01664958773603534,-0.001351351288347561,-0.00992135928893844,0.6018428983557322,3.778151257621885,1.61,100.0,0.19,11.38
-0.03600717066908667,0.006586621085668454,0.01751554519205328,-0.001388232695216179,0.3678320445894042,3.000000043429446,1.6,100.0,0.1,18.0
-0.0149323714639817,0.008411696589027937,-0.06040108746275723,0.04084621115816146,0.4769475716611976,2.698970091194906,1.91,100.0,0.1,10.41
-0.03600717066908667,0.006586621085668454,0.01751554519205328,-0.001388232695216179,-0.954290761701127,2.698970091194906,1.6,100.0,0.12,12.41
-0.03600717066908667,0.006586621085668454,0.01751554519205328,-0.001388232695216179,0.0,4.079181249666745,1.6,50.0,0.8,14.1
-0.03600717066908667,0.006586621085668454,0.01751554519205328,-0.001388232695216179,0.9538084319600062,3.477121269196145,1.55,100.0,0.12,19.3
-0.03600717066908667,0.006586621085668454,0.01751554519205328,-0.001388232695216179,0.9538084319600062,3.000000043429446,1.55,100.0,0.01,10.5
0.01612918226130538,0.01814476332960037,0.001593124800696327,-0.005998176255709883,0.6018428983557322,3.653212523426332,1.57,100.0,0.16,20.8
-0.03600717066908667,0.006586621085668454,0.01751554519205328,-0.001388232695216179,0.3678320445894042,3.176091288008646,1.59,100.0,0.1,18.51
-0.03600717066908667,0.006586621085668454,0.01751554519205328,-0.001388232695216179,0.0,3.000000043429446,1.6,100.0,0.096,18.1
-0.03600717066908667,0.006586621085668454,0.01751554519205328,-0.001388232695216179,4.0,3.301030017378705,1.6,100.0,0.16,17.75
-0.03479293020573898,0.003390186078363859,0.01458352281776514,-0.005440013617874126,3.698970004336019,3.623249300738245,1.614,70.0,0.09,15.53
0.02561019725919576,0.02363314571653402,0.008360408633138541,-0.0009038333292052909,0.6018428983557322,3.113943385714103,1.51,130.0,0.09,17.03
-0.03600717066908667,0.006586621085668454,0.01751554519205328,-0.001388232695216179,0.9538084319600062,2.698970091194906,1.6,100.0,0.12,15.33
-0.03600717066908667,0.006586621085668454,0.01751554519205328,-0.001388232695216179,3.698970004336019,3.402261399654461,1.6,100.0,0.02,14.39
-0.03600717066908667,0.006586621085668454,0.01751554519205328,-0.001388232695216179,3.698970004336019,3.000000043429446,1.6,100.0,0.0707,19.6
-0.03600717066908667,0.006586621085668454,0.01751554519205328,-0.001388232695216179,4.0,3.000000043429446,1.6,100.0,0.16,17.16
-0.03600717066908667,0.006586621085668454,0.01751554519205328,-0.001388232695216179,0.9124512459397834,3.954242514264819,1.6,100.0,0.1,20.1
-0.03600717066908667,0.006586621085668454,0.01751554519205328,-0.001388232695216179,0.0,3.556302512831023,1.6,120.0,1.0,12.3
-0.03600717066908667,0.006586621085668454,0.01751554519205328,-0.001388232695216179,0.3008997268587542,3.000000043429446,1.6,100.0,0.1,16.69
-0.03600717066908667,0.006586621085668454,0.01751554519205328,-0.001388232695216179,3.698970004336019,3.653212523426332,1.6,100.0,0.09,15.0
0.0153463914243956,0.01666206609717935,0.0005254438418683985,-0.004700168066198921,0.6018428983557322,3.653212523426332,1.59,100.0,0.115,12.4
0.01048738180198483,-0.01236500729567984,0.02324921616876246,0.00217955937251081,0.6018428983557322,2.857332556749942,1.36,60.0,0.09,12.42
-0.03600717066908667,0.006586621085668454,0.01751554519205328,-0.001388232695216179,0.0,3.000000043429446,1.6,100.0,0.09,13.35
-0.03600717066908667,0.006586621085668454,0.01751554519205328,-0.001388232695216179,3.698970004336019,3.867762030538939,1.6,110.0,0.0725,17.8
-0.03600717066908667,0.006586621085668454,0.01751554519205328,-0.001388232695216179,0.4769475716611976,3.000000043429446,1.6,100.0,0.1,13.71
0.02143776455780605,0.02411493443506795,0.0116520342565692,0.001747645515200571,0.6017994927805721,3.477121269196145,1.5,150.0,0.096,17.82
-0.03600717066908667,0.006586621085668454,0.01751554519205328,-0.001388232695216179,4.0,3.579783608045612,1.6,95.0,0.04,14.57
-0.03600717066908667,0.006586621085668454,0.01751554519205328,-0.001388232695216179,4.0,3.000000043429446,1.6,100.0,0.1,16.1
-0.03200696416312771,-0.005887106845995618,0.005738376387129344,-0.01795143289341425,3.698970004336019,3.960232877887904,1.75,100.0,0.075,14.9
-0.03600717066908667,0.006586621085668454,0.01751554519205328,-0.001388232695216179,0.0,3.477121269196145,1.6,100.0,0.096,14.0
-0.03600717066908667,0.006586621085668454,0.01751554519205328,-0.001388232695216179,4.0,2.698970091194906,1.6,100.0,0.06,13.52
-0.03600717066908667,0.006586621085668454,0.01751554519205328,-0.001388232695216179,0.9538084319600062,3.07736794162679,1.6,65.0,0.06,16.38
-0.03600717066908667,0.006586621085668454,0.01751554519205328,-0.001388232695216179,0.6018428983557322,3.025305906235946,1.6,60.0,0.09,17.39
-0.03600717066908667,0.006586621085668454,0.01751554519205328,-0.001388232695216179,3.698970004336019,3.477121269196145,1.6,150.0,0.123,15.83
0.01633322678856756,0.0173110423977318,0.0007051028382190409,-0.004251484544345492,0.6018428983557322,3.653212523426332,1.6,100.0,0.16,16.47
-0.03600717066908667,0.006586621085668454,0.01751554519205328,-0.001388232695216179,0.9538084319600062,3.000000043429446,1.6,100.0,0.1,17.07
-0.03600717066908667,0.006586621085668454,0.01751554519205328,-0.001388232695216179,3.698970004336019,4.103803724375599,1.6,70.0,0.1,11.64
-0.03600717066908667,0.006586621085668454,0.01751554519205328,-0.001388232695216179,0.0,3.000000043429446,1.6,100.0,0.04,10.8
-0.03600717066908667,0.006586621085668454,0.01751554519205328,-0.001388232695216179,0.0,3.000000043429446,1.6,100.0,0.09,15.59
-0.03600717066908667,0.006586621085668454,0.01751554519205328,-0.001388232695216179,0.3678320445894042,3.397940026043817,1.6,100.0,0.1,13.7
-0.03600717066908667,0.006586621085668454,0.01751554519205328,-0.001388232695216179,0.0,3.000000043429446,1.6,100.0,0.1,11.12
-0.03600717066908667,0.006586621085668454,0.01751554519205328,-0.001388232695216179,0.3678320445894042,3.397940026043817,1.6,100.0,0.1,14.8
-0.03600717066908667,0.006586621085668454,0.01751554519205328,-0.001388232695216179,4.0,3.602060002185324,1.6,20.0,0.16,11.94
-0.03600717066908667,0.006586621085668454,0.01751554519205328,-0.001388232695216179,0.9538084319600062,2.423246037821487,1.6,65.0,0.1,11.2
-0.03289016208556557,-0.002805727588558216,0.008678477087695273,-0.01372619041140354,4.0,3.000000043429446,1.662,100.0,0.09,13.8
-0.03600717066908667,0.006586621085668454,0.01751554519205328,-0.001388232695216179,4.0,3.000000043429446,1.6,100.0,0.09,15.05
0.01196915982276282,0.01393951490643913,-0.001059592683782432,-0.01037398907682857,0.6018428983557322,3.778151257621885,1.61,100.0,0.09,10.82
-0.03600717066908667,0.006586621085668454,0.01751554519205328,-0.001388232695216179,0.3008997268587542,3.04139272463954,1.6,110.0,0.1,16.6
-0.03600717066908667,0.006586621085668454,0.01751554519205328,-0.001388232695216179,4.0,3.845098046218464,1.6,100.0,0.04,11.14
-0.03600717066908667,0.006586621085668454,0.01751554519205328,-0.001388232695216179,0.9124512459397834,3.954242514264819,1.6,100.0,0.1,18.1
0.01495801894762426,0.01542494765749997,-0.0007357112892081006,-0.004616223218084806,0.6018428983557322,3.778151257621885,1.6,100.0,0.16,15.43
-0.03600717066908667,0.006586621085668454,0.01751554519205328,-0.001388232695216179,0.0,3.000000043429446,1.6,100.0,0.1,12.85
-0.03600717066908667,0.006586621085668454,0.01751554519205328,-0.001388232695216179,0.0,3.000000043429446,1.59,100.0,0.25,16.4
-0.03600717066908667,0.006586621085668454,0.01751554519205328,-0.001388232695216179,0.9538084319600062,2.301030212811168,1.6,100.0,0.09,13.25
-0.03600717066908667,0.006586621085668454,0.01751554519205328,-0.001388232695216179,0.0,3.301030017378705,1.6,100.0,0.11,11.9
-0.03600717066908667,0.006586621085668454,0.01751554519205328,-0.001388232695216179,4.0,3.852784874775909,1.6,95.0,0.09,10.66
-0.03600717066908667,0.006586621085668454,0.01751554519205328,-0.001388232695216179,4.0,4.033423759508195,1.6,90.0,0.0314,10.11
-0.03600717066908667,0.006586621085668454,0.01751554519205328,-0.001388232695216179,0.9538084319600062,2.518514071482256,1.6,65.0,0.1,11.0
-0.03600717066908667,0.006586621085668454,0.01751554519205328,-0.001388232695216179,4.0,3.954242514264819,1.6,100.0,0.1032,12.39
0.02247626753248053,0.01898513275623157,-0.0008990819477338892,0.0005207531829390315,0.6018428983557322,3.763428001050773,1.6,145.0,0.125,18.45
-0.03600717066908667,0.006586621085668454,0.01751554519205328,-0.001388232695216179,0.0,3.000000043429446,1.6,100.0,0.12,16.91
-0.0383478050194859,-0.01674133044879193,0.01081150590238326,-0.0332995469659015,0.6018428983557322,3.778151257621885,1.58,100.0,0.16,11.08
-0.03600717066908667,0.006586621085668454,0.01751554519205328,-0.001388232695216179,3.698970004336019,4.063708563141802,1.6,90.0,0.1,10.73
-0.03600717066908667,0.006586621085668454,0.01751554519205328,-0.001388232695216179,3.698970004336019,3.623249300738245,1.6,70.0,0.1,13.47
0.01935207376321722,-0.01592721415402632,0.02486058844704745,0.002333830298762662,0.6018428983557322,2.845098102056321,1.25,100.0,0.1,17.2
-0.03600717066908667,0.006586621085668454,0.01751554519205328,-0.001388232695216179,3.698970004336019,3.000000043429446,1.6,100.0,0.1,10.6
-0.03600717066908667,0.006586621085668454,0.01751554519205328,-0.001388232695216179,0.3678320445894042,3.000000043429446,1.6,100.0,0.07,19.02
0.01402419802852784,0.01451108521805451,-0.0008313886289499669,-0.001408508062013671,0.6018428983557322,3.000000043429446,1.63,100.0,0.1,19.45
-0.03600717066908667,0.006586621085668454,0.01751554519205328,-0.001388232695216179,4.0,3.954242514264819,1.59,100.0,0.0625,15.86
-0.03600717066908667,0.006586621085668454,0.01751554519205328,-0.001388232695216179,0.0,3.000000043429446,1.6,100.0,0.09,17.15
-0.03600717066908667,0.006586621085668454,0.01751554519205328,-0.001388232695216179,0.9538084319600062,3.000000043429446,1.6,100.0,0.1,12.9
-0.03600717066908667,0.006586621085668454,0.01751554519205328,-0.001388232695216179,0.9538084319600062,3.000000043429446,1.5,100.0,0.04,18.16
-0.0383478050194859,-0.01674133044879193,0.01081150590238326,-0.0332995469659015,0.6018428983557322,3.778151257621885,1.58,100.0,0.16,11.53
-0.03600717066908667,0.006586621085668454,0.01751554519205328,-0.001388232695216179,0.9538084319600062,2.698970091194906,1.6,100.0,0.01,11.92
-0.03600717066908667,0.006586621085668454,0.01751554519205328,-0.001388232695216179,0.0,3.000000043429446,1.6,100.0,0.16,18.26
0.03005776304970446,0.02672802650017309,0.01134055436796627,0.001908825983798767,3.698970004336019,3.397940026043817,1.48,100.0,0.12,18.2
-0.03600717066908667,0.006586621085668454,0.01751554519205328,-0.001388232695216179,0.9538084319600062,2.841984867078524,1.6,65.0,0.1,15.42
-0.03600717066908667,0.006586621085668454,0.01751554519205328,-0.001388232695216179,4.0,3.982271237563469,1.6,80.0,0.025,12.2
-0.03600717066908667,0.006586621085668454,0.01751554519205328,-0.001388232695216179,0.9537650480648696,2.875061321297627,1.6,150.0,0.1,16.31
0.01522972070112667,0.0162653083535584,8.918994459320598e-06,-0.005299468060085308,0.6018428983557322,3.653212523426332,1.63,100.0,0.09,16.2
-0.03600717066908667,0.006586621085668454,0.01751554519205328,-0.001388232695216179,3.698970004336019,3.623249300738245,1.5,70.0,0.1,12.17
-0.03600717066908667,0.006586621085668454,0.01751554519205328,-0.001388232695216179,0.0,3.000000043429446,1.55,100.0,0.06,15.92
-0.03600717066908667,0.006586621085668454,0.01751554519205328,-0.001388232695216179,0.0,3.176091288008646,1.6,100.0,0.1,13.67
-0.03357423171854498,-0.0004994063055032211,0.01089453545058493,-0.01060587084786568,3.698970004336019,3.146128066699271,1.6,140.0,0.09,13.78
-0.03600717066908667,0.006586621085668454,0.01751554519205328,-0.001388232695216179,0.8447073507643467,3.477121269196145,1.6,100.0,0.1,14.05
-0.03600717066908667,0.006586621085668454,0.01751554519205328,-0.001388232695216179,4.0,3.845098046218464,1.6,100.0,0.04,12.43
-0.03600717066908667,0.006586621085668454,0.01751554519205328,-0.001388232695216179,0.0,3.000000043429446,1.59,100.0,0.09,17.89
-0.03600717066908667,0.006586621085668454,0.01751554519205328,-0.001388232695216179,4.0,3.477121269196145,1.6,100.0,1.0,17.36
-0.03600717066908667,0.006586621085668454,0.01751554519205328,-0.001388232695216179,4.0,3.000000043429446,1.6,100.0,0.1,14.7
-0.03600717066908667,0.006586621085668454,0.01751554519205328,-0.001388232695216179,4.0,3.795880024292787,1.6,25.0,0.1,17.7
-0.03600717066908667,0.006586621085668454,0.01751554519205328,-0.001388232695216179,0.0,3.176091288008646,1.6,100.0,0.125,17.8
0.02426906489205793,0.02313763566186687,0.006017879679301838,0.001700746796246778,0.6018428983557322,2.204120254089891,1.54,80.0,0.058,20.89
-0.03600717066908667,0.006586621085668454,0.01751554519205328,-0.001388232695216179,4.0,3.000000043429446,1.6,100.0,0.16,10.4
-0.03600717066908667,0.006586621085668454,0.01751554519205328,-0.001388232695216179,1.040871844222039,3.000000043429446,1.6,100.0,0.13,11.4
-0.0149323714639817,0.008411696589027937,-0.06040108746275723,0.04084621115816146,0.3678320445894042,3.318063355842304,1.88,40.0,0.09,13.42
-0.03600717066908667,0.006586621085668454,0.01751554519205328,-0.001388232695216179,0.7792917234925025,3.414973364674452,1.6,130.0,0.14,16.43
0.02353794901711918,0.02534499370263135,0.002989849441325323,0.01076803694356005,0.0,2.812913423457386,1.554,130.0,0.04,15.81
-0.03600717066908667,0.006586621085668454,0.01751554519205328,-0.001388232695216179,4.0,3.778151257621885,1.6,100.0,0.065,11.4
0.03005776304970446,0.02672802650017309,0.01134055436796627,0.001908825983798767,3.698970004336019,3.176091288008646,1.48,150.0,0.12,16.95
-0.03600717066908667,0.006586621085668454,0.01751554519205328,-0.001388232695216179,3.698970004336019,3.477121269196145,1.6,100.0,0.1,13.59
-0.03600717066908667,0.006586621085668454,0.01751554519205328,-0.001388232695216179,0.0,3.000000043429446,1.6,100.0,0.09,15.53
-0.03600717066908667,0.006586621085668454,0.01751554519205328,-0.001388232695216179,3.698970004336019,3.477121269196145,1.59,100.0,0.1,12.4
0.01903152834401854,0.00691978367954389,0.003113097240306571,-0.005026596896153114,0.6018428983557322,3.477121269196145,1.38,100.0,0.04,12.65
-0.03600717066908667,0.006586621085668454,0.01751554519205328,-0.001388232695216179,0.0,3.000000043429446,1.6,100.0,0.05,18.1
-0.03600717066908667,0.006586621085668454,0.01751554519205328,-0.001388232695216179,4.0,3.954242514264819,1.6,60.0,0.725,15.46
-0.03600717066908667,0.006586621085668454,0.01751554519205328,-0.001388232695216179,0.0,3.000000043429446,1.593,100.0,0.075,13.0
-0.03600717066908667,0.006586621085668454,0.01751554519205328,-0.001388232695216179,0.0,3.000000043429446,1.6,100.0,0.16,13.3
-0.03600717066908667,0.006586621085668454,0.01751554519205328,-0.001388232695216179,4.0,4.135132654558419,1.6,55.0,0.1,12.7
-0.03600717066908667,0.006586621085668454,0.01751554519205328,-0.001388232695216179,3.698970004336019,3.000000043429446,1.59,100.0,2.72,12.86
-0.03600717066908667,0.006586621085668454,0.01751554519205328,-0.001388232695216179,0.0,3.000000043429446,1.58,100.0,0.11,15.8
-0.03600717066908667,0.006586621085668454,0.01751554519205328,-0.001388232695216179,0.0,3.000000043429446,1.6,100.0,1.02,17.0
-0.03600717066908667,0.006586621085668454,0.01751554519205328,-0.001388232695216179,3.698970004336019,3.623249300738245,1.5,70.0,0.1,11.43
-0.03600717066908667,0.006586621085668454,0.01751554519205328,-0.001388232695216179,4.0,2.698970091194906,1.6,100.0,0.102,16.91
-0.03600717066908667,0.006586621085668454,0.01751554519205328,-0.001388232695216179,0.9538084319600062,3.025305906235946,1.5,60.0,0.06,12.23
-0.03600717066908667,0.006586621085668454,0.01751554519205328,-0.001388232695216179,4.0,3.000000043429446,1.6,100.0,0.16,12.79
-0.01849086347797625,-0.03038883646933253,0.01702441599837001,-0.0107958160745848,0.3678320445894042,2.698970091194906,1.35,100.0,0.1,14.71
-0.0149323714639817,0.008411696589027937,-0.06040108746275723,0.04084621115816146,-0.954290761701127,2.469822163196607,1.92,55.0,0.04,11.5
-0.03600717066908667,0.006586621085668454,0.01751554519205328,-0.001388232695216179,0.3678320445894042,3.07918128223883,1.6,120.0,0.1,18.73
-0.03600717066908667,0.006586621085668454,0.01751554519205328,-0.001388232695216179,0.0,3.477121269196145,1.6,100.0,0.165,12.8
-0.03600717066908667,0.006586621085668454,0.01751554519205328,-0.001388232695216179,4.0,3.000000043429446,1.6,100.0,0.1,15.8
-0.03600717066908667,0.006586621085668454,0.01751554519205328,-0.001388232695216179,4.0,3.982271237563469,1.6,120.0,0.1,13.3
-0.03600717066908667,0.006586621085668454,0.01751554519205328,-0.001388232695216179,0.9995225386255447,2.477121399484465,1.6,100.0,0.1,15.6
-0.03600717066908667,0.006586621085668454,0.01751554519205328,-0.001388232695216179,0.0,3.176091288008646,1.59,100.0,0.1,10.5
0.01721810518888469,0.0186848135286511,0.001603863546475575,-0.005737676287139042,0.6018428983557322,3.477121269196145,1.51,100.0,0.13,17.92
0.01029667463237909,0.008155405065325297,-0.02154633236885459,0.003451984060117319,0.9538084319600062,3.477121269196145,1.76,100.0,0.1,14.5
-0.03600717066908667,0.006586621085668454,0.01751554519205328,-0.001388232695216179,3.698970004336019,3.402261399654461,1.6,100.0,0.28,14.19
-0.03600717066908667,0.006586621085668454,0.01751554519205328,-0.001388232695216179,2.920818753952375,3.301030017378705,1.6,100.0,0.08,13.7
-0.03600717066908667,0.006586621085668454,0.01751554519205328,-0.001388232695216179,0.3008997268587542,3.000000043429446,1.6,100.0,0.1,17.02
-0.03600717066908667,0.006586621085668454,0.01751554519205328,-0.001388232695216179,0.6018428983557322,3.653212523426332,1.6,100.0,0.04,17.52
-0.03600717066908667,0.006586621085668454,0.01751554519205328,-0.001388232695216179,0.6018428983557322,3.000000043429446,1.6,100.0,0.1,17.4
0.01680889967193286,0.0195006984011079,0.004425616074641348,-0.003791784697896708,0.6018428983557322,3.778151257621885,1.59,100.0,0.06,18.2
-0.03600717066908667,0.006586621085668454,0.01751554519205328,-0.001388232695216179,3.698970004336019,3.000000043429446,1.6,100.0,0.07,13.0
-0.03600717066908667,0.006586621085668454,0.01751554519205328,-0.001388232695216179,4.0,3.900367134119294,1.55,70.0,0.1,14.28
-0.03600717066908667,0.006586621085668454,0.01751554519205328,-0.001388232695216179,4.0,3.000000043429446,1.6,100.0,0.16,14.0
-0.03600717066908667,0.006586621085668454,0.01751554519205328,-0.001388232695216179,0.9538084319600062,2.667453046286607,1.6,65.0,0.0177,16.1
0.02426906489205793,0.02313763566186687,0.006017879679301838,0.001700746796246778,0.6018428983557322,3.064458026666096,1.54,80.0,0.058,15.46
0.02426906489205793,0.02313763566186687,0.006017879679301838,0.001700746796246778,0.6018428983557322,3.064458026666096,1.54,80.0,0.058,15.41
-0.03600717066908667,0.006586621085668454,0.01751554519205328,-0.001388232695216179,4.0,3.301030017378705,1.6,100.0,0.0725,10.59
-0.03600717066908667,0.006586621085668454,0.01751554519205328,-0.001388232695216179,3.698970004336019,4.079181249666745,1.55,100.0,0.06,12.87
-0.03600717066908667,0.006586621085668454,0.01751554519205328,-0.001388232695216179,3.698970004336019,3.105510218832285,1.5,100.0,0.08,13.48
-0.03600717066908667,0.006586621085668454,0.01751554519205328,-0.001388232695216179,4.0,3.176091288008646,1.6,100.0,0.1,10.46
-0.03600717066908667,0.006586621085668454,0.01751554519205328,-0.001388232695216179,0.9537650480648696,3.477121269196145,1.5,100.0,0.04,19.84
-0.03600717066908667,0.006586621085668454,0.01751554519205328,-0.001388232695216179,0.0,2.623249393801336,1.6,60.0,0.05,19.88
-0.03600717066908667,0.006586621085668454,0.01751554519205328,-0.001388232695216179,3.698970004336019,3.653212523426332,1.6,70.0,0.13,13.17
-0.03600717066908667,0.006586621085668454,0.01751554519205328,-0.001388232695216179,4.0,4.079181249666745,1.6,100.0,0.16,11.1
-0.03600717066908667,0.006586621085668454,0.01751554519205328,-0.001388232695216179,0.0,3.000000043429446,1.6,100.0,0.0314,12.69
-0.03600717066908667,0.006586621085668454,0.01751554519205328,-0.001388232695216179,4.0,4.209515017223461,1.6,90.0,0.0314,13.09
0.01721810518888469,0.0186848135286511,0.001603863546475575,-0.005737676287139042,0.6018428983557322,3.778151257621885,1.59,100.0,0.1,17.55
-0.03600717066908667,0.006586621085668454,0.01751554519205328,-0.001388232695216179,0.3008997268587542,3.04139272463954,1.6,110.0,0.1,12.8
-0.03600717066908667,0.006586621085668454,0.01751554519205328,-0.001388232695216179,0.6018428983557322,2.755874931864499,1.6,95.0,0.09,15.2
-0.03600717066908667,0.006586621085668454,0.01751554519205328,-0.001388232695216179,4.0,3.892094608258359,1.52,130.0,0.47,15.64
-0.03600717066908667,0.006586621085668454,0.01751554519205328,-0.001388232695216179,4.0,3.000000043429446,1.6,100.0,0.1,14.77
-0.03600717066908667,0.006586621085668454,0.01751554519205328,-0.001388232695216179,0.3678320445894042,3.000000043429446,1.6,100.0,0.1,15.5
0.0218708581656148,0.008190790484303953,-0.00453704554976446,-0.0445454444944719,3.698970004336019,3.656098211599907,1.61,70.0,0.102,19.3
-0.03600717066908667,0.006586621085668454,0.01751554519205328,-0.001388232695216179,3.698970004336019,3.255272529230777,1.6,150.0,0.03,16.8
-0.03600717066908667,0.006586621085668454,0.01751554519205328,-0.001388232695216179,3.698970004336019,3.021189340431315,1.6,70.0,0.1,10.25
-0.03600717066908667,0.006586621085668454,0.01751554519205328,-0.001388232695216179,0.4769475716611976,3.477121269196145,1.6,100.0,0.1,18.87
0.01495801894762426,0.01542494765749997,-0.0007357112892081006,-0.004616223218084806,0.6018428983557322,3.778151257621885,1.6,100.0,0.16,15.11
0.01176732491821417,0.007877272562904764,-0.008921591355823747,-0.009707217922922444,0.3008997268587542,3.332438480115348,1.7,65.0,0.1,16.4
-0.03600717066908667,0.006586621085668454,0.01751554519205328,-0.001388232695216179,4.0,3.778151257621885,1.5,100.0,0.1,13.05
0.01645883749703963,0.01736343104815911,0.0006842880231336526,-0.004232850881524671,0.6018428983557322,3.653212523426332,1.58,100.0,0.16,19.31
-0.03600717066908667,0.006586621085668454,0.01751554519205328,-0.001388232695216179,3.698970004336019,3.146128066699271,1.6,70.0,0.04,11.9
-0.03600717066908667,0.006586621085668454,0.01751554519205328,-0.001388232695216179,0.0,3.875061269182293,1.6,100.0,0.09,14.64
-0.03600717066908667,0.006586621085668454,0.01751554519205328,-0.001388232695216179,3.698970004336019,2.90309004127875,1.6,60.0,1.1,13.16
-0.03600717066908667,0.006586621085668454,0.01751554519205328,-0.001388232695216179,3.698970004336019,2.851258409887308,1.6,70.0,0.1,12.57
0.0152120300891636,0.0164396810863263,0.0002930446589891751,-0.00499373737471356,0.6018428983557322,3.778151257621885,1.6,100.0,0.1,10.79
-0.03600717066908667,0.006586621085668454,0.01751554519205328,-0.001388232695216179,3.698970004336019,3.681241246423389,1.55,80.0,0.159,15.61
-0.03600717066908667,0.006586621085668454,0.01751554519205328,-0.001388232695216179,4.0,3.000000043429446,1.59,100.0,0.1,14.3
-0.03600717066908667,0.006586621085668454,0.01751554519205328,-0.001388232695216179,0.6018428983557322,2.342422878228744,1.5,60.0,0.09,14.22
-0.03380839763405821,0.0002761846094624547,0.01162318067996259,-0.009540331811269205,3.698970004336019,3.623249300738245,1.65,70.0,0.09,13.1
-0.03600717066908667,0.006586621085668454,0.01751554519205328,-0.001388232695216179,4.0,3.000000043429446,1.6,100.0,0.1,15.92
-0.03600717066908667,0.006586621085668454,0.01751554519205328,-0.001388232695216179,3.698970004336019,4.105510188176205,1.6,75.0,0.16,12.44
0.01495801894762426,0.01542494765749997,-0.0007357112892081006,-0.004616223218084806,0.6018428983557322,3.778151257621885,1.6,100.0,0.16,15.73
-0.03600717066908667,0.006586621085668454,0.01751554519205328,-0.001388232695216179,0.9538084319600062,3.197280585699871,1.6,105.0,0.04,14.74
-0.03600717066908667,0.006586621085668454,0.01751554519205328,-0.001388232695216179,4.0,2.698970091194906,1.6,100.0,0.1,10.8
-0.03600717066908667,0.006586621085668454,0.01751554519205328,-0.001388232695216179,4.0,2.698970091194906,1.59,100.0,0.045,14.8
-0.03600717066908667,0.006586621085668454,0.01751554519205328,-0.001388232695216179,0.0,3.07918128223883,1.6,100.0,0.11,12.8
-0.01549142515685884,0.0213377970377838,-0.05052475364080292,0.0662358275947395,4.0,3.602060002185324,1.68,200.0,0.0625,10.23
-0.03600717066908667,0.006586621085668454,0.01751554519205328,-0.001388232695216179,0.6987095057886286,3.000000043429446,1.6,100.0,0.12,15.14
-0.03600717066908667,0.006586621085668454,0.01751554519205328,-0.001388232695216179,4.0,2.301030212811168,1.6,100.0,0.096,15.5
-0.03600717066908667,0.006586621085668454,0.01751554519205328,-0.001388232695216179,4.0,4.033423759508195,1.6,90.0,0.06,11.2
0.01519285890564475,0.01613689213021394,-0.0001681504279699043,-0.005518472658312402,0.6018428983557322,3.778151257621885,1.63,100.0,0.071,12.24
-0.03600717066908667,0.006586621085668454,0.01751554519205328,-0.001388232695216179,4.0,3.000000043429446,1.6,100.0,0.09,15.1
0.01495801894762426,0.01542494765749997,-0.0007357112892081006,-0.004616223218084806,0.6018428983557322,3.778151257621885,1.6,100.0,0.16,12.59
-0.03600717066908667,0.006586621085668454,0.01751554519205328,-0.001388232695216179,0.0,3.176091288008646,1.6,100.0,0.12,11.1
-0.03600717066908667,0.006586621085668454,0.01751554519205328,-0.001388232695216179,4.0,3.000000043429446,1.6,100.0,0.09,14.8
-0.03600717066908667,0.006586621085668454,0.01751554519205328,-0.001388232695216179,-0.1250472966593348,3.176091288008646,1.55,100.0,1.0,19.0
-0.03600717066908667,0.006586621085668454,0.01751554519205328,-0.001388232695216179,4.0,3.027349648553579,1.6,65.0,0.1,16.55
-0.03600717066908667,0.006586621085668454,0.01751554519205328,-0.001388232695216179,0.6018428983557322,3.763428001050773,1.6,145.0,0.125,16.7
-0.03600717066908667,0.006586621085668454,0.01751554519205328,-0.001388232695216179,3.698970004336019,2.90309004127875,1.6,80.0,0.12,14.77
-0.03600717066908667,0.006586621085668454,0.01751554519205328,-0.001388232695216179,0.0,3.301030017378705,1.57,100.0,0.1,13.3
-0.03600717066908667,0.006586621085668454,0.01751554519205328,-0.001388232695216179,4.0,3.954242514264819,1.6,100.0,0.09,12.5
0.01495801894762426,0.01542494765749997,-0.0007357112892081006,-0.004616223218084806,0.6018428983557322,3.778151257621885,1.6,100.0,0.16,15.37
0.01721810518888469,0.0186848135286511,0.001603863546475575,-0.005737676287139042,0.6018428983557322,3.778151257621885,1.59,100.0,0.1,13.1
-0.03600717066908667,0.006586621085668454,0.01751554519205328,-0.001388232695216179,0.0,3.000000043429446,1.6,100.0,0.0314,13.0
0.01519285890564475,0.01613689213021394,-0.0001681504279699043,-0.005518472658312402,0.6018428983557322,3.778151257621885,1.63,100.0,0.071,10.02
-0.03600717066908667,0.006586621085668454,0.01751554519205328,-0.001388232695216179,0.6018428983557322,2.755874931864499,1.6,95.0,0.09,18.81
-0.03600717066908667,0.006586621085668454,0.01751554519205328,-0.001388232695216179,0.0,3.000000043429446,1.6,100.0,0.09,13.3
-0.03600717066908667,0.006586621085668454,0.01751554519205328,-0.001388232695216179,4.0,4.079181249666745,1.6,50.0,0.09,14.6
0.01864605073018176,-0.04219627562397182,0.003302996648944446,-0.05887991090102299,0.6018428983557322,3.000000043429446,1.25,100.0,0.059,18.4
0.01586596518743356,0.01686664170492998,0.0006589531741733079,-0.002850760768683376,0.6018428983557322,3.778151257621885,1.61,100.0,0.1,10.33
-0.03600717066908667,0.006586621085668454,0.01751554519205328,-0.001388232695216179,3.698970004336019,3.607455033937989,1.6,90.0,0.08,10.27
-0.03600717066908667,0.006586621085668454,0.01751554519205328,-0.001388232695216179,3.698970004336019,3.845098046218464,1.6,100.0,0.16,16.1
-0.03600717066908667,0.006586621085668454,0.01751554519205328,-0.001388232695216179,4.0,3.845098046218464,1.6,100.0,0.075,15.1
-0.03600717066908667,0.006586621085668454,0.01751554519205328,-0.001388232695216179,4.0,3.924279291232054,1.6,105.0,0.04,12.49
-0.03600717066908667,0.006586621085668454,0.01751554519205328,-0.001388232695216179,4.0,3.477121269196145,1.56,100.0,0.07,14.02
-0.03600717066908667,0.006586621085668454,0.01751554519205328,-0.001388232695216179,3.778151250383644,3.591064618162255,1.6,60.0,0.16,15.15
-0.03600717066908667,0.006586621085668454,0.01751554519205328,-0.001388232695216179,4.0,3.778151257621885,1.5,100.0,0.1,13.06
-0.03600717066908667,0.006586621085668454,0.01751554519205328,-0.001388232695216179,0.0,3.000000043429446,1.6,100.0,0.09,10.46
-0.03600717066908667,0.006586621085668454,0.01751554519205328,-0.001388232695216179,0.9538084319600062,2.792391759545745,1.6,60.0,0.09,13.45
-0.03600717066908667,0.006586621085668454,0.01751554519205328,-0.001388232695216179,4.0,3.000000043429446,1.5,100.0,0.1,14.05
-0.03600717066908667,0.006586621085668454,0.01751554519205328,-0.001388232695216179,0.0,3.000000043429446,1.6,100.0,2.25,11.6
-0.03600717066908667,0.006586621085668454,0.01751554519205328,-0.001388232695216179,4.0,3.975431813104972,1.55,105.0,0.0314,14.2
0.01671138174723541,0.01797933492090864,0.001633282111947744,-0.003303161303879688,0.6018428983557322,3.903089992420624,1.61,100.0,0.16,20.35
-0.03600717066908667,0.006586621085668454,0.01751554519205328,-0.001388232695216179,3.698970004336019,3.176091288008646,1.6,150.0,0.078,19.4
-0.03600717066908667,0.006586621085668454,0.01751554519205328,-0.001388232695216179,0.0,3.556302512831023,1.6,25.0,0.09,11.2
-0.03600717066908667,0.006586621085668454,0.01751554519205328,-0.001388232695216179,0.0,3.176091288008646,1.6,100.0,0.12,10.6
-0.03600717066908667,0.006586621085668454,0.01751554519205328,-0.001388232695216179,0.0,3.477121269196145,1.6,100.0,0.16,15.2
-0.03600717066908667,0.006586621085668454,0.01751554519205328,-0.001388232695216179,4.0,4.079181249666745,1.6,100.0,0.1,17.8
-0.03600717066908667,0.006586621085668454,0.01751554519205328,-0.001388232695216179,0.3678320445894042,4.079181249666745,1.6,50.0,0.15,11.6
-0.03600717066908667,0.006586621085668454,0.01751554519205328,-0.001388232695216179,-1.040326494084594,2.724275951543136,1.623,65.0,0.09,14.87
-0.03600717066908667,0.006586621085668454,0.01751554519205328,-0.001388232695216179,0.6018428983557322,3.000000043429446,1.6,100.0,0.1,18.3
0.01850669701874044,0.01136014191803354,-0.008692278354828982,-0.004393808215650038,0.6018428983557322,3.477121269196145,1.67,100.0,0.049,17.6
-0.03600717066908667,0.006586621085668454,0.01751554519205328,-0.001388232695216179,4.0,3.778151257621885,1.5,100.0,0.1,13.36
-0.03600562255436168,0.006585262151843551,0.01751782781764756,-0.001410260912717985,0.0,3.000000043429446,1.6,100.0,0.1,13.39
0.01665666451719165,0.01664958773603534,-0.001351351288347561,-0.00992135928893844,0.6018428983557322,3.778151257621885,1.61,100.0,0.19,10.99
-0.03600717066908667,0.006586621085668454,0.01751554519205328,-0.001388232695216179,0.6018428983557322,2.000000434294265,1.6,100.0,0.1,11.43
-0.03357423171854498,-0.0004994063055032211,0.01089453545058493,-0.01060587084786568,3.698970004336019,3.146128066699271,1.6,140.0,0.09,14.71
0.01519285890564475,0.01613689213021394,-0.0001681504279699043,-0.005518472658312402,0.6018428983557322,3.653212523426332,1.64,100.0,0.16,14.6
-0.03600717066908667,0.006586621085668454,0.01751554519205328,-0.001388232695216179,0.9538084319600062,2.799340618389208,1.5,65.0,0.08,16.71
0.03005776304970446,0.02672802650017309,0.01134055436796627,0.001908825983798767,0.6018428983557322,3.301030017378705,1.51,100.0,0.11,13.4
-0.03600717066908667,0.006586621085668454,0.01751554519205328,-0.001388232695216179,0.0,3.000000043429446,1.6,100.0,0.16,19.05
-0.03600717066908667,0.006586621085668454,0.01751554519205328,-0.001388232695216179,0.0,3.000000043429446,1.59,100.0,0.0314,17.9
-0.03600717066908667,0.006586621085668454,0.01751554519205328,-0.001388232695216179,3.698970004336019,3.867762030538939,1.6,110.0,0.0725,17.5
-0.02506753238708409,0.002412263955540052,0.0120301029400502,0.00678134071027273,4.0,3.176091288008646,1.64,100.0,0.12,11.0
0.02561019725919576,0.02363314571653402,0.008360408633138541,-0.0009038333292052909,0.6018428983557322,3.113943385714103,1.51,130.0,0.09,20.1
-0.03600717066908667,0.006586621085668454,0.01751554519205328,-0.001388232695216179,0.6018428983557322,3.176091288008646,1.59,100.0,0.045,11.8
-0.03600717066908667,0.006586621085668454,0.01751554519205328,-0.001388232695216179,-1.040326494084594,2.724275951543136,1.626,65.0,0.09,12.88
-0.03600717066908667,0.006586621085668454,0.01751554519205328,-0.001388232695216179,3.698970004336019,3.477121269196145,1.6,150.0,0.075,18.63
-0.03600717066908667,0.006586621085668454,0.01751554519205328,-0.001388232695216179,4.0,3.544068056758689,1.6,100.0,0.12,15.7
-0.03600717066908667,0.006586621085668454,0.01751554519205328,-0.001388232695216179,3.698970004336019,3.000000043429446,1.55,100.0,0.1,13.43
-0.03600717066908667,0.006586621085668454,0.01751554519205328,-0.001388232695216179,4.0,2.698970091194906,1.6,100.0,0.0919,14.1
-0.03600562255436168,0.006585262151843551,0.01751782781764756,-0.001410260912717985,3.698970004336019,3.498310567576727,1.6,70.0,0.16,11.54
-0.03600717066908667,0.006586621085668454,0.01751554519205328,-0.001388232695216179,0.3678320445894042,3.380211259807209,1.6,80.0,0.1,19.14
-0.03600717066908667,0.006586621085668454,0.01751554519205328,-0.001388232695216179,-0.6021142747455573,3.000000043429446,1.6,100.0,0.2,14.83
0.02790962296212144,0.02625093142065337,0.008624740481725207,0.004809183415632299,0.0,3.176091288008646,1.54,150.0,0.09,18.59
-0.03600717066908667,0.006586621085668454,0.01751554519205328,-0.001388232695216179,3.698970004336019,3.556302512831023,1.59,70.0,0.09,14.5
-0.03600717066908667,0.006586621085668454,0.01751554519205328,-0.001388232695216179,4.0,2.602060099901569,1.6,80.0,1.0,11.6
-0.03600717066908667,0.006586621085668454,0.01751554519205328,-0.001388232695216179,4.0,3.000000043429446,1.6,100.0,0.16,10.66
0.01519285890564475,0.01613689213021394,-0.0001681504279699043,-0.005518472658312402,0.6018428983557322,3.732393767865459,1.57,120.0,0.16,19.86
-0.03600717066908667,0.006586621085668454,0.01751554519205328,-0.001388232695216179,3.698970004336019,3.477121269196145,1.6,100.0,0.1,15.4
-0.03600717066908667,0.006586621085668454,0.01751554519205328,-0.001388232695216179,0.6018428983557322,2.74036276845687,1.6,110.0,0.1,18.67
-0.03600717066908667,0.006586621085668454,0.01751554519205328,-0.001388232695216179,4.0,3.477121269196145,1.6,100.0,1.1,11.8
-0.03600717066908667,0.006586621085668454,0.01751554519205328,-0.001388232695216179,0.0,2.954242557694265,1.59,90.0,0.09,15.8
-0.03600717066908667,0.006586621085668454,0.01751554519205328,-0.001388232695216179,4.0,2.301030212811168,1.5,100.0,0.1,12.94
-0.0149323714639817,0.008411696589027937,-0.06040108746275723,0.04084621115816146,0.0,3.511883374341781,1.92,25.0,0.09,13.88
-0.03600717066908667,0.006586621085668454,0.01751554519205328,-0.001388232695216179,4.0,3.90848502424031,1.6,90.0,0.04,13.0
-0.03600717066908667,0.006586621085668454,0.01751554519205328,-0.001388232695216179,0.0,3.477121269196145,1.6,100.0,0.0314,10.2
-0.03600717066908667,0.006586621085668454,0.01751554519205328,-0.001388232695216179,3.698970004336019,4.079181249666745,1.5,100.0,0.16,13.6
-0.03600717066908667,0.006586621085668454,0.01751554519205328,-0.001388232695216179,4.0,3.000000043429446,1.6,100.0,0.09,10.1
-0.03600717066908667,0.006586621085668454,0.01751554519205328,-0.001388232695216179,0.6018428983557322,2.74818810455878,1.6,60.0,0.06,17.3
-0.03600717066908667,0.006586621085668454,0.01751554519205328,-0.001388232695216179,0.3678320445894042,3.000000043429446,1.6,100.0,0.06,15.72
-0.03600717066908667,0.006586621085668454,0.01751554519205328,-0.001388232695216179,0.885549101782847,2.217484207422603,1.6,65.0,0.11,19.23
0.02477534379536052,0.0251130772134741,0.01152687453299924,0.001822822911016522,0.9537650480648696,3.365488003610489,1.55,70.0,0.07,22.18
-0.03600717066908667,0.006586621085668454,0.01751554519205328,-0.001388232695216179,4.0,2.698970091194906,1.6,100.0,0.102,19.75
-0.03600717066908667,0.006586621085668454,0.01751554519205328,-0.001388232695216179,4.0,2.628389032237236,1.5,85.0,0.009,16.54
0.03005776304970446,0.02672802650017309,0.01134055436796627,0.001908825983798767,4.0,2.929418976807758,1.48,170.0,0.0625,14.2
-0.03600717066908667,0.006586621085668454,0.01751554519205328,-0.001388232695216179,0.6018428983557322,2.857332556749942,1.61,90.0,0.04,20.9
-0.03600717066908667,0.006586621085668454,0.01751554519205328,-0.001388232695216179,0.6018428983557322,2.477121399484465,1.58,100.0,0.1,13.31
-0.03600717066908667,0.006586621085668454,0.01751554519205328,-0.001388232695216179,4.0,3.477121269196145,1.6,120.0,0.13,11.12
-0.03600717066908667,0.006586621085668454,0.01751554519205328,-0.001388232695216179,0.0,3.000000043429446,1.63,100.0,0.1,15.82
-0.03600717066908667,0.006586621085668454,0.01751554519205328,-0.001388232695216179,4.0,4.000000004342945,1.6,100.0,0.25,10.9
-0.03600717066908667,0.006586621085668454,0.01751554519205328,-0.001388232695216179,4.0,2.698970091194906,1.59,100.0,0.045,13.8
0.03217174593265641,-0.004129666502719383,0.009198047107861734,0.01576074555894181,4.0,3.778151257621885,1.2,100.0,0.04,10.2
-0.03600717066908667,0.006586621085668454,0.01751554519205328,-0.001388232695216179,4.0,3.778151257621885,1.5,100.0,0.1,14.01
-0.03600717066908667,0.006586621085668454,0.01751554519205328,-0.001388232695216179,0.6018428983557322,2.74818810455878,1.6,60.0,0.06,16.69
0.02790962296212144,0.02625093142065337,0.008624740481725207,0.004809183415632299,0.0,3.176091288008646,1.54,150.0,0.09,17.6
-0.03600717066908667,0.006586621085668454,0.01751554519205328,-0.001388232695216179,3.698970004336019,2.477121399484465,1.5,100.0,0.1,15.38
0.00924468594300522,-0.003042749062691462,-0.01028585697258479,-0.01864098575624602,0.6018320465552318,3.778151257621885,1.63,100.0,0.125,19.03
-0.03600717066908667,0.006586621085668454,0.01751554519205328,-0.001388232695216179,0.0,3.000000043429446,1.6,100.0,0.09,17.71
0.01544903891867226,0.01645109586654739,-1.74087881978316e-05,-0.005818194363929405,0.6018428983557322,3.782472631332862,1.61,60.0,1.0,15.54
-0.03600717066908667,0.006586621085668454,0.01751554519205328,-0.001388232695216179,0.3678320445894042,3.397940026043817,1.6,100.0,0.1,13.9
-0.03600717066908667,0.006586621085668454,0.01751554519205328,-0.001388232695216179,0.3008997268587542,3.04139272463954,1.6,110.0,0.1,18.5
-0.0149323714639817,0.008411696589027937,-0.06040108746275723,0.04084621115816146,0.0,3.511883374341781,1.92,25.0,0.09,11.76
0.01048738180198483,-0.01236500729567984,0.02324921616876246,0.00217955937251081,0.6018428983557322,2.698970091194906,1.25,100.0,0.1,15.48
-0.03600717066908667,0.006586621085668454,0.01751554519205328,-0.001388232695216179,0.6018428983557322,3.477121269196145,1.6,100.0,0.1,18.89
0.02343778530187953,0.02472049597672762,0.01157481016671319,0.00180131108451101,0.9538084319600062,3.487138389623587,1.525,70.0,0.0887,20.01
0.01511625508589558,0.01610619922474015,-0.0001540785287201364,-0.005537966291425511,0.6018428983557322,3.778151257621885,1.6,100.0,0.16,18.7
-0.03600717066908667,0.006586621085668454,0.01751554519205328,-0.001388232695216179,3.698970004336019,3.534026118754804,1.6,40.0,0.1,13.8
0.02426906489205793,0.02313763566186687,0.006017879679301838,0.001700746796246778,0.6018428983557322,2.204120254089891,1.54,80.0,0.058,17.75
-0.03600717066908667,0.006586621085668454,0.01751554519205328,-0.001388232695216179,3.698970004336019,3.105510218832285,1.5,100.0,0.08,14.11
-0.03600717066908667,0.006586621085668454,0.01751554519205328,-0.001388232695216179,4.0,3.845098046218464,1.6,100.0,0.075,13.3
-0.03600717066908667,0.006586621085668454,0.01751554519205328,-0.001388232695216179,0.3678320445894042,4.079181249666745,1.6,50.0,0.15,15.0
-0.03600717066908667,0.006586621085668454,0.01751554519205328,-0.001388232695216179,4.0,3.732393767865459,1.6,120.0,0.03,16.3
-0.03600562255436168,0.006585262151843551,0.01751782781764756,-0.001410260912717985,4.0,4.176091261950978,1.55,100.0,0.075,13.06
0.01891498278643179,0.01807609813921175,-0.0006761486664743127,-0.007394619914059988,0.6018428983557322,3.755874863291693,1.59,70.0,0.16,19.7
-0.03600717066908667,0.006586621085668454,0.01751554519205328,-0.001388232695216179,0.3678320445894042,3.082785406208555,1.6,70.0,0.1,18.21
-0.03600717066908667,0.006586621085668454,0.01751554519205328,-0.001388232695216179,0.9538084319600062,3.000000043429446,1.6,100.0,0.16,11.07
0.01495801894762426,0.01542494765749997,-0.0007357112892081006,-0.004616223218084806,0.6018428983557322,3.778151257621885,1.6,100.0,0.16,15.58
-0.03600717066908667,0.006586621085668454,0.01751554519205328,-0.001388232695216179,4.0,3.778151257621885,1.6,100.0,0.049,17.24
-0.03600717066908667,0.006586621085668454,0.01751554519205328,-0.001388232695216179,3.698970004336019,3.000000043429446,1.59,100.0,0.09,18.3
-0.03600717066908667,0.006586621085668454,0.01751554519205328,-0.001388232695216179,4.0,2.698970091194906,1.6,100.0,0.0919,10.6
0.01495801894762426,0.01542494765749997,-0.0007357112892081006,-0.004616223218084806,0.6018428983557322,3.778151257621885,1.6,100.0,0.16,13.13
-0.03600717066908667,0.006586621085668454,0.01751554519205328,-0.001388232695216179,4.0,2.698970091194906,1.59,100.0,0.0919,16.3
-0.03600717066908667,0.006586621085668454,0.01751554519205328,-0.001388232695216179,4.0,2.90309004127875,1.6,80.0,0.1,15.1
-0.03600717066908667,0.006586621085668454,0.01751554519205328,-0.001388232695216179,0.0,3.000000043429446,1.585,100.0,0.1024,16.36
-0.03600717066908667,0.006586621085668454,0.01751554519205328,-0.001388232695216179,0.6018428983557322,3.000000043429446,1.6,100.0,0.0813,13.61
0.01721810518888469,0.0186848135286511,0.001603863546475575,-0.005737676287139042,0.6018428983557322,3.778151257621885,1.55,100.0,0.16,17.39
0.02426906489205793,0.02313763566186687,0.006017879679301838,0.001700746796246778,0.6018428983557322,3.064458026666096,1.54,80.0,0.058,16.53
0.01519285890564475,0.01613689213021394,-0.0001681504279699043,-0.005518472658312402,0.6018428983557322,3.778151257621885,1.61,100.0,0.085,20.5
-0.03600717066908667,0.006586621085668454,0.01751554519205328,-0.001388232695216179,0.0,3.000000043429446,1.6,100.0,0.09,17.35
-0.03600717066908667,0.006586621085668454,0.01751554519205328,-0.001388232695216179,4.0,3.778151257621885,1.5,100.0,0.1,13.11
-0.03600717066908667,0.006586621085668454,0.01751554519205328,-0.001388232695216179,4.0,3.892094608258359,1.52,130.0,0.17,17.63
-0.03600717066908667,0.006586621085668454,0.01751554519205328,-0.001388232695216179,0.9538084319600062,2.698970091194906,1.6,100.0,0.0757,15.43
-0.03600717066908667,0.006586621085668454,0.01751554519205328,-0.001388232695216179,0.0,3.000000043429446,1.6,100.0,0.09,13.45
-0.03600717066908667,0.006586621085668454,0.01751554519205328,-0.001388232695216179,0.0,3.000000043429446,1.6,100.0,0.096,14.4
0.01519285890564475,0.01613689213021394,-0.0001681504279699043,-0.005518472658312402,0.6018428983557322,3.732393767865459,1.57,120.0,0.16,20.12
-0.03600717066908667,0.006586621085668454,0.01751554519205328,-0.001388232695216179,4.0,3.954242514264819,1.6,100.0,0.1,15.37
-0.03600717066908667,0.006586621085668454,0.01751554519205328,-0.001388232695216179,4.0,4.079181249666745,1.6,100.0,0.16,13.0
-0.03600717066908667,0.006586621085668454,0.01751554519205328,-0.001388232695216179,0.6018428983557322,1.778151974207177,1.6,60.0,0.06,20.34
0.01495801894762426,0.01542494765749997,-0.0007357112892081006,-0.004616223218084806,0.6018428983557322,3.778151257621885,1.6,100.0,0.16,16.27
-0.03600717066908667,0.006586621085668454,0.01751554519205328,-0.001388232695216179,0.9538084319600062,2.518514071482256,1.6,65.0,0.1,14.0
-0.03600717066908667,0.006586621085668454,0.01751554519205328,-0.001388232695216179,0.3678320445894042,3.477121269196145,1.6,100.0,0.07,16.21
-0.03600717066908667,0.006586621085668454,0.01751554519205328,-0.001388232695216179,3.698970004336019,3.322219315414608,1.6,70.0,0.07,10.89
0.02658510335774138,0.024790210394919,0.008363965066280727,0.002125958845107204,1.277842538821606,3.707570184613514,1.56,70.0,0.09,18.09
-0.03600717066908667,0.006586621085668454,0.01751554519205328,-0.001388232695216179,0.9026992977420334,2.698970091194906,1.6,100.0,1.08,15.42
-0.03600717066908667,0.006586621085668454,0.01751554519205328,-0.001388232695216179,0.0,3.000000043429446,1.6,100.0,0.09,13.22
-0.03600717066908667,0.006586621085668454,0.01751554519205328,-0.001388232695216179,4.0,3.000000043429446,1.6,100.0,0.16,10.81
-0.03600717066908667,0.006586621085668454,0.01751554519205328,-0.001388232695216179,0.0,3.477121269196145,1.56,100.0,0.09,12.94
-0.03600717066908667,0.006586621085668454,0.01751554519205328,-0.001388232695216179,0.7792917234925025,3.414973364674452,1.6,130.0,0.14,17.77
-0.03600717066908667,0.006586621085668454,0.01751554519205328,-0.001388232695216179,0.9538084319600062,2.301030212811168,1.6,100.0,0.09,16.0
-0.03600717066908667,0.006586621085668454,0.01751554519205328,-0.001388232695216179,3.698970004336019,3.176091288008646,1.6,150.0,0.078,16.6
-0.03600717066908667,0.006586621085668454,0.01751554519205328,-0.001388232695216179,0.6018428983557322,3.021189340431315,1.6,105.0,0.09,21.6
-0.03600717066908667,0.006586621085668454,0.01751554519205328,-0.001388232695216179,4.0,3.477121269196145,1.56,100.0,0.07,13.3
-0.03600717066908667,0.006586621085668454,0.01751554519205328,-0.001388232695216179,4.0,3.602060002185324,1.6,20.0,0.16,13.07
0.02790962296212144,0.02625093142065337,0.008624740481725207,0.004809183415632299,0.6018428983557322,3.477121269196145,1.61,100.0,0.1017,17.26
-0.03600717066908667,0.006586621085668454,0.01751554519205328,-0.001388232695216179,0.0,2.698970091194906,1.6,100.0,0.038,13.03
-0.03600717066908667,0.006586621085668454,0.01751554519205328,-0.001388232695216179,0.0,3.000000043429446,1.6,100.0,0.09,14.0
-0.03600717066908667,0.006586621085668454,0.01751554519205328,-0.001388232695216179,4.0,3.732393767865459,1.6,120.0,0.1,17.26
-0.03600717066908667,0.006586621085668454,0.01751554519205328,-0.001388232695216179,0.9538084319600062,3.000000043429446,1.6,100.0,0.16,15.4
0.0152120300891636,0.0164396810863263,0.0002930446589891751,-0.00499373737471356,0.6018428983557322,3.778151257621885,1.6,100.0,0.1,10.33
-0.03600717066908667,0.006586621085668454,0.01751554519205328,-0.001388232695216179,0.9995225386255447,3.000000043429446,1.6,100.0,0.09,17.0
-0.03600717066908667,0.006586621085668454,0.01751554519205328,-0.001388232695216179,3.698970004336019,3.322219315414608,1.6,70.0,0.1,16.31
-0.03600717066908667,0.006586621085668454,0.01751554519205328,-0.001388232695216179,0.3678320445894042,3.07918128223883,1.6,120.0,0.1,19.39
-0.03600717066908667,0.006586621085668454,0.01751554519205328,-0.001388232695216179,3.698970004336019,3.556302512831023,1.5,90.0,0.07,11.62
-0.03600717066908667,0.006586621085668454,0.01751554519205328,-0.001388232695216179,0.6018428983557322,2.755874931864499,1.6,95.0,0.09,16.33
-0.03600717066908667,0.006586621085668454,0.01751554519205328,-0.001388232695216179,0.0,3.000000043429446,1.6,100.0,0.0314,15.0
-0.03600717066908667,0.006586621085668454,0.01751554519205328,-0.001388232695216179,4.0,2.845098102056321,1.6,70.0,0.1,10.2
-0.03600717066908667,0.006586621085668454,0.01751554519205328,-0.001388232695216179,0.9538084319600062,3.049218061446473,1.6,60.0,0.09,18.0
0.02477534379536052,0.0251130772134741,0.01152687453299924,0.001822822911016522,0.9537650480648696,3.365488003610489,1.55,70.0,0.07,20.53
-0.03600717066908667,0.006586621085668454,0.01751554519205328,-0.001388232695216179,4.0,3.954242514264819,1.6,100.0,0.1032,11.91
-0.03600717066908667,0.006586621085668454,0.01751554519205328,-0.001388232695216179,4.0,3.000000043429446,1.6,100.0,0.0314,13.9
-0.03600717066908667,0.006586621085668454,0.01751554519205328,-0.001388232695216179,0.3678320445894042,3.113943385714103,1.6,60.0,0.07,13.6
-0.03600717066908667,0.006586621085668454,0.01751554519205328,-0.001388232695216179,4.0,2.301030212811168,1.6,100.0,0.06,10.8
-0.03600717066908667,0.006586621085668454,0.01751554519205328,-0.001388232695216179,0.0,3.000000043429446,1.6,100.0,0.1,13.12
-0.03392760737934786,0.006057646849732726,0.01754550818820385,-5.270436393955308e-05,0.8856793095398042,3.000000043429446,1.58,100.0,0.07065,13.57
-0.03600717066908667,0.006586621085668454,0.01751554519205328,-0.001388232695216179,4.0,2.698970091194906,1.6,50.0,0.04,10.36
-0.03600717066908667,0.006586621085668454,0.01751554519205328,-0.001388232695216179,3.698970004336019,3.477121269196145,1.55,100.0,0.15,13.4
-0.03600717066908667,0.006586621085668454,0.01751554519205328,-0.001388232695216179,0.9538084319600062,2.423246037821487,1.5,65.0,0.12,10.39
-0.03600717066908667,0.006586621085668454,0.01751554519205328,-0.001388232695216179,0.6018428983557322,3.477121269196145,1.6,100.0,0.09,13.2
-0.03600717066908667,0.006586621085668454,0.01751554519205328,-0.001388232695216179,0.0,2.977723651004054,1.6,95.0,0.08,20.1
-0.03600717066908667,0.006586621085668454,0.01751554519205328,-0.001388232695216179,3.698970004336019,3.653212523426332,1.6,100.0,0.09,10.4
-0.03600717066908667,0.006586621085668454,0.01751554519205328,-0.001388232695216179,4.0,3.000000043429446,1.6,100.0,0.1,15.3
-0.03600717066908667,0.006586621085668454,0.01751554519205328,-0.001388232695216179,3.698970004336019,3.049218061446473,1.6,40.0,0.1,15.31
-0.03600717066908667,0.006586621085668454,0.01751554519205328,-0.001388232695216179,3.698970004336019,3.000000043429446,1.6,100.0,0.1,17.02
-0.03600717066908667,0.006586621085668454,0.01751554519205328,-0.001388232695216179,4.0,4.056904855146073,1.6,95.0,0.16,17.7
0.01596808266506466,0.01677479592304636,0.0003112609707847256,-0.00367859535963589,0.6018428983557322,3.477121269196145,1.6,100.0,0.16,22.6
-0.03600717066908667,0.006586621085668454,0.01751554519205328,-0.001388232695216179,0.0,3.301030017378705,1.61,100.0,0.09,17.74
0.02426906489205793,0.02313763566186687,0.006017879679301838,0.001700746796246778,0.6018428983557322,2.204120254089891,1.54,80.0,0.058,20.44
0.02790962296212144,0.02625093142065337,0.008624740481725207,0.004809183415632299,0.6018428983557322,3.477121269196145,1.61,100.0,0.1017,16.84
-0.03600717066908667,0.006586621085668454,0.01751554519205328,-0.001388232695216179,4.0,3.397940026043817,1.6,100.0,0.08,13.6
-0.03600717066908667,0.006586621085668454,0.01751554519205328,-0.001388232695216179,0.6018428983557322,3.653212523426332,1.6,100.0,0.04,14.79
-0.03600717066908667,0.006586621085668454,0.01751554519205328,-0.001388232695216179,0.6018428983557322,2.755874931864499,1.6,95.0,0.09,19.72
-0.03600717066908667,0.006586621085668454,0.01751554519205328,-0.001388232695216179,3.698970004336019,3.322219315414608,1.6,70.0,0.09,11.65
-0.03600717066908667,0.006586621085668454,0.01751554519205328,-0.001388232695216179,0.0,3.000000043429446,1.63,100.0,0.1,17.5
-0.03600717066908667,0.006586621085668454,0.01751554519205328,-0.001388232695216179,4.0,2.698970091194906,1.6,100.0,0.09,17.0
-0.03600717066908667,0.006586621085668454,0.01751554519205328,-0.001388232695216179,0.0,3.301030017378705,1.6,100.0,0.07,12.11
-0.03600717066908667,0.006586621085668454,0.01751554519205328,-0.001388232695216179,3.698970004336019,3.498310567576727,1.6,90.0,0.102,17.17
-0.03600717066908667,0.006586621085668454,0.01751554519205328,-0.001388232695216179,4.0,4.033423759508195,1.6,100.0,0.0625,13.54
-0.03600717066908667,0.006586621085668454,0.01751554519205328,-0.001388232695216179,4.0,2.845098102056321,1.6,70.0,0.049,10.6
-0.03600717066908667,0.006586621085668454,0.01751554519205328,-0.001388232695216179,4.0,2.9845273583484,1.6,65.0,0.125,11.72
0.01721810518888469,0.0186848135286511,0.001603863546475575,-0.005737676287139042,0.9537650480648696,3.477121269196145,1.47,150.0,1.0,17.1
-0.03600717066908667,0.006586621085668454,0.01751554519205328,-0.001388232695216179,4.0,2.812913423457386,1.6,130.0,0.09,16.4
0.02426906489205793,0.02313763566186687,0.006017879679301838,0.001700746796246778,0.6018428983557322,2.204120254089891,1.54,80.0,0.058,15.72
-0.03600717066908667,0.006586621085668454,0.01751554519205328,-0.001388232695216179,3.698970004336019,3.477121269196145,1.55,100.0,0.15,15.0
-0.03600717066908667,0.006586621085668454,0.01751554519205328,-0.001388232695216179,0.9124512459397834,3.954242514264819,1.6,100.0,0.1,18.5
-0.03600717066908667,0.006586621085668454,0.01751554519205328,-0.001388232695216179,0.6018428983557322,3.176091288008646,1.6,100.0,0.1,15.59
-0.03600717066908667,0.006586621085668454,0.01751554519205328,-0.001388232695216179,0.3678320445894042,3.508529732437782,1.6,75.0,0.16,10.29
-0.03600717066908667,0.006586621085668454,0.01751554519205328,-0.001388232695216179,3.698970004336019,3.049218061446473,1.6,40.0,0.1,14.53
-0.03600717066908667,0.006586621085668454,0.01751554519205328,-0.001388232695216179,0.4769475716611976,3.000000043429446,1.6,100.0,0.1,16.11
0.01495801894762426,0.01542494765749997,-0.0007357112892081006,-0.004616223218084806,0.6018428983557322,3.778151257621885,1.6,100.0,0.16,15.98
-0.03600717066908667,0.006586621085668454,0.01751554519205328,-0.001388232695216179,4.0,2.602060099901569,1.6,100.0,0.0464,10.1
-0.03600717066908667,0.006586621085668454,0.01751554519205328,-0.001388232695216179,0.0,3.778151257621885,1.58,100.0,0.1,16.98
0.03005776304970446,0.02672802650017309,0.01134055436796627,0.001908825983798767,0.9538084319600062,3.66745296222962,1.53,50.0,0.125,12.79
0.01721810518888469,0.0186848135286511,0.001603863546475575,-0.005737676287139042,0.6018428983557322,3.778151257621885,1.55,100.0,0.002,13.2
-0.03600717066908667,0.006586621085668454,0.01751554519205328,-0.001388232695216179,0.1759826990046465,3.0334237956994,1.5,40.0,0.09,13.4
0.01586596518743356,0.01686664170492998,0.0006589531741733079,-0.002850760768683376,0.6018428983557322,3.778151257621885,1.61,100.0,0.1,11.37
-0.03600717066908667,0.006586621085668454,0.01751554519205328,-0.001388232695216179,0.7792917234925025,3.414973364674452,1.6,130.0,0.14,14.34
-0.03600717066908667,0.006586621085668454,0.01751554519205328,-0.001388232695216179,0.6018428983557322,2.477121399484465,1.58,100.0,0.1,17.3
-0.03600717066908667,0.006586621085668454,0.01751554519205328,-0.001388232695216179,0.7778473505988311,3.000000043429446,1.6,100.0,0.12,10.05
