0,1,2,3,4,5,6,7,8,JV_default_PCE
-0.03601653845812405,0.006591141055132358,0.017506276937259813,-0.0013817448545582508,3.998775529450231,3.86749746479706,1.599896588291701,89.98843748511979,0.2305697670065319,13.218769334733533
-0.03599953260189369,0.006599494241403896,0.017514272570987137,-0.0013999646381797945,3.6514428341776166,2.9370649833161324,1.5999905318527328,87.34645047944201,-0.2464509440943844,11.582047818901149
-0.03602538140175075,0.00658777083919204,0.01750881891814536,-0.0013921164823601406,3.6486199821264145,3.024811622670585,1.600014590692665,74.14892821470886,0.18457684387379847,16.78318686691412
-0.03600952865955731,0.0065840807716920765,0.01753028706209851,-0.0013935947433472051,3.67774451329033,3.85379834486647,1.599990691059736,110.2496422431123,-0.3277326844542323,13.41165739421261
-0.03598443049373698,0.006579589718025011,0.017530931634953777,-0.0013867481093637237,3.7405109414972237,3.3577121145942175,1.5999389026991695,92.59357927873751,0.062172453644205525,16.125677987306887
-0.036002548778200735,0.0065858379815995115,0.017529881742333785,-0.001396373159313676,3.889496624201595,3.8682678838948803,1.5998802091584312,83.53815052832107,0.6343602368596537,12.852944875731676
-0.03602075395680222,0.0065841990988212,0.017518962027167715,-0.001398575058002843,3.9393031248040877,3.4944792388023562,1.6000148250073372,111.86990856439643,-0.5352052140930024,14.047491575513277
-0.03596708059216156,0.006600491209574598,0.01749543329795303,-0.0013887342311369965,3.849144316569536,3.9170181644298117,1.599952072973271,94.58113567286614,-0.2229547004402611,13.16287739418166
-0.036018836186665015,0.006589630407558342,0.017519438760477114,-0.001401893944722986,4.0162004262320465,4.26659111856465,1.600163927534011,72.66162954514954,0.006351520999462595,15.849875810990046
-0.03600353362071164,0.006580561767615377,0.01749730280479453,-0.0013869685465110807,4.04866631062647,4.033368947227907,1.6000316144738922,125.76636007937246,0.6126712572551436,12.05520756013912
-0.0359926736612559,0.006590975507637869,0.01752848880385948,-0.0013894112611596743,3.93631770760966,3.796864165712675,1.6000206233063017,130.49981310020547,-0.017734632297348396,17.417201845918115
-0.03601888976308017,0.006590752817118096,0.017528999707609606,-0.0013881685555573728,3.9266773386108813,3.93492755454002,1.5999297958341316,97.79078204082664,-0.4644440899888947,10.278166697600941
-0.03602803780325903,0.006592279312026384,0.017532891742764456,-0.0013885577723597563,3.9933574080145338,3.2630258469464275,1.5999943750011854,54.517814096266775,0.3917967517821748,14.004782657939783
-0.036028268828702414,0.0065870671275531836,0.017521754803518808,-0.0013970294391284547,3.825599842167913,3.278014122611252,1.5998976640456586,105.58680053542619,0.5624401610386031,10.802441470933083
-0.0359996446962071,0.006581282012963837,0.017522493184257304,-0.0013964827949260043,3.998097435578197,3.181687311921085,1.600076579203252,102.72169252842072,-0.28258011045148657,15.147561230954869
-0.035986668890726395,0.006581398182207113,0.017496054044458555,-0.001379366009900932,3.6574273240795527,3.1803417837981747,1.5999211422920376,86.3353914904283,0.08344600936867337,19.39695286673374
-0.03600958986024776,0.006596533087109953,0.017514186074405122,-0.001399473147662741,3.8545770956589083,3.6300686544115943,1.6000536151637763,81.72515407151367,0.11536315817897017,11.10839226515807
-0.036004853075029125,0.0065836335475080695,0.017506061784204063,-0.0013844942244542928,3.6614539682384173,2.4418793150156555,1.599921088739648,68.29609675273619,0.07818340338234128,11.33036556253209
-0.03606584759684247,0.006581821928126488,0.017512228684386472,-0.0013883701279439622,3.970647016110718,3.0421880564151516,1.599970977527088,92.70980711285945,0.0764627109386429,19.36170551879465
-0.036028152155250966,0.00659379590556914,0.017513997356556673,-0.0013931641415594886,3.6814386676824626,3.1748095854659235,1.5999174170076662,78.19272915550482,0.3883150696556346,16.35165707300638
-0.036041328939418055,0.006576652300219807,0.01750460390642162,-0.0013843096123928,3.8828970689554,3.2928968899072264,1.6001007926649575,102.7487033498994,0.0994347969315159,12.60009771892172
-0.03600644057147192,0.006594366909564248,0.01751864670243824,-0.0013928746928147727,3.956639491916719,3.5587711015691013,1.600149009913733,124.98238640307255,0.006500536723277134,16.95481170300661
-0.03603217697023441,0.0065808943913300295,0.01750846035007488,-0.001376336316503188,3.800037053175645,3.5776524062142974,1.599906939937547,79.88452252121775,0.07302721869131468,10.92482705878834
-0.035973648231964306,0.006575463768941917,0.017504847535343804,-0.0013809628866739629,3.709861161836457,2.8339304591124574,1.6000345563037448,105.58972240393804,0.15053900932114056,14.084818982060986
-0.036039967290565106,0.006588933920451939,0.017516916963113895,-0.0013818691920359106,4.049398618160346,3.6497041185356016,1.5999523752257128,151.49191291068382,0.12023542374476172,11.320752644499809
-0.03599436803682837,0.006575437608760535,0.01750453426123521,-0.0013964908910175798,4.029401331191707,3.469737675551695,1.5999966359823237,93.85175199410122,0.5514912499697682,13.252143992400303
-0.03600525054655737,0.006593423606043927,0.017521727783059344,-0.001396882465878615,3.733441996090857,3.0439011990206213,1.5999433670224033,97.30259048259744,0.046155835664800526,14.047119164898318
-0.03605064088517278,0.006584826300068638,0.017519206854311777,-0.001381089170297855,4.163006918263946,3.5615832356815673,1.5999749865527582,102.22399105781524,0.5155217921722479,12.51545270261779
-0.0360237284987287,0.006585435356859925,0.017503353150437682,-0.0013961079218282936,4.098881407808608,3.2707910155648316,1.5999036962374695,80.4422530861313,-0.34109318186806326,10.86799254668199
-0.03597181357757197,0.0065831115015185905,0.017513897686239954,-0.001391458390758414,3.8428328335139765,2.9722835021414724,1.600012002075478,82.8933616792412,-0.1455820305365545,11.246282622236164
-0.03601061884880104,0.006582164015103992,0.017515237749688103,-0.0013848972296891526,3.638901953014252,4.133365420605967,1.600057084110031,89.05926559700644,0.12257889711650208,10.66060074142296
-0.03599574133348146,0.00659393824469757,0.01752315297702595,-0.00138838920213523,4.0014784261466865,3.0582700123427564,1.5999404034330023,86.05700762350472,-0.25845497113062127,14.44906704827482
-0.035994287247882256,0.006583517663449882,0.017515561318627013,-0.0013886401704289691,3.814171467150966,3.3103391100769786,1.6000048368867392,112.38762001736885,0.19507582949456354,13.524985039442901
-0.03605772604103413,0.006590726859383949,0.017500915059050673,-0.001391281682243421,3.966803285283036,4.021335235869865,1.5999469393008368,140.46570386012996,-0.14642344017150588,14.159256482364716
-0.03599775048929649,0.0065780602724896204,0.017508136667505867,-0.001383257787199754,3.7295393044241463,3.5754481469064285,1.6000454659178733,72.10034776287257,0.24037454229710245,12.968709047722843
-0.03598299034485552,0.006585820845176499,0.017519506590696156,-0.0013913957695661414,3.914234313117318,4.328136684672733,1.59996023293776,61.868948049581675,0.06878538142686973,9.46721837217924
-0.03599271051229977,0.006591969766771243,0.017514663685113736,-0.001378173600579468,3.822772115874001,3.783761678653168,1.6000317454293893,78.57556165170315,0.12494296540602612,13.971247861743556
-0.0360395369213817,0.006585825646442847,0.017524329892531783,-0.0013729396543001255,3.892016065148539,3.708273380700147,1.6000267393560286,94.1968474682976,0.519097458742451,14.382682356600236
-0.03598228510515597,0.0065818589803004705,0.017513719749566385,-0.0013793954004146657,4.095974469525878,2.9977987823533363,1.5999753373669394,70.86946750991152,-0.0737014072904841,14.540140861770597
-0.03601297448165311,0.006592225220987168,0.01751400409183759,-0.0013765570175321815,3.8830014433089626,3.679578458156224,1.60006476722492,83.51905940533692,0.2545900772768619,13.927039737333917
-0.03600952262933264,0.006590076026130249,0.01750520551268599,-0.0013835743692437417,3.626993373460449,3.2656686302785096,1.5999890242493306,86.04976084519905,0.09772224875417834,9.014941275608944
-0.03603843853381687,0.0065812919132266,0.017510404681044298,-0.001393644703634399,4.069899307694223,3.207390064194228,1.599886003510637,72.22057091089339,0.15198354171904963,13.950432153314614
-0.036085844971152796,0.006591795073150171,0.01750551002576006,-0.0014070068927505047,3.6541187800638966,3.5106817406001327,1.5998989921503752,82.38368493275355,0.9678781227157438,12.520649014821256
-0.035990080151021425,0.006582227630371456,0.017510288717761543,-0.0013836873970363816,3.7581107088561776,3.6066641368467405,1.6000115827595647,99.37165977535551,0.23559166260247716,14.154579655736903
-0.03600997564825093,0.006600623577205157,0.01751519881114302,-0.0013818204052272749,3.9096784762646357,2.0596536819210685,1.6000968360863805,104.32108101849794,0.41925195056226544,15.262301396332735
-0.03598667927035985,0.006586121741057632,0.01752362209449543,-0.0013798654331832068,3.8990412342343124,3.0339517914105016,1.5998765341594257,115.38651469010969,0.0944922616741817,15.059859571479642
-0.0359803751743888,0.0065887138797772055,0.017501914101460916,-0.0013833847041546765,3.9317269950610108,2.9925926293119582,1.5999282016480865,41.34549703828708,0.09162503738639993,10.426590182338865
-0.035999549101038635,0.006572808289466267,0.017527216206714245,-0.0013872329565778865,3.9767367226361108,3.194924225767457,1.6000876430627637,95.79647451093075,-0.043820354867835226,13.870147707498255
-0.03600639319064537,0.0065718405812462185,0.01750009849910828,-0.00138390222210226,3.970377234690283,2.315140748814788,1.5999744345385731,113.81974834349413,0.6924487947165872,15.213680314540962
-0.03600544031392404,0.006585792729398098,0.01751870106374948,-0.0013800388558468362,3.6456672943281783,3.488613443792021,1.5999728519153877,115.14793483173518,0.2116474596985926,12.808941433746641
-0.03598824916567758,0.006584947210654597,0.01752066965650052,-0.001399295292076804,3.944544139743337,3.6623078512840195,1.6000292241907201,103.33058970937628,0.5692633318870847,7.867551587276249
-0.03597189034880188,0.006584700439990408,0.017522727637411237,-0.0013830986829586759,3.929643343145942,3.3178614217565854,1.600068953566789,57.00143093532194,-0.016407920174017016,12.470881445303466
-0.03599764880420736,0.006589615193404515,0.017520600189404198,-0.0013905615324159818,3.929516137270956,3.6048808259799143,1.5999812375622489,69.19127932858387,-0.12470828828689767,8.873552679386503
-0.03599409988860159,0.006577238739118948,0.017505237656416383,-0.0013960066725379118,4.091667226623368,3.5353900001600946,1.6002001322523394,88.00133896623954,0.47159048693556993,13.811286359842242
-0.03601767952118,0.006586605732518903,0.017524492427248975,-0.0013901198943274827,3.8650320411576047,3.6630684028460943,1.5999698465649719,81.38520916685043,0.03825560759143756,14.73393268758616
-0.03601026342650317,0.0065890228776556495,0.01751394609623201,-0.0013922170592062934,4.122098787704355,3.3383300385626957,1.6000645693125957,102.20392430265989,0.04627468551916655,16.99867017092973
-0.035971987002064554,0.006583799887328985,0.01752006420289969,-0.0013856409943228127,3.7641597521354835,2.9596674720057883,1.5999573467113337,84.49396512249939,-0.13815749394427662,15.896020088986571
-0.03595009643184418,0.006586376749424359,0.01750953535342089,-0.0013927363155611379,3.9961149717529425,3.73217955392525,1.5999808765120234,84.04653304304361,0.5176370419608898,13.638609863646836
-0.03601974323862414,0.006590822570558732,0.017513699125483683,-0.0013865318886389056,3.8981357004797155,3.7749827523714425,1.600053647562302,104.68045149415738,-0.01856780181508061,13.639289980215231
-0.035969257720912674,0.006572609909373996,0.0175320108488061,-0.0013874675546095426,3.940998155654681,3.82580109023492,1.59992523769903,81.98516577184904,0.3512501083438259,14.174841313161169
-0.03602549716038122,0.0065821373236846364,0.01751495086301891,-0.0014060409598602652,3.7789058358878522,3.3966457520328763,1.5999966366296032,121.72930838537218,0.09851953011940603,17.852913074336872
-0.03601107087649826,0.006582260942498714,0.01753075788710763,-0.0013891649576074322,3.8349824313484477,3.4462250268706067,1.5999558196797339,110.51354635320908,0.1436322887397003,17.347057389952834
-0.03600607050824547,0.006580774807281255,0.017542245959646915,-0.0013950879663046489,3.9473928289657443,2.9904569160331933,1.5999619393712463,74.00009773860168,0.05261446837672544,12.611285983218059
-0.03603106484196064,0.006590648148288931,0.017507629653906204,-0.0013861863093626023,3.9177537753280656,2.9723800028447918,1.599903022935747,109.77430741867119,0.5082433403474402,18.0760745052619
-0.03599477214159981,0.006594593097072346,0.017512491936576648,-0.0013914838669871886,3.7043186982011265,3.750534395874944,1.5999861380676983,81.27846039197962,0.20486899976047482,12.145966582870193
-0.036024104000206655,0.006590732903699478,0.017521276743876997,-0.0013798988082884692,3.6980353069659504,3.613121148996926,1.599973543803368,82.70714032056422,-0.12284085203202172,14.880087006198991
-0.03602738774418747,0.006589545118125419,0.01752357014590467,-0.001400875852523123,3.849580174446899,3.5752474927156097,1.5998578039218325,71.13867732377597,-0.33732004746663335,20.468916818316828
-0.03600034231907293,0.006592394803259387,0.017510981059323947,-0.0014068889919649562,4.008695416566977,3.753966427311969,1.6000757833613364,119.77461616413576,0.4445624779619058,11.010898235576239
-0.036001420578816015,0.006597079356023622,0.01752098893772649,-0.0013851336722280983,3.965046977540998,3.9492378328200886,1.6000358103491341,100.42174394351628,0.5299494111560918,11.238138323573441
-0.03600289816078026,0.006585115808713874,0.01751728059084432,-0.0013988347478354085,3.6783101997913006,3.6742485115060957,1.5999497950014712,122.30061788539507,0.6261158887373324,14.759898812526034
-0.03602209128641774,0.006586638284242903,0.017508164979666906,-0.001377515176495207,4.152757937825544,4.059862597430314,1.5999993200961002,100.1522785172429,0.2775004356864412,12.6963704256796
-0.03600127186149536,0.006585201872264043,0.017528138777188826,-0.0013726345522882418,3.8532672876072027,3.7883526731716657,1.5999363332497896,62.61546886346213,-0.028302588240065957,11.126412433085184
-0.03601343365589513,0.006588206963687777,0.017501273362909093,-0.0013835629704422308,4.058433079833822,3.901486873571993,1.6000543108382401,85.39405704985226,0.43544899588023417,13.97379552734498
-0.03597601476696275,0.006592332564653869,0.0175026058610089,-0.0013873159086232002,3.7944741221699534,3.845244585595469,1.5998785462338645,106.28007393913376,0.8529873326026496,14.39976457333986
-0.03603321277558441,0.00659470073381025,0.017525706325502387,-0.0013794712112697874,3.907935471647364,2.78862583683573,1.5999444767823736,66.2792064022285,0.8053529687862213,12.391637776580552
-0.035989808602917076,0.006587005527062905,0.017515010505710325,-0.0013925949470622633,3.8610631008549894,3.192573009865644,1.599955402466447,107.31139111820545,0.17199574886899532,13.967784804126829
-0.036004157388469085,0.006592806610651452,0.017503868233587433,-0.00138437473764334,3.976582628115799,2.9955483073271805,1.5999827416715051,89.09132654227102,0.10881108565962855,14.877126607387684
-0.036048870415578096,0.0065935479258846606,0.01751936192846644,-0.0013752645625318006,3.885024979426945,4.163842967469097,1.60011398646027,53.078828277055145,-0.18829527411088787,9.94149354554113
-0.036002281863872755,0.006583824749863234,0.017510146292689058,-0.0013729888619853634,3.8343275979179863,3.200017088810221,1.5998971104435276,82.90286491789334,-0.02345957669462026,10.68118801426414
-0.03596170182369998,0.0065797364887021665,0.017513950605125818,-0.0014076813482454722,3.8447358808549623,3.5792988749772023,1.5999372476518487,80.22932091747259,-0.04841483572044189,15.124950829117362
-0.036017318885961686,0.006595269829105995,0.017496253436986502,-0.0013825830953256484,3.722994760492062,3.6369016948131776,1.5999820514069156,103.83775253875311,0.2856312865712272,19.039794091576585
-0.035983699943661004,0.006581775954118474,0.01750297029896832,-0.0013856857401156957,3.7064739070222306,2.843371434049,1.5999974280069387,126.90733370683718,-0.3009266701293925,14.208616282183822
-0.036044443272513674,0.006586035207523294,0.017532488707495058,-0.001387675306765959,4.054110607733076,3.4825983613287246,1.599952996365011,115.27858794911162,-0.11637320385029248,12.845654293456686
-0.036026878767954226,0.006595270768317281,0.017498895265551814,-0.0013943746604354176,3.982931075208251,3.2403310304041866,1.6000415117198252,91.69426851207403,0.40205858610264184,12.693683645601382
-0.03601645218438363,0.006586423507864439,0.017516210486621678,-0.0013886429721311033,3.874323323907015,3.4299381766763246,1.600068973350278,125.88531896592312,0.14343215719442098,13.073335581667145
-0.036002561637185404,0.006584906662626858,0.01751243147276826,-0.001373925353937674,3.779917701740879,2.442987633461109,1.6000857220031748,109.41730490113596,0.2504894999484935,13.895575071212585
-0.03603694105309072,0.00658467823002413,0.017507839310172205,-0.0013856142155913532,4.179713322431917,3.498210322906824,1.6000099199405504,133.92465923883665,0.006490264187484468,14.978029785426434
-0.03598588894842989,0.006580780154689803,0.017531274006104932,-0.0013834490126140148,3.80717347126321,3.5699413888233265,1.5999831160513942,120.50250195287741,-0.16380261917940464,13.349938231759964
-0.036017356870847984,0.006594139559342188,0.01751981848357625,-0.0013897707989489155,3.770366626754379,2.1392410643518494,1.6000374654152727,111.18677429064284,0.42643843253748465,14.919656064594097
-0.036024370800849845,0.006596018468283773,0.017504842078246388,-0.0013804024564617317,3.7597785192863142,3.4048389050238326,1.6000163187626846,70.12341808498145,0.3375291285606525,15.605540600658287
-0.036057463822282684,0.006585419114326573,0.01750253992320635,-0.0014014715493336342,3.650367934044199,4.2658192178842915,1.5999940855456778,69.49198375695345,0.31840800103751876,11.049348435397757
-0.035976763665293086,0.0065790888084431755,0.01752925162112923,-0.001407054735829126,3.728742873418589,3.1026069037366826,1.599914857355151,79.40026878216771,0.2111028330334665,14.871035849347445
-0.03602656401121492,0.006593562626178827,0.017515485658285364,-0.001407822274482949,3.8267181030484307,2.636974898707804,1.5999857049992026,108.14541267462887,-0.23329166722885886,14.905584997028848
-0.03601125430717552,0.006575556655399403,0.01751527870340126,-0.0013847712295046045,3.725960584061343,3.453031029818518,1.59999796545384,100.19103932120237,0.6290681889545148,14.869938651814904
-0.036027569731220704,0.006585818146905063,0.017516930431393983,-0.0013846610554808935,4.030080867825726,3.0989630115679416,1.599936664579873,119.4921429304155,-0.16151567843389358,17.11925623731457
-0.03600178912282036,0.006578557554285987,0.01751582818105335,-0.0013857597448705523,3.8736837611750654,2.7853516081561,1.6000225413713258,92.31031418945037,0.6489505294078282,12.59783288970748
-0.03604194532127531,0.006584900353313639,0.017510797536569422,-0.0013876850611614579,4.080452877923625,3.4216329173255793,1.5999682400248685,93.91398179334107,-0.3183767431369643,15.587670238548318
-0.03601566584951932,0.006580375408980047,0.017505212173679875,-0.0013827831915918347,3.9737971950640354,4.199173589386239,1.600044621697448,80.65088331671568,0.11403210591495483,7.205825949291985
-0.036023486848599205,0.006584707933342317,0.017525662976642344,-0.0013793666867749298,4.0755986012263055,2.906073836231812,1.6000993458874628,97.4859597898102,0.13723137185351245,12.646588854937958
-0.03598716523436546,0.006582249092678249,0.017526400439029543,-0.0013852776652939318,3.8243977517920524,3.350267286262387,1.5999863779613943,92.94589017065636,0.7195684395818212,15.077419349286746
-0.0360158630554859,0.006581757478977041,0.01752832621294654,-0.0013804591795044318,3.926312023441649,2.709116351655783,1.599842481694995,74.34671165152304,0.1337103817901964,14.557077410843336
-0.036017705310123965,0.006587730718953397,0.017509745928390608,-0.0013953759422156828,3.705278326187229,3.7153858758371,1.6000162338542,84.67292005789038,0.11863358806061383,14.814135689824042
-0.03603197326053635,0.006589278853764865,0.017526530368657874,-0.0013931817136916755,3.970272729491873,2.581284727476147,1.6000669136929953,83.69293282761049,0.41662350842672674,14.017376267673008
-0.03600630845892175,0.006584121081914517,0.017506121297510488,-0.0013884319276994675,3.9279302183791676,3.8391122874278247,1.6000533777675865,92.86108686212862,-0.0005677622341640209,9.972202765016686
-0.03603073691425564,0.00658042944308687,0.017514980964045374,-0.001386786887063116,3.6789707878181868,3.066704062093138,1.6000388289879768,86.2807552768933,0.054425122742877696,13.930773964163583
-0.03600230035197814,0.006595648432019685,0.017501677289138987,-0.0013804188018559924,3.9414090410078697,3.052966767519179,1.6000148562958931,80.59120370138731,0.35340861501914145,14.276407471778285
-0.03596420993896683,0.006587515418930495,0.017512000820121366,-0.0013841942778718298,3.906913265334014,4.170990112283795,1.6000308097776277,101.75732413120332,0.09388825750797664,10.204683270410538
-0.03601066876727526,0.006590562909755117,0.01752334426140902,-0.001394400982101819,4.110121313542255,2.7733237437822416,1.5999575606948522,84.13778058328386,0.4899795935509344,13.733175929006897
-0.035997922167702916,0.006579902915748252,0.017517937447502983,-0.00137639437869958,3.9360268410187977,3.957921219254262,1.6000047979050052,106.41134111468168,-0.1402369902726528,13.223541482821595
-0.036024563013694465,0.006585337874896473,0.017519454935281766,-0.0013871689815570167,3.84608918893229,2.873766854146482,1.6000154442906744,105.01951365300212,0.5386760037797422,17.110493507389542
-0.036032493427670474,0.006593972827541706,0.017507814018863962,-0.00136337227523133,4.031876290720487,3.617641748905938,1.5999913231314953,88.41711082008692,-0.29264719898302927,14.925215133150996
-0.03602395639097036,0.006588929346647418,0.01751261940306092,-0.0013776646517079292,4.024681800613148,3.093478313822629,1.6000572685907468,84.79283725004068,0.3983408911165886,9.687520058614638
-0.03602296482754402,0.006588288185374746,0.01753126803077429,-0.0013947569985200794,3.7591473992588607,3.4516939260089763,1.5999492446347658,73.14238641597179,-0.15961831019063372,14.289556190468165
-0.0360019364760367,0.0065967244546973275,0.017534370429124167,-0.001383716336711858,3.7700809948871474,3.5648227524627956,1.5999809133871896,85.34745481498194,0.21056662011758653,11.108854295074561
-0.03600510501253071,0.00659151041577934,0.01750581528834559,-0.0013925852537565854,3.7757043211742873,3.1427263585277685,1.6000784611452226,119.27974268539292,0.28608856994446685,13.522146715187214
-0.03600635755760304,0.006592003808024215,0.01751927195431873,-0.0013916203220720286,3.9341698736600255,3.993523916003975,1.5999967717716224,63.53590885146522,-0.19255705424420033,10.811629479162905
-0.035986837152175113,0.006584168794734991,0.017548796110958154,-0.001376758144494135,3.601687391304039,2.9759013347257857,1.6000879445385956,54.73557238928288,0.6472461797147437,10.37440079225744
-0.03601291399811267,0.006583494467268369,0.017503628748903526,-0.0013772619581360604,4.120864734726542,3.2826878036561475,1.6000002743626458,124.63661074969406,0.11831262605895934,13.73840384014477
-0.036010189667011375,0.006592238546343003,0.017521990374423514,-0.001385154005114484,4.112764717787105,3.264503467757468,1.5999924112765926,97.08246993756234,-0.043374811177978784,12.633110952054361
-0.03601870776328861,0.006596383490332562,0.017500241753325655,-0.0013750562245478382,3.9406907627460086,3.345927859619002,1.600013354672907,74.03354760548416,0.020644137600651077,14.56232153915666
-0.03595227650179855,0.006576902408523388,0.017512443731781804,-0.0013849348810003877,3.8898015198545184,3.4624577913990118,1.5999897657987618,85.33381215207625,0.01866384097356416,13.587198231292017
-0.036011735886946415,0.006593284567162877,0.017536758832855902,-0.00138542086619869,3.9506192047586226,3.156941258068634,1.5999196340709205,96.32634426580341,-0.14370025122410168,12.307778333055527
-0.036020494526668057,0.006586873785703773,0.01752075617592306,-0.001366817402494867,3.946730298345486,2.8321879326849233,1.600021026377847,104.76434350452197,0.005292570431731702,15.367673988399279
-0.03600700576786107,0.006590825276432122,0.017507352658181145,-0.0013890030999922835,4.088180823990838,3.7689737068945535,1.6000532131209206,102.94147062120199,-0.029600272306537112,12.041562298122475
-0.035984754729916524,0.006587966748105033,0.017522124828617945,-0.0013702653906535356,4.080757603960745,3.568730408271634,1.5999040198999233,107.91662600278013,0.12613439592592807,9.087970404916973
-0.036014091838052584,0.006594987961608273,0.017525859270765623,-0.001385635151536579,3.698077697907325,3.5103956702079055,1.6000101722080142,78.74163733851017,0.04382466606690802,12.107737048848957
-0.03602743460848079,0.006581935456212365,0.017510592988953893,-0.0013803283334182124,3.937755944680266,3.719075975092968,1.6000172906509305,72.90575269044881,-0.6063377157425709,12.309473162920337
-0.03603434717245298,0.006587885430628583,0.017518987671797846,-0.0013875209915301598,3.9072750808683985,2.941996312166871,1.6001391402077498,73.82945256636484,-0.28323796913754123,13.610130882931315
-0.03600569782563218,0.006583692197788436,0.0174996233033322,-0.0013933753762084304,3.9813189924295123,3.9477376782139224,1.6000594981103562,81.55520496464014,0.22313134985155508,12.559295045443461
-0.03602636815182234,0.006587513922653107,0.017510470617308996,-0.0013932472397942494,3.9046472521013427,4.151255814926641,1.6000472466265745,111.8535884514149,0.02038904381729903,14.001424977820514
-0.03600313391405453,0.0065748340822129984,0.01751338799554405,-0.0013833637616095132,4.252921526344636,2.583866211006634,1.600011261967477,60.2561931274447,-0.06889032550280036,11.676706233561848
-0.03598853451496616,0.006590368069701581,0.017538442107805526,-0.0013911162777103727,3.921235948004075,3.211299464436128,1.6000059163496103,80.6722787424047,0.14078610752064782,13.574858942149449
-0.03599138235677769,0.006584732520390856,0.017513815709305578,-0.0013873935844332637,3.9137096808988034,3.110173908915881,1.5999254008975414,118.38424311854278,0.394334732484975,20.87179225282074
-0.03598023924399488,0.006588098675950041,0.017520440842195315,-0.001384402371972823,3.9937225232955478,3.2465622025108076,1.6000544240722367,61.03770123891632,0.022525322633819053,9.705457390605499
-0.035995159086290904,0.006583627184697449,0.017510202342533566,-0.0014001290196063102,4.10032789224649,2.782924905729098,1.5999592332756998,67.16308472867198,0.12448393680913931,17.158461616986457
-0.03602518031781025,0.006584861326818499,0.01749872407364973,-0.0013740221407118954,4.123981276450646,3.1215559235886188,1.600026725320725,76.64229494035465,-0.034460735187577723,15.581855701400556
-0.036001312972040914,0.006586455474859295,0.017516675225010145,-0.0013788107288261213,4.069713453824411,3.507387143101985,1.6000077160148916,91.67255620006817,0.36937449849330584,11.941735667957497
-0.03602133180273413,0.006584109828439472,0.01752174276329565,-0.00137468299023968,3.6798169185134695,3.397344516784219,1.60000096519185,90.74111902232367,0.667954723456222,13.640637697753938
-0.03605663285634855,0.006580614498600178,0.017519812336926517,-0.001386431837342092,3.885611705800658,3.2019552142959213,1.6000628998108715,123.24331930136557,-0.09892344147004842,12.049065092118672
-0.03600210112678911,0.006586298924447278,0.017523781768429482,-0.001390082076456565,3.7199939357793097,3.012992622851046,1.5999875884152817,89.44456122942688,0.3868743444050169,19.194900070936768
-0.035991066690160355,0.006592219880720109,0.017522892812205954,-0.001402698470688734,3.831645364690466,3.3397381853165657,1.5999627822137243,50.59921242563919,0.4343559588633894,8.868437606877759
-0.036018713620007005,0.006586239051747246,0.017504903391824773,-0.0013825250848240056,4.151908580102752,3.5008379797423075,1.6000727924231277,97.3138229831204,0.7925378921402724,10.624401103339679
-0.035991923217794555,0.006585155561984687,0.01750373391270873,-0.0013891342679007404,3.8415871031295,2.7010824971639575,1.6000094225789327,97.97312327275587,0.15524166883468282,11.779264366316443
-0.03599351530765061,0.006585702927127467,0.017514996233933034,-0.0014004786546327082,3.7045271907617234,2.845234593677268,1.59991897432654,87.78185022259031,0.252040784189252,12.564252416476267
-0.03598793969231315,0.006584146337974703,0.017495158230019223,-0.0013933891508624003,4.029595182449082,4.032430262556084,1.599880398927489,80.34041297654095,-0.058074516986883595,9.483062871856937
-0.036005162989896075,0.006582356921729961,0.017535091284814217,-0.0013959866020504064,3.942810612965649,2.607716351935788,1.599962354513558,140.0831975961222,0.6093138710662378,13.212902106266972
-0.03605429140784974,0.006574993293291388,0.017524769303315736,-0.0013932389617529175,3.8725599576060126,3.366783310566647,1.5999748791139845,121.26796802627601,-0.30562807899637057,11.233249760951441
-0.03603769850051165,0.006580663179782694,0.017516727301575597,-0.001386209605009498,4.072926366456677,2.5330660549309836,1.5999405934936464,108.95929317452725,0.257385820129836,15.286959758442324
-0.036008237255559065,0.006586572651216104,0.017517340482756202,-0.0013867951420735707,3.9133955537472405,3.1057329022156437,1.6000315020351479,80.40575108368631,0.18082437830158418,13.511370570043589
-0.03601012025282724,0.006585677806273833,0.01752551456231436,-0.0013747986190684057,3.7894756106924934,3.2321698386976414,1.5999478153493876,86.92918179139127,0.055952797538591684,14.903814459765838
-0.036032538565521514,0.006579687595198783,0.017520421264530052,-0.0013854693971596126,3.994162255517948,3.0160995780528417,1.600035402260125,93.48203119419122,0.31626575454027694,15.942876991986232
-0.035973670249767574,0.006586354336502931,0.01752968254178434,-0.0013988825471497222,3.839846910097222,2.6445367682749032,1.6000151270052805,112.26908215501099,-0.11184003793685462,16.62834115416423
-0.035993968283755284,0.006582482446908904,0.017533084708772143,-0.0013952732888306103,3.8223510831598952,2.7250424381128395,1.6000396501138499,98.10663401998993,-0.02899035784182641,14.647273254639465
-0.03601845929644426,0.006592029311399758,0.017521505485446186,-0.0013947126931093143,4.035970293077028,2.9847502191067403,1.5999005050290993,105.14243551206309,0.24848495320892894,12.144275424492443
-0.03601903677770838,0.006577161071700028,0.017503749800499308,-0.001399426092735358,3.832123338107297,2.713808027432246,1.6000017137888318,95.66778059223438,0.30250386273634067,14.991782888996333
-0.036008579266080865,0.006581128784479437,0.017518483190922803,-0.0013893504392977363,3.961663356609325,3.280982988172596,1.600133002555561,108.5143339833556,-0.057041536499752854,13.960491560450446
-0.036025418437153525,0.006589716304734197,0.01751418544331619,-0.0013869439756605722,3.7941009206143743,2.9579002955790523,1.5999438166260918,111.72075754026021,0.3082693805822587,10.820059019934428
-0.03598798009188582,0.006587933106883891,0.017512386861660227,-0.0013986960041163284,3.8612875222458665,3.711817152838592,1.5999684015251552,126.77820550549612,0.08086171298410876,13.591987356433398
-0.03601226371116699,0.006586077595179873,0.017507441107479822,-0.001405656958944686,3.822372384277262,3.3484886874000184,1.6001292061487504,87.4494177797693,-0.02159492178050773,14.666554461091268
-0.03599737136603176,0.006579299503474383,0.01750334955300743,-0.0014013169777054271,3.947925883362647,2.3796407785091747,1.6000195662583612,64.41079853947531,0.20548807516429796,12.131907742773791
-0.03596890374862599,0.006575094018714726,0.01752494755164901,-0.0013894801556516125,3.900734043544805,3.48622020190332,1.5999835724560525,88.88993765355077,0.00870588346302989,17.94519815239734
-0.03600825040195757,0.006582299695957657,0.01750340379819748,-0.0013965055894613304,3.8825640643426147,3.3588414554944492,1.6000012418942902,98.18603459326066,-0.06304452653472739,11.200243811963032
-0.035997229398826026,0.006590493575204411,0.017508433857756387,-0.0013935782254503966,3.778420015598993,3.218097457785085,1.6000071858512457,111.80306488194071,0.28484179981234226,15.867364535847633
-0.03600016510843869,0.006580273615157529,0.01751337843761857,-0.001383851508823897,4.073685600063909,3.1466024433729483,1.5999375384501655,85.35700119027095,0.06971491722101453,16.291380362404567
-0.03599965811810832,0.006586651667949005,0.017510231030830964,-0.0014140946882683974,4.10740877145684,3.630933102507505,1.5999199185347774,116.47729856726363,-0.10354972596632128,9.454238777915231
-0.036001015337783,0.006586274068386265,0.017526869910519896,-0.001399878924356346,4.024680989030811,2.8540353672146104,1.5999850227010488,103.99722553589487,0.2579634841443838,13.200676872547524
-0.036018330681077,0.006592038285721899,0.01750505907717138,-0.0014035861460550557,3.7451495069056246,3.5084337917013686,1.6000269556933684,69.24408466115784,0.5711587915686851,14.963460812208154
-0.036005459667694015,0.0065794618190522305,0.01751927448018976,-0.001382824621808381,3.8815722938266046,3.5309830243967593,1.6000313391472771,62.3176876084159,0.016800586547494736,12.534467051504311
-0.03603263667086768,0.006579572401623025,0.017526036869765543,-0.0013855572624559957,3.8067375324916277,3.8466283482820254,1.6000093345665782,77.58703536319264,0.3127565218761502,15.213932984182724
-0.036001440053693,0.006586168677655933,0.017522478205670433,-0.0013933924703829895,3.9389690761923695,2.2835633581135806,1.5999520702677774,97.75640748596514,0.4261321928171558,19.042314035578226
-0.03598499455340942,0.006582749525621886,0.0175235579198691,-0.0013797610526233759,3.726958194495195,4.199038384066334,1.6000249398984792,83.86048294723348,0.026466347023816228,15.940301311077775
-0.03598529468913941,0.006595542268984231,0.017505377584069236,-0.0013875735779075268,3.9232173520546136,3.1341201491302217,1.600056683747917,67.65905298635104,0.9069867099291866,13.925410476202252
-0.03599440467934057,0.006585669895007659,0.017519169359392312,-0.0014083978325850348,3.910196768869546,3.7371684689540605,1.6000027254141083,109.13218214122561,-0.14036147201075788,11.348023278080616
-0.03599724133044792,0.006592344419920562,0.01749633842328089,-0.001385498949475081,4.05487163925633,3.9017726498400824,1.6000334305314052,86.17352636658032,0.06030455245656101,18.435712421587958
-0.036027965287857205,0.006598007882018824,0.017507330417246503,-0.0013945239484508755,3.6829127536017485,3.1515828197804856,1.599947271215691,93.50085327829896,-0.29935678114236464,15.970707170914828
-0.035993608344179265,0.006583006377433908,0.017534607626704328,-0.0014069387830889283,3.8704586090752082,3.2533138085821705,1.600017465977792,96.89774732185573,0.04558289827763046,13.61012932035187
-0.03601954919162223,0.006585935034365732,0.01754538460197972,-0.00138519483816233,3.9166270013767606,3.737345307847358,1.600088224594685,138.32826819655975,-0.3866290058631661,13.473586582798527
-0.03602564042394236,0.006578932075080584,0.017523297799774563,-0.001389690455896803,3.998134502957541,2.9446915856786915,1.6000560096832075,125.94963999324206,-0.07305756522871135,15.52502292281133
-0.03597230499707724,0.006585739985441356,0.01751696298549167,-0.0013843628101059696,4.076007747644128,3.481232886967734,1.5999645107482459,82.86574460463083,0.20544441928704288,10.598818637220779
-0.036063729583850575,0.0065804522799330955,0.017504387283036306,-0.001363978378214092,3.9664391454913313,3.4987399555770677,1.5999419803961834,74.83249220231626,0.11860344645617911,15.881189725463212
-0.03602799138558012,0.0065710275293345425,0.017503100635195203,-0.0013798304690152596,3.9030457350033827,3.2825125673760622,1.6000043862703428,71.69428268787446,0.5933749363581164,15.495441351905912
-0.03601593395487953,0.006582949237341668,0.017525176592143404,-0.0013959199055364369,3.8994719577578505,3.029301109634616,1.6000175639646328,94.22023788631971,-0.10789976976869872,10.931329814879135
-0.035993508681208264,0.006590008109086112,0.01749719750099966,-0.0013888028204423527,4.008351161707045,3.8208560600081847,1.6000065795960647,118.72688602699164,0.21682491508162954,19.70650727389323
-0.036008576293137744,0.006586805910639896,0.01750373136105057,-0.0013904799879513267,3.9266254825532982,3.902046726620543,1.5999320253380402,81.98181700422559,0.33296698247552975,18.24461700540819
-0.03600603232797875,0.006589053934780368,0.01752972167717082,-0.0013805245938885294,3.5947085879618994,3.824294045951034,1.5999471306414377,68.85014536109173,0.0177482767061167,5.757666314771864
-0.03603614902834286,0.006587437240691061,0.017528175886171844,-0.001385762037701616,3.715758813837755,3.404773540210082,1.6001006143174992,102.92743742430036,-0.08031569357880272,13.480968618995485
-0.03602585218242208,0.006587919072875851,0.01751513953953945,-0.0013834976840648085,3.7672845448829007,4.296580539606101,1.5999620616771177,57.08996473824969,0.0426051432792349,11.694141005281049
-0.03599860030947007,0.006577155689968246,0.017506048543779445,-0.001387815862155518,3.8185522739916964,3.2272728348754365,1.5999897751325785,71.36614698389357,0.2204584007331421,13.197281897073392
-0.03602174842294398,0.006588399652804567,0.017523214636085496,-0.0013949464853548444,3.980408523116399,3.2364634290576664,1.5999039717080488,123.98842693074093,-0.1335511698740353,16.110675409498523
-0.03600098338015442,0.006588639458749905,0.01752347112494283,-0.0013816295906650831,3.758796013456389,3.023146719890526,1.6000045553401547,92.30018751442391,0.5278418884686014,15.421419160958271
-0.035984990573718456,0.006588750577992012,0.01751516161423002,-0.0013854518495309293,3.8908314167879396,2.9388758015569603,1.5999324272034805,70.54717663419387,-0.15130351252968355,13.063556642773426
-0.03595673948973937,0.006582269295541832,0.017502470138722734,-0.0013846590874541356,3.8523356267774655,2.8589624887968967,1.6000014414979506,85.13548212646559,0.44700041768918075,16.805918369713446
-0.036019252901979895,0.0065850621239417085,0.017510868214309427,-0.0013718646890021756,4.0118104771594725,3.4631555420421956,1.5999041351486356,101.55694957501251,0.2798176169382038,16.62402704659819
-0.035951867000086124,0.006587106091415065,0.01751096268795728,-0.0013974451458777775,3.7042734572225076,3.1804518329019986,1.600106325011929,75.20315333990028,0.0666327068496546,13.874505120821247
-0.036005617537778575,0.006583547500243889,0.017513924979189143,-0.0013812404738861228,3.7689675409873047,3.1265258813042305,1.59986968773498,44.965797441446114,-0.033407621401731646,11.7079003461433
-0.036002763196919384,0.006584845228460756,0.017513811307440362,-0.001380490557994671,3.890939390054723,3.179227780291579,1.5999841168406397,98.81906191447109,-0.35370839852896935,17.46208397973144
-0.03598865578325975,0.006573513222059175,0.01751314137444739,-0.0013866097884113358,4.00905780113706,2.8941069789747322,1.5999526421996397,56.73725893687887,0.24833693422377323,12.530625998288194
-0.0360128225236466,0.006594050076824669,0.01752069540903225,-0.0013886534756584257,4.0051457314893195,3.4144597571160724,1.6001063199799115,47.11428355346709,0.26112100423489815,13.648950385521031
-0.03597701544953566,0.0065755345894673994,0.01752948194277341,-0.0014002733755425685,3.8041190686735664,2.6486037502265165,1.6000413135306968,117.22275787114077,-0.042018634861498566,10.011967273340161
-0.03601214745714558,0.0065806398859177655,0.017527034111152823,-0.001406516989278543,3.6266263811299746,3.8252921697476956,1.6000396690073782,86.33163730290518,0.3065863067258642,14.370067802973919
-0.036010139374025335,0.006582328296389486,0.017527147476517707,-0.0013951675972497522,3.96521417134627,3.2062434442324705,1.599972965700671,116.44963651200926,-0.21444225909189873,15.701445281973152
-0.03603357302529468,0.006586177767282796,0.017515922653028645,-0.0013850337147214755,3.6951081468434595,3.136113352847088,1.5999911859200497,62.61456506520933,-0.0601298648488473,11.923505648080193
-0.03597671203550118,0.006587395076531659,0.01752374588141259,-0.0013818214149059291,4.123297716926566,4.0963820125463855,1.600066623781732,108.54545790878001,-0.1650632651190202,12.710069229424427
-0.036004019255035956,0.006592465261450169,0.01750666022144532,-0.0013988541958039162,3.7387781236420627,3.3962598181143875,1.5999392443775329,68.84292419917763,0.2880908466698948,15.762105477388582
-0.03601505728842458,0.0065926774077916025,0.017501531311203775,-0.0013884932108983897,3.932386115547223,3.1730333788277614,1.599975734169025,103.995281366823,0.1379435621507396,18.696928226029286
-0.03601035500794224,0.006584089069490093,0.017512214875771946,-0.0013990083872678248,3.539792238788746,3.7595752520193235,1.5999684465457764,81.07860604424754,0.09013424843648216,13.921375027017014
-0.03604573175699238,0.0065956938412060125,0.017547957496049045,-0.0013893778464929246,3.9105632623182203,3.200267636537214,1.5999857128098287,95.36961007703071,0.4310186733978131,7.789719781823399
-0.035989450628970306,0.006591646686456587,0.017532711566124452,-0.0013754135602035897,3.593015694996577,3.0423829256769213,1.5999976849338633,73.81723160224911,0.049082035521419015,12.326567958264478
-0.03600848071355521,0.006577795023589335,0.017517983617848846,-0.0013829404880404184,4.090288629780318,3.8011793456305005,1.599875510164563,90.4295337829211,0.4354439184781965,11.235232013799772
-0.03602906725892261,0.006596685094996144,0.017504605385102148,-0.0013927561063601318,3.6489821777374196,3.7460155926456973,1.5999468253338087,110.66288614296583,0.4600687920523145,16.417299570939626
-0.035977892796622564,0.006579383624785802,0.017506876309824147,-0.0013809278888625674,3.7631682778191817,3.239508562412451,1.6000486719469929,115.82075900338421,0.3459002977941248,11.85953359945837
-0.035982033246662465,0.006579403702639813,0.017511958549355697,-0.0013853856562052935,3.6675638902575094,3.343870279999405,1.600016130808419,118.56899536417154,0.2603925662109329,15.93026712737522
-0.03598131408805445,0.006597806969090392,0.01753578206265482,-0.0013927261005067112,3.9628123185013404,3.9426339222408173,1.5998923801321399,95.42142193809802,0.5599144527998781,9.752100682485205
-0.036045602688324324,0.006595750626419472,0.01751130306196732,-0.001382825839226963,3.955042802457226,2.7607093738172437,1.6000671939498274,65.09567967445876,0.34278400297817857,12.297307035407893
-0.03603919174939438,0.006588598342079889,0.017519801132918907,-0.0013720208751870668,3.9255171909148756,2.943308195147707,1.600059657085225,58.73022646292457,-0.1728290425666385,17.716468929736976
-0.036065816781114396,0.006582196852823885,0.017503779311478673,-0.0013833712025370997,3.8942373385260867,3.584138984010992,1.600000534688623,79.33436267317151,-0.14487938667615718,15.289454757206762
-0.03598807270830025,0.006592248213338124,0.017538867993034522,-0.0013897991437450128,4.093487729076917,2.7658358519845962,1.5999270377955541,100.03338173745621,0.1817529013226243,14.50558042040957
-0.0359574237811493,0.006578826689428745,0.017514041009291804,-0.0013811525968142949,3.7427006861409513,3.9245484816189036,1.5999627504267349,100.1335088342412,0.2591243300156593,15.672312882043055
-0.03600593391115855,0.006578112718672556,0.01750181910660784,-0.0013775312497998184,4.098357357845639,3.087706556220328,1.6000497515330079,88.38125775053722,0.04163448626859648,12.639226588130935
-0.03602709430029548,0.006583970288462942,0.017509719678754528,-0.0013837332916420936,3.808444574662282,3.637158617073627,1.5999681034319626,109.36232520855408,0.3576645079209003,12.84384320766737
-0.03598402328962386,0.0065860120192976785,0.01752984442230865,-0.0013871652148158913,4.024928832954487,3.4105710580482813,1.6000076833722372,56.08909019524098,0.16607198904353598,11.658257781498275
-0.03601104694678566,0.0065823595548514,0.017510764472551326,-0.0013926077149804675,4.003162684041598,3.2169619451315876,1.5999855518947195,71.95342568598052,0.16104502726931477,14.280504630534436
-0.035974243262290435,0.006592891550095575,0.01751267104916701,-0.001377761265067593,3.9804972840882065,3.350989952376415,1.6000188734579321,106.7371154450367,-0.06644289773686293,7.979049462895103
-0.036027489064400536,0.006579308140525373,0.017536682572890396,-0.0013847015962831649,3.7753176953055614,3.915136646779494,1.6000743779620448,112.10109017684746,-0.24204664851591695,11.261812467612808
-0.036000711820059025,0.006585972134841965,0.017509955360586183,-0.0013972141935725045,3.9050174482392,3.994434666199356,1.600115897218724,108.17556323920854,-0.07738595630034406,9.746926684819464
-0.03604078901535157,0.006596060855109479,0.017502959429803226,-0.0013913953172902801,3.581403764623394,2.814512641542616,1.6001124506034197,80.89375234187614,-0.23366788584725345,12.8177374998671
-0.03601064166938049,0.006582409468050943,0.01749716068676788,-0.0014002206336452751,3.7024138975339755,3.4016257308895623,1.6000131356184868,72.45289849870184,0.2847871304557124,10.194512925045046
-0.03602607029354744,0.006580215199528069,0.017515156037928917,-0.0013897525335342111,3.9412778814974665,3.4712833292999346,1.5999730509144667,97.11111670000066,0.18426358293634063,12.454201040000328
-0.03599814447437963,0.0065812869881509365,0.017508474742729083,-0.001391981019413061,3.855466718660999,3.616913463374903,1.599995499840233,75.91239885023334,0.5897086179295667,11.778638208789282
-0.03602045382983614,0.0065929744039173515,0.017516235487860524,-0.0013923235746191706,3.874198898845678,3.2081427701691196,1.599984757808148,113.51256389437384,0.17300157894324703,12.935009260200713
-0.03601416766413541,0.00657931769833763,0.017510743841732165,-0.0013765830059078931,3.8869103576809807,3.2285114114050075,1.5999471143990742,58.01242998874019,-0.12430408101701423,12.214269372622082
-0.03599976784097106,0.006602126714108042,0.017531627440933648,-0.0013883503946249915,3.878910282860676,3.032479073069985,1.5999515522598036,84.04181782280331,-0.06599505883646017,11.437070082763993
-0.03599858677703994,0.006580831252753074,0.017520205947411,-0.0013803495726044269,3.6208326928989734,2.481918808224204,1.6000598726257977,67.72162989958719,0.38734881811449906,10.724608612146266
-0.035993500353778685,0.0065842973138883695,0.01751033688680699,-0.0013950302423517105,3.938652557848215,4.253568872776715,1.6000233053271364,92.50443727770057,0.5874349831884822,12.739711697402184
-0.03601410295788242,0.006589222215088925,0.017501567843326786,-0.0013913676131901058,3.914960727989575,2.394952486437506,1.5999760250862882,124.17678511400479,0.06675779678047061,16.98274434057464
-0.036007245006932226,0.006586815904293148,0.017513150512710324,-0.001382683600054131,3.7383162971567456,3.515123021890127,1.5999676949318367,63.43072372310958,0.6049561909514356,12.258800281230894
-0.03600468815738999,0.006595282600853976,0.017492588750091864,-0.00139035056888902,3.7657782040732695,3.313105951894623,1.600080268537256,132.75683813970304,-0.03916169834567726,14.403984911684791
-0.03601051630317413,0.006590887582756649,0.01750528202674126,-0.0013798856701804944,3.892736266639609,3.823456196610781,1.5998922464326915,83.46387781716295,-0.039599460604180264,11.863735075484346
-0.03601106799015405,0.006585318276631418,0.01752758655608362,-0.0013908823116321675,3.7886587545270194,2.8815597995554305,1.5999559609215632,74.6212754860676,0.14298293615532837,8.180932289180967
-0.03599723180008564,0.006575740878937,0.017513094293942877,-0.001390759257504293,3.9238983617771206,3.6634428929005662,1.5999850396798605,114.2120140838428,-0.131403373288621,13.42364252909809
-0.03598822619138841,0.006585310574463324,0.017527736805525176,-0.00137880860174741,3.588212144992408,2.9312698154884806,1.600047619322583,92.52707556755746,0.37767342843294094,13.683568937704218
-0.03601584161827849,0.006589761798776508,0.017509073226832754,-0.0013931945973490855,4.100102320633102,3.68730901452563,1.6000603090235954,116.97005816287779,-0.07274299830848333,12.9818287671406
-0.03605764167177118,0.006592811525032105,0.017522028191669377,-0.001369439703764429,3.8260452275631343,3.857063306322525,1.5999717505800943,80.91210281888752,0.05436861169302802,12.952825998843318
-0.03604219034526468,0.00658654704655022,0.017513989587882972,-0.0013980994957279872,3.6868259107246653,3.873928483107697,1.600115075788946,98.43503555247963,0.24209281053476242,11.576683937046054
-0.03602081257263902,0.006592439016843751,0.017535666679588564,-0.001391453364666889,3.9499107977312566,3.681620872304808,1.6000316589287151,96.7955921026184,0.32874278210052266,17.714899244233745
-0.035979220606438066,0.006593705044932156,0.017494436833448986,-0.0013767544959862252,3.9261579406431846,3.238868425475004,1.600081064551748,59.425345616763586,-0.25911676417206353,14.667279486577531
-0.03596979370389784,0.0065929262526350126,0.017506384741962845,-0.0013848897507747105,3.5846440139659146,2.81564139650014,1.6000593109182897,54.929049649102566,0.13398644434423176,14.011577374763
-0.036003394267720486,0.006572820184136541,0.017496267298080955,-0.0013855439295761994,3.8490696879014434,3.7031156334361905,1.5999606674634954,97.39395549640719,-0.021895453668063808,11.660386210761361
-0.036002075601266954,0.00659947275664693,0.017518626845001446,-0.0013905272899091502,3.6294537444072823,4.335606248003791,1.5999568604086043,61.83874103302371,0.2787718452917397,12.223286140096311
-0.036008596796241084,0.006589310125454146,0.01753710190998306,-0.0013845574941318934,4.152010862851048,2.539383662771777,1.5999066112170086,90.69828791894919,0.2992230181203843,15.57780101706478
-0.03599773941879021,0.00657642103431696,0.01750966934863023,-0.0014000868906345776,3.964786942624131,2.833700209123292,1.60004236012993,66.66408325948645,0.21043090216368818,16.715251863667135
-0.03601441933028074,0.006585273221955792,0.017511102297607637,-0.0013878714244037673,3.906273088399152,3.3768132041214862,1.5999763627067316,85.78121439422785,0.49038102139893697,15.791522340095646
-0.036026449812786014,0.0065896916747001455,0.0175215531111092,-0.001400268611358782,4.002562530367633,4.154719248735485,1.6000384525832418,55.36210302199932,-0.11128872072851417,10.131955132166
-0.036026037884945336,0.006588805431635593,0.017535395519449336,-0.0013869177024235786,3.9801878344914714,3.6633068234247603,1.6000120370843158,141.7429586496486,-0.11022774314346756,18.235988659957446
-0.03599006213430069,0.006578717574744852,0.017524860385288235,-0.001388115773889965,3.7570688558965313,2.7897047607897347,1.6000039874846124,119.42692243495658,0.43944841888325203,13.261667542712786
-0.035968082004952495,0.006591482349340963,0.017512919465975343,-0.0013938719118156467,4.101927615424992,3.205460306192025,1.6001044418029202,101.45845851177445,-0.0570215544647002,13.098834148405285
-0.036023623490226926,0.0065835726183733605,0.017525805132762008,-0.001382923146714231,3.9902969928802,3.5904426541293963,1.5999538847344925,64.30003268784135,0.20152149918167406,14.017808020282352
-0.03600273091732835,0.0065797334398034375,0.01750954032346799,-0.0013896734357630174,3.975826766688603,3.631349765235303,1.5999546377079883,106.3655485195245,0.4288214596169404,13.683580251986966
-0.03600367635670623,0.006591810329083171,0.017504901925783488,-0.0013855947099759521,3.680684444273755,2.91528006663,1.5998979769823072,72.27567960921702,-0.37247334675895644,14.00994191392245
-0.03606184252484103,0.006585337333433366,0.01752918394312055,-0.001382699611825181,3.862519748413678,3.1595309910753215,1.5999280566603384,108.97825316917952,0.113345927804458,12.519781446143455
-0.03602684051026423,0.006582905823166664,0.017517451829769815,-0.001394109799008851,4.159177921092363,3.398416373796825,1.599996175779183,105.9204479589481,-0.11376882424437015,12.991156730647523
-0.03600742975467987,0.006580609844767868,0.01752057254369997,-0.0013961447727866747,3.823877902709441,4.2483378460760415,1.5998917046756467,95.48922556213473,-0.04868816244996976,11.86748510480533
-0.03603129619186277,0.006585261319988865,0.017528606542491942,-0.0014118954908925278,3.899606804951672,3.559762134639387,1.6000272569464693,81.10158212520477,0.058715213362431795,13.549673721703826
-0.0360382955623776,0.006587416492435782,0.017526469271962816,-0.0013936850936573043,4.0195960646176925,3.4840831774858017,1.5999474297424665,65.79702417264825,0.3909133566289507,12.256650337911653
-0.036040889373652456,0.006591779054780299,0.017522136262245594,-0.0014021004785841028,3.9146086305598704,3.365756656646476,1.6000457549814462,97.9290377123135,0.19629773534536404,8.833262330092872
-0.036013708306076204,0.006591139989891146,0.01751735952352367,-0.0013945650940190607,3.788196681065118,3.406504657978733,1.5999854857358662,98.68390130913082,0.2357940941647228,13.231481700308402
-0.03599147442786082,0.006582095088904137,0.017511044779503604,-0.0013963848275316839,3.8636362955702612,3.121296243811745,1.6000190992666974,111.18139670889376,0.33036190784328645,21.266710046798657
-0.036034133893854785,0.006588563624540639,0.01751453745147486,-0.001398637033412819,3.938944733826945,3.1831216268883136,1.6000370011183178,86.80721555443131,-0.09515057040597244,12.44510944972891
-0.03598829041335233,0.006595882237616349,0.017508394792936793,-0.0013849853747966779,3.728998004040651,3.4583100232665984,1.59998209357671,121.55518021476355,0.34937884544096237,12.680237628188209
-0.036034108725541886,0.00659271051712467,0.017530301779291386,-0.0013960402969886677,3.7259581070158134,3.563473375519023,1.600094481630715,63.56640689282784,0.07371636356053313,17.185378561511477
-0.03598373618390229,0.006583655939305981,0.01750989514340908,-0.0013872195374315009,3.93652002594315,3.4485648463696665,1.5999327076217316,67.33029970125074,0.21130254938120804,15.162810143171278
-0.036021437928986426,0.006569021301955557,0.017510662438259977,-0.001389492560960455,3.6811932530397558,3.7090395091275035,1.5998328036844436,40.19400129632317,0.3848402314100307,10.63261997517623
-0.0360116113708287,0.006585493829085259,0.01751364364539895,-0.001392041315534189,3.8809312932781195,2.626955069498123,1.59995808722363,86.26603769712477,-0.15426861245560158,13.718690813946603
-0.035979869966627956,0.006584046968855998,0.017522617962743764,-0.001403381328753162,3.830006477525779,3.6894255492942363,1.5999126705093574,87.6545671032849,0.10083555817127465,12.156535536049624
-0.03601175661715188,0.006580906749669337,0.01751379345000105,-0.0014039314135374297,3.722717339829309,2.378886419446224,1.6000178571454307,84.33963037210675,0.5512791492009241,14.78188196023785
-0.0359911516989514,0.006590452544473818,0.017520848984946928,-0.0013772695247839565,3.7632568908527633,2.678784661805283,1.6000952605018544,112.14483943245645,0.3160359658546006,13.65881672412339
-0.03600460748772885,0.0065889433854751725,0.01751919739040112,-0.0013892814137746031,3.685018554927952,3.440723712744657,1.6000701004142266,78.94008894617399,0.2673733623572279,12.214012836486084
-0.03598490505790297,0.006573470087441159,0.01751600472339869,-0.0013948162546823617,3.713461432490174,3.07337345387322,1.5999119449927774,88.38838444406473,-0.29276732148958684,9.698807520637365
-0.036019228700028286,0.006587232137908928,0.017510479675271258,-0.0013892167777314261,3.8289364210013646,3.476312630437727,1.6000569570532515,113.0934614600044,-0.4003695081447924,13.102608424177536
-0.03600664264012492,0.006587028584754347,0.017550749603322955,-0.0013920350242142315,4.024708621337311,3.534907976623452,1.6000182937706617,87.59550463096328,0.5910873333850258,9.939956315578588
-0.03598539788441857,0.006580512628950657,0.017516014480842862,-0.0013937257760292343,4.056142908006414,2.978446762029545,1.5999704963122916,95.1247730586512,0.5650537668477289,13.250191177163774
-0.03601572374654581,0.006591125204136627,0.017517954136909743,-0.0013858904084763167,4.052111140078541,3.655897976676281,1.6000691447184403,102.76734223639708,0.33394911366596924,13.961500784695676
-0.0359766246952201,0.00658018788720557,0.017524003013371772,-0.0013991026283588898,4.08246870866825,3.2222205634229786,1.6000290012471363,66.66773091709746,-0.09966668372868326,9.23773799357571
-0.03603210859604575,0.00658973638682438,0.017522771668698745,-0.0013799721425462068,3.906829648133158,3.162895069359127,1.5999646209284633,72.61011674791578,0.26374055233141436,12.393153233087837
-0.03599366220130003,0.006588129774247663,0.017510861741086486,-0.0013826270545803747,3.6139482375932905,3.675533863812348,1.6000007906332763,84.58338290422205,-0.4508515995814362,16.082037690343327
-0.03600412460490749,0.006589057016351959,0.01751772152498146,-0.0013904367809485132,3.6818710193325046,3.0825432356224907,1.6000966208182668,123.88480021623438,0.4913015826841225,15.072271271213355
-0.03603656861364517,0.006592863587819683,0.017500475948110328,-0.0014012560666985204,4.0397901505427525,3.3603115618718085,1.5999961913541094,89.70035841892168,0.007268423834308063,14.83915208736035
-0.036065350759553985,0.006592926384524838,0.017526904430725108,-0.0013851655354228112,3.788111559265249,2.994469633540497,1.5999951064067752,81.10154187561923,0.26146088053165994,16.45573319378306
-0.03599122367497182,0.0065913071146734255,0.017534009574280654,-0.001370856102831942,3.908314672186708,3.143607782553053,1.600070182225746,78.36048674808913,0.2579738001909728,14.514381034618607
-0.03599880093497365,0.006587777962422126,0.01751787441602925,-0.0014029583185014402,3.8459622257014257,3.3355916550736984,1.600076400716612,91.10143167745798,0.020062422032889438,13.123176577439308
-0.03597446580498505,0.006583020677175495,0.017508384183973574,-0.001409860099871186,3.53001322519577,2.732235200519424,1.600003669184382,119.37694555832881,0.22087977683793933,18.26975524323672
-0.03601348827735029,0.006582361152600307,0.017498347459414844,-0.0013954098248599792,1.9764068414425793,3.355208609641294,1.5889429082825108,81.44842929277496,0.4443906036490931,14.422757186012895
-0.03601749631007893,0.006594134372155287,0.017512617657209947,-0.0014070513780848255,2.2344413516822534,2.400829205270734,1.5378335169888742,109.0654519504698,0.19962349662246048,17.05559807951013
-0.03602970178137803,0.006583044448259195,0.01751735683566347,-0.001388401102130542,2.2071759122910395,2.755853790934189,1.5558826067619793,108.82615360663817,0.32442459743830065,18.220352523481377
-0.036024042329892696,0.006578677425755981,0.017507927663325155,-0.0013963636625765662,0.2961683383334177,3.146198453652556,1.5937679280105772,80.30555705761056,0.0935445882264597,12.520644920835052
-0.03603482925263383,0.006581237980660322,0.017527137344105374,-0.0013789148262961354,-1.4198605295385636,3.237407152703879,1.6206881382335983,75.70408521928937,-0.4718298491964161,15.632029373841759
-0.03600733892510084,0.006598901812564274,0.017533354374523327,-0.0013874034702920407,1.7014960005685031,3.2683031833685696,1.5912635867036689,73.67046540215787,0.13291208747905933,14.588097114158865
-0.03604294253789951,0.006581822349105905,0.01752668387693587,-0.0013936926811460924,1.6700099484552282,2.7869162131609997,1.5693980372287961,98.05215320147714,0.05003990053941654,15.329191718284887
-0.036032322169656975,0.006580081079921372,0.017521103474470587,-0.001379858547429487,0.31701636175340897,3.0604148999726783,1.6922269222941326,119.80492378124278,0.10185846081136399,15.401290679689891
-0.03599589657240232,0.006595475206770897,0.017500041008432356,-0.001389020732678596,-0.16462303870852324,3.4413502074082643,1.6185958233555773,66.94984473781864,0.13013672009351193,14.746611476869294
-0.03595378145516798,0.006581331463070378,0.017531452949859232,-0.0013847445840182296,-0.13459035538427977,2.9091297150164994,1.591264950969262,84.44066348501173,0.20627551791409907,15.241488745378204
-0.035976425125975,0.006579759568931611,0.017514297561249684,-0.0013967445534046863,-1.2510224898528866,2.8765168729799813,1.5991253429278962,88.71724598981648,0.008517603954452363,21.45333518408666
-0.03598154512021387,0.006585063541850062,0.017497285317745217,-0.0014066540099103568,2.21649876289669,3.2914007184286347,1.5799827790642078,112.62045772395733,0.45289726666468516,17.571613857711302
-0.03600978814520858,0.006579130921214574,0.017514095824412757,-0.0013896436955462975,1.2659351511199275,3.1950339911769956,1.5619823243057338,99.69030841844987,0.07128483777626964,14.332661892388785
-0.03604740276912063,0.006581704489388216,0.017505339249217444,-0.0013690167682808608,1.5298477195428155,2.5678353755837144,1.5365076517082772,61.860759672306465,-0.1992857860662876,18.981370377631066
-0.03597678877536438,0.0065879293547242875,0.017503982996376306,-0.001393224263553901,1.4853344552387795,2.770418258840106,1.5749821805598891,98.07817985936018,-0.19489941963174667,16.80295168758778
-0.03602196029216549,0.006585213984996941,0.01750758734462578,-0.0013807895941760511,4.500631522365533,3.492281841951978,1.5451961098816853,91.83657465364065,-0.08469755258529299,16.569893586254157
-0.036016557350076375,0.006585955819393225,0.01752583265556247,-0.0013902590013482054,1.4618703049949575,3.399925469197872,1.5865539019859378,120.79511729987192,-0.04804919041905703,14.364747036961486
-0.03598134717096829,0.00658602479309847,0.017525902852922635,-0.001383815089457824,-0.9841320973182239,2.468134489334655,1.5931424334854734,81.06501970991246,0.517119717159913,14.59047195528777
-0.036044312243411036,0.006578876136262799,0.017521109021896762,-0.0013925455678083746,3.2445383727405055,2.6654437252753143,1.5737140644872856,33.16810271944904,0.02060173159518755,17.34780056615147
-0.036004433381581144,0.006595562541153851,0.017516698653953014,-0.0013840096735265026,1.6705329299158274,2.7885335638772903,1.5292868607237171,92.08406591938336,0.19022771267448305,16.593111313674214
-0.03601280497929894,0.0065870829857700795,0.017522829454290168,-0.0013747800270659779,1.6452510564946148,3.254860370985976,1.5951403684902314,113.11873505260586,0.006608740028438559,16.071812825882954
-0.035968475632760025,0.006586197586520193,0.017530214095216923,-0.0013918606022798095,2.3335312870913203,3.5455330101246036,1.60863508190304,100.57865400145664,0.3379816790565292,13.8094617634909
-0.03601697890969635,0.006590662152137357,0.017513973073368886,-0.001378742014194118,0.8667049889378408,2.7872143753716307,1.5790381343425504,118.8757631750729,-0.04505914289237972,20.10825194310324
-0.03599644815293782,0.006570957299670048,0.01750558176759592,-0.0013897477596021743,0.3508812170397697,3.1248140336888355,1.5369567659308696,124.18761134342783,-0.49645048812532205,14.605555152457994
-0.03601456451787134,0.006587737550459952,0.017526088499552697,-0.001389756905301916,0.26511526228137416,3.235927083049765,1.558929545576354,88.94436685556447,0.2864959891315131,14.300618506997914
-0.03602962376838502,0.006598242276133572,0.017532316465541764,-0.001385214701299475,0.6891382940162496,3.0255470123400063,1.5842385021600707,109.05129700705923,0.30212485304646586,15.81768972791044
-0.03599202092481814,0.006586515581728175,0.017516892887979047,-0.001379891180887615,-0.161577245200466,2.65777736789071,1.6240710263906508,72.65122287340566,0.26865659216861554,17.522700809654317
-0.036006903231512566,0.00659537543327717,0.017509533270858774,-0.001386624374583486,5.07314093023454,3.0870085404175294,1.556565441876385,118.80172324392399,0.2548461754019064,9.619720052956035
-0.036004835995990594,0.006592940979744789,0.01752439011307405,-0.001399013955744599,2.583135854189417,3.454934147252679,1.5570888294650644,86.17971756450002,0.38474157181685437,18.263980285792826
-0.036008870954682595,0.006581237927133138,0.017516634904832226,-0.0013917188971849638,1.6670229114652226,2.3393555097689487,1.6159665052091108,104.05083871248384,0.0683339761829073,18.29814748789572
-0.036014527504756165,0.006589552674064993,0.01749785685314144,-0.001393436883780642,1.8924636427610195,3.2217864270151813,1.5779881487779934,101.91029689594038,0.07762498436937104,12.682337664748562
-0.0359746067054583,0.006590862140111119,0.017504715785718862,-0.0013902532763569533,-0.084210268454042,2.5489295835659114,1.611522381665211,90.77921225736401,0.27422741400861195,15.615008627680755
-0.03602427589743727,0.0065825965396388965,0.01751932218265715,-0.0013765415439281367,-1.4710045793862538,2.8452184604509436,1.577669427844795,76.17059931827617,0.7192840966307847,15.020617139786971
-0.036048234589225805,0.006592909709234559,0.017520168227108057,-0.001400048904896399,2.1568106080042035,3.1041730642142964,1.6197944574496659,93.15093093800677,-0.17469821114082962,12.149638313901761
-0.03602762610129288,0.006587443477496789,0.017499315556563474,-0.0013897230469723048,-0.9320035316641713,3.1400905408708835,1.6059002784454994,119.18323676908315,0.9904936146058205,16.153614008461574
-0.035991895454016355,0.006587961757987726,0.017521339159981192,-0.0013886666700737742,0.8250166449315619,3.544656183718761,1.5938178347145688,98.12591799758557,0.37653039691081164,15.463838910952704
-0.03598847520418963,0.006579247510124847,0.017533627060011023,-0.0013808846141550614,1.9582796090833514,3.48991655739762,1.5587073504660434,112.51998015934132,0.13850274759198103,11.439992752464347
-0.036027509108029876,0.0065852342825635235,0.017525546219452844,-0.0013872473087452569,-0.8843972888558809,3.0653898880302464,1.5747509141664873,74.9716881780899,0.2416816844086377,12.496198962115297
-0.03600063141386728,0.006592321808942844,0.017520235957489555,-0.0013822983134399417,0.25069029058118386,2.443310737568856,1.546534161196413,97.80631017360795,-0.011095664063542093,16.537345376039163
-0.0360326907811807,0.006591444000657452,0.017528864656561543,-0.0013857615206396788,1.4412532051595779,1.9527364896921275,1.6051701222982306,67.58018168173012,0.057482757982846786,17.28851154821735
-0.0360057860431966,0.006581548068301772,0.017515536122243356,-0.001383767102066478,1.8166222039093713,3.1287154519874036,1.5571051501183486,84.30569115043332,0.35371071365947454,10.611057676639916
-0.03600653013740311,0.006590989835672702,0.017495687893014762,-0.0014007101717792814,1.7647445703503593,3.0994889389699125,1.574724554319769,58.535821454168676,-0.08361409398622671,13.474976496149479
-0.03596998597365271,0.0065925618567381425,0.017519356873857066,-0.0013862381805444812,1.5074792218119146,2.9277229435668257,1.519195213758028,64.5840544706218,0.09041926571298045,11.329849399609056
-0.036016498885636086,0.006595323722121987,0.017506920240849367,-0.0013805657255769742,2.7026294705692315,3.424743702519668,1.5779691533438378,77.68651007893547,0.18665870346039407,9.90083766118887
-0.03600026074805893,0.006594947818012498,0.017515203743873227,-0.0013805437474212188,1.8053924033230517,3.195383595803744,1.586789936863635,72.04655316459073,0.45328203670779815,15.389766212683716
-0.0360133319036154,0.0065852423936255955,0.01751400705521263,-0.0013851947166321709,1.683066519683853,2.9104505645483623,1.5993659751186466,81.6822952256261,0.056238573881020854,16.758209477201063
-0.03596198390482171,0.006580579518370017,0.017513860036441842,-0.0013877902151639952,1.777384655128052,2.9050504303295606,1.5165360878253658,83.18001002003527,0.08127068481115077,13.515122704098149
-0.036019120292519365,0.006578008666756039,0.0175190160486732,-0.0013869581411978357,2.461302186302913,3.345099267490486,1.5318771356197984,123.73972027732715,0.2934228005476679,17.85704087947503
-0.03600126426235295,0.006585273161496193,0.017507032172060618,-0.001395707185674351,2.2563752484451594,3.1007576817607507,1.5547338415299223,88.08388488818734,-0.15302140059760816,14.111413237827552
-0.036011558482525255,0.006590967714790032,0.017509823893977504,-0.0014105780231996798,0.9271596011808125,3.2628107914763245,1.6138129991002734,105.94618993535057,0.10244162484231711,13.4707032465037
-0.036034010947233686,0.006593770460173096,0.017507987798680714,-0.0013814861553745486,-3.1142452611875604,3.088097568362307,1.6521720509229505,76.52139194809992,0.15448397133070463,16.03685396579664
-0.03597685708795128,0.006587725578926204,0.0175310890471098,-0.0013719964335768484,0.3405969845837964,3.063169560331052,1.5740835885976154,88.22631036045101,0.2530604259731316,17.463656474777224
-0.03598533164059644,0.006590304881936522,0.01752214830561068,-0.001399354128643317,1.4160983618222782,3.0753114588341766,1.575166277009151,89.8130926336455,0.1224138051937187,12.125905729588863
-0.03602446933235593,0.006580129822879927,0.017514470471008053,-0.0013838495933713307,2.37630159381526,3.1973117941959104,1.6554353271211184,91.40299228717193,0.11325556381881208,9.806086723879005
-0.036007996358104234,0.0065932433277826295,0.017506873347741526,-0.0014006621821892819,-0.0641717214148787,2.7472910201558824,1.6102453512494737,76.56799586433631,0.40184894381376424,14.260271956207102
-0.035998212798467356,0.006594030780091885,0.017509893506875467,-0.0013812488627827537,-1.2988931927549996,2.49731465596005,1.5896232638591536,61.52027461426568,0.0835238795763571,15.136150212736403
-0.03597019626595316,0.006579481860788144,0.017500986764447585,-0.0013811605648215773,1.124812782197656,2.5932499415068238,1.6193023477751936,82.4864747299072,0.2041139679400948,13.24368732747743
-0.03601616226367567,0.006588514996131631,0.017520826132099692,-0.0013726870545334585,3.2308461225021023,3.0139370203094233,1.549184432073514,93.2109243307931,-0.017959980294309064,15.0701781830597
-0.03597487277753991,0.006568457530661043,0.01750935386357582,-0.0013956624069202928,0.07869945304713166,3.378670135025531,1.5827839808427075,64.40504163306232,0.21544147980861794,15.733947619205573
-0.03599500056726621,0.0065862777758978145,0.017517698277316168,-0.0013871080890673338,0.4867802320538481,3.326997275673319,1.5524851903861354,75.26029654617889,-0.3977169654095914,11.30016622082961
-0.03598664934497833,0.00658175637935041,0.01751869406318163,-0.0013921647265029958,2.0125600346606176,3.3080338142502805,1.6128215453320338,133.51356584492402,0.08115188325690677,13.611583381533086
-0.036026814313737034,0.006585389725593142,0.01751405003644003,-0.0013888908447736228,1.235910852032082,2.560090231314468,1.5386038416857424,84.76791905189884,0.3569000759234398,15.254762114916579
-0.035988043541966386,0.006584353578594097,0.017536860952601558,-0.001405655524032188,1.6039169211509743,3.422028221364584,1.6193648933798435,126.07983927925784,0.30354582537523295,10.795405721766912
-0.035967602905561766,0.00657119689589247,0.01751942883765175,-0.0013978413920057234,0.8831267902451809,3.9666039743206607,1.556260218930625,75.21044168450675,0.24759604473933577,9.880903242758297
-0.03598653253484233,0.006592586043349548,0.017515194352671407,-0.0013952144403529634,1.55628843078143,3.0462962261903126,1.6023468225748192,95.22591904595025,0.23619170666617195,14.708511119133213
-0.035977721883424185,0.006588635727127122,0.01754181961558585,-0.0014022674060624974,2.764617560211314,3.3677529432614746,1.5800963135850954,81.8579635510078,0.49479457790640874,11.718551516001266
-0.03602345103398697,0.006582374458649596,0.017514344237800766,-0.0013867601405383506,2.168346464165226,3.223104072090674,1.5923109867815257,131.9682212725114,-0.0382098233741584,16.432393810861097
-0.03598613181459117,0.006583010483161867,0.017508122385411422,-0.0013884568230705793,1.3070077659244501,2.9791467928952717,1.5670124739778823,85.45963160356408,0.3904092070488371,16.433843349769084
-0.036037125530517265,0.006581998967861707,0.01751950307658666,-0.001386050188752178,1.8654413422177256,2.758099701887704,1.5840469505234063,72.26190753760615,0.4452254886375891,14.645369848884197
-0.035984047345129035,0.0065994556761398305,0.01751527182744086,-0.0014136765730067716,-1.280602935259692,2.582741306027927,1.6239822122525334,107.17062830597047,0.19382266453713154,16.674579496339163
-0.03602692507742085,0.006590334287501157,0.01753513119840485,-0.0013829772684366365,2.4300004499650925,3.4863447265673564,1.5143090854352175,95.69239689159339,0.13124714890033473,13.261178886891505
-0.03600226958447694,0.006578056651242395,0.01751135355467938,-0.00138930501630854,-0.22518924299644683,3.219330487409924,1.5959835258797828,105.97033420282588,0.23104482608523794,19.77828059762106
-0.03599922370473489,0.006591826084964451,0.01753490401050522,-0.0013943461371212543,0.3085004584486146,3.093982339107349,1.582436383020711,106.7913627427718,-0.08481400098312139,12.255206215820493
-0.03600956318887945,0.006581506898360089,0.01750586638526565,-0.0013973993888069074,2.187077509341185,3.428716406896024,1.5600222169437383,123.4606514968805,0.29644787507573456,14.4258918100612
-0.035997657918732565,0.006593477352984951,0.017512290030700272,-0.0013784502562884412,1.7668177464624875,3.4094448725366786,1.6030171785473462,109.43209020358358,0.19999942631390555,12.07630211098041
-0.03601272289530814,0.006579521485141874,0.017508130790943734,-0.0013975688338456892,1.1672254894683673,4.092326937029819,1.5584834642122136,79.7912536256509,0.511658306443227,14.564003369853339
-0.0360519907163577,0.006601894071232076,0.017510118610836293,-0.0013886347427716165,0.5609575985119819,3.5189793372480813,1.5293667574111063,100.9484896117664,0.08978714945226962,14.784686189740635
-0.036006653732727885,0.006582953652424032,0.017521005656699732,-0.001380861092896876,0.8988128935664828,3.0493996611222323,1.5672494187157255,112.52131830963205,0.3035596282741413,13.09148931650731
-0.03603989163109157,0.0065806447916127745,0.017515364808600404,-0.0013804886916137036,1.22568470637333,2.7248311989829985,1.5702178151204895,50.32951124658087,-0.20170296168400775,18.145904471959604
-0.036013013079947434,0.0065891248322633884,0.017517030298632014,-0.0013903012708319025,0.8783192450658384,3.232667058549789,1.6182701020968444,83.87896547022929,0.23497879044279923,12.55883639017931
-0.03599276777263848,0.006590647689883444,0.01752357671734075,-0.0013977505986834471,0.38931881454387174,3.5151601329148985,1.6064487487125436,106.63133350903047,0.13289366374951772,16.34266537056564
-0.03602369177994408,0.006593520767762684,0.017494736807939497,-0.0013847713003385833,1.4944624935445994,2.3754549375682283,1.56317611653914,83.18958363050301,-0.14655156289510557,9.013894777698171
-0.036030981073640396,0.006590351078689799,0.01751031728080795,-0.0013893458238357407,-0.013647358908676965,3.5149352827671483,1.5418965880759872,119.20829648216349,0.054162841592454436,14.52873150845807
-0.03599143756280293,0.00659309424581508,0.017512004320769353,-0.0013921615019204124,0.05031069466038596,2.655748009483073,1.5771559608292436,111.36851932700061,0.06152197989634263,15.369263558545773
-0.036047687629128786,0.006592926866492384,0.01750663206284611,-0.00139154516474388,1.9948833161038986,3.111984965203732,1.6113228445327705,76.18268916039594,0.5341287267332431,19.915230975287578
-0.03601307227475698,0.006592119421963603,0.01751634017593769,-0.0013978114588391213,3.093671324103802,3.185427734383152,1.5095437350888474,83.23617097336037,0.18268293116107354,10.287635074774443
-0.03601186330531103,0.006589727787416577,0.017513872355985307,-0.0013873294241022655,-2.2940847165235705,2.7664857474865676,1.6140018307150745,90.3403325753847,0.30280522112337543,18.106402574665843
-0.03600855702472672,0.006589501740446472,0.017510202463235224,-0.0014109879158836882,-0.14202804727044782,3.1804205978321196,1.6066271271816526,84.44743794164658,0.1954207865182287,15.3125151375766
-0.03600950901727469,0.006594691962346996,0.017527714725888054,-0.001387800569408861,1.8245909144487746,3.284301243062472,1.5330521676983708,97.06647521467472,0.107761575022135,13.695138953235203
-0.03600633816161833,0.006579321895949579,0.0174960604605948,-0.001391076153974011,3.5447969403547672,2.5414836280250475,1.5316665201014805,76.24177165058866,0.23114901682410863,17.798661573769657
-0.03597002307041654,0.0065859887121871245,0.017496834370477395,-0.0013804043293449662,1.4264679998411878,3.570515568881038,1.6085849788388107,120.96860710397284,0.2447830620545338,16.16174658238627
-0.03601291454218402,0.006590578439295497,0.017533700931078592,-0.0013779917805030206,-1.7525935692461942,2.7392721646092504,1.6300667689852035,103.54709582000397,0.20809869667403685,18.09390700111096
-0.03600908798032343,0.006590104710608283,0.017526900719656274,-0.0013848342657222842,3.291016575083143,2.927722417964055,1.5538337898376915,86.48459926171435,0.21215682899456773,13.492502340548096
-0.03603590594515109,0.0065879869131042785,0.017521976640266765,-0.0013881945435549093,-0.8960361391991634,2.888746225056374,1.6378587989730462,82.11500717848799,0.42408251505864863,14.159244335257288
-0.03598995529340672,0.006586798096311283,0.017501382842676584,-0.0013764106910184764,2.3650551232677546,3.617994421508686,1.5336108441571454,98.65595904145617,0.32764898190606484,14.241249650425488
-0.035980906952620066,0.006587895888235816,0.017531565509894778,-0.0013778538381524512,0.6514799305368741,3.9817149024608645,1.6520922454214155,131.53507051416466,0.3368121806828316,16.502428467352377
-0.03601806466822482,0.006601440504579637,0.01753435391238436,-0.0013830822681400018,-1.601842475828072,3.3171906505062205,1.6208581569987666,99.30174214428008,-0.11891433906991594,14.609182821330498
-0.036005743493435875,0.006583906384746744,0.017527573978569404,-0.0013886790752748604,1.7019361406235485,2.968662099637659,1.5888428011568225,110.6449799248521,0.4623124613939723,20.0239625108408
-0.03599703638747595,0.0065771874885516635,0.017498334535492065,-0.0013872276803641526,0.9933652320324037,2.1150437597549523,1.6074400212419093,79.83044735611097,0.21147781853838477,16.791000684086796
-0.03599178535253533,0.00658717557858032,0.017536788784028555,-0.0013759712205483883,1.202226591229777,3.452749721396836,1.5988314654309355,89.04341955480318,0.2829121082967465,10.09889447355155
-0.03600135995110573,0.006581046929783762,0.017515539251604095,-0.0013889183031689707,-0.2915749667857823,2.9697868375355863,1.6266186803176779,81.74753343317599,-0.13378977018167204,15.387261338947564
-0.035965467119881245,0.006578433756377534,0.017518560223141497,-0.0013879248101345376,2.683425670568788,3.4569221228739666,1.5918674090469824,69.93431007799941,-0.1408268565090729,9.563123323275146
-0.036028568023354066,0.0065917435600046596,0.017522982935928463,-0.0013866539665107452,3.76594396930607,2.7509431817350847,1.5733336908076312,91.56026520460452,0.3559869036140243,13.633263669693754
-0.03599384055169781,0.0065806316816868545,0.01751232593098713,-0.001374132809314062,1.586270131479663,3.550927316228502,1.6374588873386418,128.99750377489795,0.323875940166367,19.265777066804564
-0.036026597015344164,0.0065917419725054615,0.01753395356430265,-0.0013788830102110412,1.8726702140852463,2.8309421588164616,1.5573792319941582,71.38529078121671,0.614664910476117,13.506377653312285
-0.03599628606751669,0.006579494651980345,0.01750684933311866,-0.0013928051859387561,1.9946703146612337,3.2227338958816927,1.625196194245726,76.03621717099222,-0.1722222872252528,17.95951402896405
-0.0360566006115804,0.006600688959689962,0.017515491932529693,-0.0013930468711473875,1.2045538092535917,3.412836755317687,1.5891034385404172,103.65652569962072,0.24646950058952197,12.704268177385408
-0.03603741565558125,0.00659116034339712,0.017527548124051467,-0.0013836584659012506,1.8503175915959862,2.8802872427604447,1.5687825124600527,56.46660728191421,-0.06461206810119743,12.184129045236155
-0.036050995152095464,0.00658342687909079,0.0175372763135562,-0.001383616449036255,3.5058694073145524,2.710241862626142,1.5313199523078505,76.35551885871492,-0.1675936603956505,15.371231134639082
-0.03601297733461493,0.006585399050952931,0.017503422949883878,-0.0013883603538428848,1.3000709804561985,2.5508920623615348,1.5691059944427865,62.75265897895011,0.29506205718915846,15.063459712437696
-0.03603421959694401,0.006591740362875505,0.0175491055506334,-0.0013815550728978714,0.6916165942459431,3.955430559806587,1.5678096644949933,89.57146886479036,0.543167488718663,10.376342261185895
-0.035995247741821036,0.00659351730593293,0.017518139018784237,-0.00137283357682503,3.189337467066604,2.953685400451437,1.5318437429799736,98.19776078871298,0.21155325198448763,16.504786319136507
-0.03600415909032405,0.006570597356345672,0.0175171101287275,-0.0013821185275685842,-1.9319654119406802,2.9556654518661523,1.5773882789664517,89.94802195295554,-0.10480105956350302,16.53842890542616
-0.036001398166435467,0.006589579673733038,0.01750686442032538,-0.001395274004162941,3.84661786487154,3.1129243060676215,1.5198801748449347,97.69652361224277,0.013538190784940146,16.73853256093448
-0.035974231875296164,0.006589519580135999,0.017511699625636954,-0.0013925814026433338,1.2530228031476602,3.808791607582197,1.5926115940315586,136.22376512900715,0.5717380374589696,17.00286572409548
-0.0360093814935857,0.0065929632264395115,0.017498202594810462,-0.0013836613447488673,-0.13525271965910646,2.659343577422582,1.6277049870290063,85.3985438121095,0.25464141400689544,20.35379586565821
-0.03598933859520381,0.006593469753063054,0.0175216219092434,-0.001392226475930926,1.9198052389471307,2.878063111455084,1.6242400781391033,92.38331801960686,0.15894728332594862,13.056422460677869
-0.03601810289347839,0.006597452683855859,0.017526266237775142,-0.0013778617007873233,0.5317842326571196,3.2449481660844666,1.5390854453155576,101.17151666473686,-0.3902676174169018,18.363018120133464
-0.036004510439635616,0.006583731512637506,0.017509965741381646,-0.0013984303045355704,0.8089462883355558,2.5195386982518357,1.5666337074385013,91.40155111687754,-0.42027810405590066,16.182725264261876
-0.03599543322336286,0.0065806071415105884,0.017512562097561767,-0.001389071112462247,0.10369307361277302,3.8345624117915573,1.629712447792171,98.25156437652944,0.37177322501278115,15.386205955282481
-0.03600048538152871,0.006582127590792066,0.017511851437714405,-0.0013781456234332307,1.7443548850674868,1.8889765088276784,1.5261010164998867,81.21157031987966,-0.14931162201968534,15.00536581246953
-0.03601274459765484,0.006585573467290397,0.017502454836895512,-0.001385680064955956,3.1384660161225844,3.163316783430885,1.6011281185929993,99.92096656553218,-0.08976213798155472,13.266214199630582
-0.03602151868065353,0.006581952882205677,0.01752149418100917,-0.0013929452547460919,-1.2318279820477889,2.919743297193887,1.6871103654034416,88.05015050627087,0.32782705104837995,13.864180401584775
-0.03601329786907902,0.0065847041491945,0.017517002894702337,-0.0013865688831714942,1.6139078849535742,2.8169751780181564,1.6068670253836186,97.07401334457303,0.4404051335308333,13.051087273124024
-0.0359931722551154,0.006578988238088435,0.017522018607454067,-0.0013854505878778233,2.7279416508797754,2.4864625659677713,1.5672985841712812,73.91442997094548,0.041686696361752,13.227137583454626
-0.036014664162501576,0.006581475501490144,0.01751612310730055,-0.0013929553626542013,2.5084327282108436,2.914817626146405,1.5212555952518347,80.14311240834127,0.24620476593627308,17.493850152204853
-0.035975652319433865,0.006585850165321177,0.01750836400637101,-0.001378341383832127,0.9803015469559998,2.698665694415569,1.5948529971249386,121.29372121108716,0.27807215179063194,15.371327070676978
-0.036030100219143275,0.006588464026286769,0.017511711404228497,-0.001375029491397911,0.549607060928947,3.367222632683911,1.5840744797727286,111.07032775246302,0.18972713790491708,12.516282537430179
-0.035996616979440954,0.00658462395049615,0.01753043232673723,-0.001375910171944537,0.6234376101802386,3.182706296531714,1.5437587816114158,126.11616019413134,0.10026471226121272,12.34170119550987
-0.03603419620282415,0.006595063184085534,0.017518256089542897,-0.0013846613331122415,0.7315523257796879,3.162976912388454,1.5646482616739819,112.50659719823253,-0.09532132008273403,12.8487015931268
-0.03601790879828209,0.006582646082763884,0.017515722458258675,-0.0013750063861524941,0.6111101075016383,3.266852031312374,1.5836529610104155,77.01738912616695,0.3908335648372676,14.106555374276875
-0.035965498129420403,0.006578621896206648,0.01752231189838547,-0.001383612735151204,-0.16686843750829983,2.42974002331884,1.6292988450475197,78.3645955423561,-0.10026737411868353,16.50804896870431
-0.03602483424900157,0.006590086350090682,0.01752287134139951,-0.0013806818474016605,3.019699394079631,2.7065188373614033,1.5498795016902804,97.516534979996,0.03226742530552491,11.954122536434257
-0.03597955991074171,0.006580410071404438,0.017505373540953932,-0.001392517684490511,2.342484831767153,3.149400830478001,1.495174170969613,88.2053308932045,0.13940122196809046,14.487497602990015
-0.035985220759648565,0.0065870884364536385,0.017510134166303537,-0.0013910339142227089,1.2222923223710296,2.7002485556540483,1.5762930232930263,83.48181012818706,-0.112006170721347,17.514949981201404
-0.03601544413241277,0.006585474519090062,0.017518427665566577,-0.0013758016435116932,1.134859553700292,2.9492536882621403,1.5782920633143205,87.76446171394387,0.23062995090738972,7.9454647876137825
-0.03598411929974615,0.006588621245239024,0.017519162161726685,-0.0014002515250929484,-2.239368320888811,2.4665697847060497,1.5918955249381934,100.04296357099919,0.08487718214009476,16.637608898788812
-0.03601402139759082,0.006598027549108746,0.01752336956032548,-0.0013971510117952702,-0.3400533518847557,3.4385580181951982,1.5554921841484384,72.8412538645276,-0.20459913965003707,19.18282973087308
-0.03596511597590177,0.006592223092729515,0.017522388829141936,-0.001376456502210281,-0.6521125225561919,2.911248861842807,1.5768324730616063,63.59755578120688,0.23004335882755056,9.677288722571042
-0.03595529497644287,0.006578193896503613,0.017533647401256663,-0.001380866817595032,-0.8895849612940814,3.070315709376271,1.6254585111957862,99.26534054903708,-0.17301529867775312,15.381910071059112
-0.0360149259257756,0.006581800953870806,0.017511282227345763,-0.0013924486906459154,1.3450109988684655,3.2995436135588494,1.608847148725457,66.50620304369886,-0.10337826071973777,12.897125115358023
-0.036050683163761914,0.0065842682488269815,0.017511244842189643,-0.0013834526884450211,2.183340085456857,2.694306340066425,1.5286187271435208,99.38381831845997,0.219192240484396,16.90985694147201
-0.03599557630609305,0.006581513776785417,0.017515866639749515,-0.0013734919634366487,-0.10043285825186188,2.844777824747305,1.5916247679583693,89.2434779227652,0.3351635431841844,14.588995596411056
-0.036003375718080544,0.0065880479058829464,0.01751372542062088,-0.0013757701376951692,1.1496738585417448,2.803507574684971,1.575799524153084,80.1505210655981,0.04644538390098052,12.545395765022068
-0.03599047854559498,0.006589718858312853,0.01751443640629797,-0.0013999002955486094,0.6544689229029872,3.0134894858128916,1.6026083912226583,93.59459212259507,0.3985458787801141,15.289051458614654
-0.03603234299495729,0.006579247617695985,0.01751116057745248,-0.001392221072911169,2.1357639392018046,3.1223671914933133,1.5322937962009882,98.74749164537295,0.06627389371153516,13.677105855684882
-0.03599275876484758,0.0065899347516437945,0.017495433731716078,-0.0013776887674559599,2.4925473811727312,3.26974067564848,1.5878385046119505,92.7986205466509,0.16510280772286168,14.557446571014532
-0.03600993774318896,0.006576712362827055,0.01753146902287367,-0.0013868446669702402,0.5061883330494996,2.6941341713887583,1.6257252584952806,106.33944596372446,0.20217366985981897,15.221451186646023
-0.036030531975462056,0.006577032659078217,0.01751743303712436,-0.0013930969662722702,0.6787585911063523,2.443766273949781,1.6117846354106595,120.7759114320409,0.0412360626892585,16.737820633019467
-0.035978781331926266,0.006590598078008972,0.01750201078430194,-0.0013835105428345474,3.5523676352627445,2.841653372423962,1.5383094953413905,85.08927320062871,0.2942656390430967,12.803043226026801
-0.035994986815035074,0.006589747553974237,0.01751905325309751,-0.0013890690997420806,2.6049633304418345,3.3208534597591606,1.573458519022245,89.76420685815955,0.45438166034630145,15.745463103675041
-0.03602951497985576,0.006593226700624849,0.017508067699136227,-0.001375981933378094,1.2049375881003312,2.1574493385907223,1.5802836061465122,75.00583096111583,-0.05489404760146721,17.42653182999016
-0.03599708395672385,0.0065842341300966995,0.017528453951533032,-0.0013754466693136395,0.6263917894932123,3.632809437052853,1.5690480163101346,83.997951803356,-0.06887582916171192,17.580359491558447
-0.03605777089773397,0.0065875311357764775,0.01751776734613925,-0.0013967275722394936,4.669796881366501,2.7747907859275216,1.5233354311847702,87.84363779100615,-0.0203461499379389,17.97614603138795
-0.03602994590983348,0.006581133669380521,0.01751704077143557,-0.0014018319707044201,-0.0745561338613503,3.1456520765188345,1.57806631763016,52.5295065661372,0.09526620846816566,13.4587262548486
-0.0360433458514353,0.0065928148878243095,0.01751851363404538,-0.001398144565775443,0.890821261942424,4.018553461966748,1.6095749695141137,129.1181290786771,0.28462443361061496,14.197805000535913
-0.03599880706464481,0.0065873055787049346,0.01751389345942333,-0.0013790634213611366,0.15870893732330926,2.7513164178460037,1.5600314540526625,93.00083088594126,0.5808207449150771,17.100407510878842
-0.036005502519416456,0.006591632879553589,0.01752277129197409,-0.0013980281171960742,-0.9011571836969705,2.9520987957999654,1.6294319218209954,94.91892853237526,0.11070718651567674,20.33271288599383
-0.03595998514057663,0.006578365909230009,0.017512031917902116,-0.0013787579058546105,2.6738186414448526,3.3906367909625628,1.5830336020333227,129.16842556998427,0.21381446678524646,13.103295751257424
-0.035973978738481446,0.0065730625175644064,0.01751116315262545,-0.0013955665775572303,3.952650151923153,2.917389256506359,1.5834013639409639,87.37790432913026,-0.1297644424820923,11.9467521115706
-0.03601745638479621,0.006582640851009671,0.017491425945437254,-0.0013861088923743216,1.2073180035601254,2.753203271406831,1.5739165784769469,77.07995813711455,0.1140079548618735,12.784402791805318
-0.035988586028494765,0.006591573499865079,0.017506644583033845,-0.00137878535253225,4.453978188701505,3.2698360280951126,1.4710554839563972,78.26199481551176,-0.2687998662101015,15.516651560672749
-0.03601910246553572,0.006584428009504428,0.01751852746159981,-0.001380109518407874,1.045984498920026,3.3859786302757424,1.563056473307332,113.68726484498781,0.05435610435476984,13.18302548100513
-0.036044310087350484,0.006592214631281432,0.017517503621719638,-0.0013986416692931447,3.1310460277248966,4.008102278141301,1.520260982966317,75.69824923114308,-0.09047061148491828,15.295820430893253
-0.036011996839110966,0.006589042583288886,0.017513379927913776,-0.0013857830058443587,1.541280845299326,2.75101500646191,1.5827002822702287,63.28146674976364,-0.11237389097056752,15.60945223800975
-0.03601121741239753,0.006587689982096293,0.017524787065917036,-0.001387977941700251,0.06667249387616425,2.9399046282132337,1.641162793445198,88.01593307257882,0.06301308527169505,12.915633805672783
-0.03602011004424409,0.006576034162007253,0.0175243919165004,-0.0013833722446144295,0.3789217724888272,2.7690089963779485,1.5832846073695364,98.47691738128523,0.09368635937768388,15.773681846035778
-0.0360256744367827,0.006589214395217457,0.017536863768014083,-0.0013836858845630452,2.822457668335112,3.085006400174205,1.5315591510521847,108.9849620690921,0.3018357227182709,13.384514347385453
-0.036020025117148996,0.0065853517294147965,0.017511593784866247,-0.0013846916537005017,-0.36137891243409825,1.4909312700466202,1.6235653518577806,118.63140468926892,0.3407516086961444,16.03807119670634
-0.0360084947317781,0.006590310396670985,0.017511481674115932,-0.0013966658137619505,2.818852451855168,3.223118108266558,1.5930180044204572,92.72078692566257,-0.012093609536278693,13.304904317909411
-0.03597052124082288,0.006598138965323882,0.01750948409925881,-0.0013942326396326043,4.212079976508424,3.257403591904356,1.5691356994323715,94.63494180854705,0.11680658986446046,14.467516401234123
-0.03602334743177828,0.006586279985388142,0.01751651489985054,-0.0013777377202267784,-0.13467501190916265,3.668898595864743,1.6175253791495305,123.97133458703472,-0.02894047004630329,11.977327025735105
-0.03602892590069519,0.006587089444816746,0.017517665618213066,-0.001387468297677874,1.3213948173226395,3.5033722649547223,1.59815662544087,137.81129906208523,0.22424168464734628,16.452365237869955
-0.03594227728670967,0.00658873716520246,0.01753663389157872,-0.001386572073228376,1.3229478907716787,3.204559791561819,1.5783583843866689,147.10139020217517,0.1239561370022135,15.724161897023503
-0.03602081545572849,0.006581501518146034,0.017519754416255976,-0.0013860436105753715,-0.6312811745661091,2.5765259372554135,1.5983187557945924,80.29746939700759,0.15429946700340025,12.716488715484536
-0.036021511320163846,0.006584594147583757,0.017489769505635452,-0.0013818732700770762,-0.7491469407530267,2.957379105346072,1.59213792933127,89.3883547132921,0.21422167397630454,15.276226186456183
-0.03601537205172287,0.0065866421357825816,0.01750557680799539,-0.0013888219454750476,1.509397893861689,3.215458160318267,1.6091843579234764,48.85121309149991,-0.01593476293967,13.249698331671366
-0.03601954758341666,0.006584124125641702,0.01751722131536531,-0.0013965707077900665,0.5089159982816438,3.1405364390538075,1.5493869078234814,91.43364545031953,0.3309381388529793,15.350544880717429
-0.036021042321026035,0.006588063476382612,0.017526909375801408,-0.0013827316078152813,-0.9746704883736088,3.1889354424705205,1.5633425497931726,80.57183638653461,0.31893657439324663,10.035900045128324
-0.035997983269349186,0.006590802244342702,0.017515717079038085,-0.0013915024425584267,-3.6269988841533416,2.9964649714031717,1.6130606545397728,104.51118046194435,0.20800702270202734,14.22257955831454
-0.03601417658211875,0.006584089239043733,0.017502976512899643,-0.0013960266083795424,1.5555694865847656,3.1911062485662627,1.5647133456466118,83.22254393523345,0.07995467194555117,19.46563823486177
-0.0359853509160305,0.006574107017677272,0.017512539475503304,-0.0013852756050399691,3.468900013733263,3.536809160428816,1.5179893128143604,72.27295257251691,0.25237219418657497,10.707126422988564
-0.036025039398035225,0.006600090358912623,0.017523277776269632,-0.00138628688829235,0.02290509591740686,3.336814802354389,1.5841990606300527,133.7193500104798,-0.2604549767839389,14.669441703562613
-0.036059519346526424,0.0065795094922852255,0.017525285051088132,-0.0013838177986826292,-0.18297304342997212,4.325613045263598,1.551394894224497,58.166643831053,-0.04918876472759168,12.847410771034943
-0.03601626277336896,0.006587189304271884,0.017524447429232454,-0.0013761137162019662,0.5916414072846674,3.5498714708372714,1.5376778209968234,85.94377879801996,0.11513963124257115,10.130519649622112
-0.03601198331970219,0.006592772695185395,0.017515291369136626,-0.0013908685452004366,1.3227718732705207,2.894702487385421,1.59551857696232,91.50162030194416,-0.03458280125511601,10.556704782046204
-0.0360143645272665,0.006584804551955424,0.01752682038420644,-0.0013820332917021587,-0.1812575335200406,2.696044129407394,1.6103213214624836,115.74440178831513,0.12320062967458655,22.573012150299668
-0.03601010217697334,0.006590072988939967,0.017509737483602485,-0.001398661569890932,0.5299484769290772,2.9655210649831676,1.592510494256637,103.68557621143094,0.7546887525704722,14.730316458284447
-0.03604978129804406,0.006589475307379336,0.017519334264550806,-0.0013865516823347638,0.882546646105764,3.4330077768671474,1.6093257492274684,100.49867488327753,0.5650105398919136,11.906035146461328
-0.03603669434969614,0.006593296268308631,0.017522792020849658,-0.0013949612863562604,1.3848434892402433,2.4442881820951996,1.5365889240745223,105.07031785317727,0.1352378544015915,14.71551954114146
-0.035981814717637214,0.006588868448360381,0.017520683844063828,-0.0013947558936071305,1.203883728429513,3.4713460472496207,1.6109743643075738,144.10726942147363,0.30397374200083216,14.456654755331172
-0.0359976540137491,0.006587430435494904,0.01752336330655478,-0.0014177255786963195,1.0949826411826904,3.3801982670388426,1.5757712590706767,107.45242950977777,-0.13352684606877213,13.612038163107375
-0.03601034015038184,0.0065882949161282746,0.01751388070644502,-0.0013794938897487149,0.44429678192518085,2.6435321962695393,1.5732747618334133,87.46134291573593,0.035135182393116235,16.744703253300166
-0.0360264142404311,0.00658710968552941,0.017529704704936797,-0.0013970542681274588,1.096274732182954,3.3927767888741807,1.5956277807124422,110.99308965688441,-0.034105946781640056,15.695423993047667
-0.03601958073589083,0.006577091543568875,0.017508625286497322,-0.0013805325515105255,0.7063442456232185,3.2487181211265463,1.6442644719026578,57.376142631051586,-0.16202620152342595,13.614237897730021
-0.03601543193174808,0.006578070389874297,0.017521244029964383,-0.001388148257459531,-0.2961716093234239,2.9231241749178336,1.5830152765599883,117.23583659709305,0.5228675021727115,14.146029407446727
-0.03597697384384511,0.006588567209622919,0.017517186376766525,-0.001379312483119128,-0.9549787584514409,2.655403546423047,1.5826512166727411,111.20922372709394,0.14974003688743545,11.082194350058245
-0.0359970817789671,0.006596787977514089,0.017505194335411277,-0.0014021096101176577,2.810318634954921,3.197585945602288,1.5777346034556907,105.71622304718862,0.7149639996178214,12.032714052683751
-0.03601671337683335,0.006591310188904324,0.01752177296798036,-0.0013955527536891402,0.7144371714039248,3.041495112866815,1.579618452018472,107.95123982594588,0.35962255087232864,19.00133121227418
-0.03600903069122772,0.0065713986297254254,0.017537175496197144,-0.0013801096427953359,1.6420272845788186,2.873968816695289,1.564929914127318,99.73535353110191,0.19204582904038972,14.142728198977796
-0.03602779273650548,0.0065962362211377905,0.017510212217608016,-0.001385190625980626,1.6823659038971073,3.1656649973700635,1.5864525990887381,103.28579775056662,0.13484547934202526,10.80076077191476
-0.03601974072820077,0.006590164532451005,0.01751884355770687,-0.0013834292482886772,0.5792522930986528,3.427486968940688,1.6115512408942134,71.8923269636855,-0.002560963053084314,20.350924610156934
-0.0360030449136194,0.006598249741420236,0.01749730339325076,-0.001370002558815816,0.5529654706793534,2.8396532431615293,1.602444123589498,91.00837166808324,-0.12437369583225089,18.379936481490567
-0.03605425339471527,0.006598863991440282,0.017524501446011746,-0.0013851208438361334,2.619881443240708,3.503354913342976,1.5611142398724351,127.23771797599689,-0.18924149321303996,15.468315492086662
-0.0359989568778402,0.0065935864394306,0.017511156305124533,-0.0013730616202467787,1.3206329178916145,3.1417890899362835,1.5730728541065653,92.2293349235954,0.32829999605428684,19.55208124950358
-0.03599246209761112,0.006592768437220598,0.017509675317297975,-0.0013977343972486015,0.46893126649051253,2.8295383080850143,1.6287638776718625,100.81655739254701,-0.1434575681443669,16.744695490080023
-0.03598931285048804,0.006585155786680899,0.017518817569174804,-0.0013937223874576727,0.26588716236413523,2.7475542365255023,1.6284828549203834,107.9967644326523,-0.10412843089072679,16.33147501145254
-0.036002093793665244,0.006595958772873068,0.01750421117385595,-0.001385696702344476,1.1133374293787497,3.080887680031175,1.556316669673326,71.75806881555529,-0.17663935414553122,12.870258914161294
-0.03602580706757818,0.006578368385783437,0.01753884976717867,-0.0013786390822423764,2.694232687313262,3.3881828072602964,1.5028087431617614,95.23051149731995,0.11498283968204061,10.050878363528387
-0.03599460438588342,0.0065867559666125015,0.017513264905900765,-0.001396678102537538,4.341877007101083,2.6028229813229617,1.563096019846815,117.58485171592515,0.6535151600621809,17.448299795368122
-0.03600275622214072,0.006595553907674936,0.01753409910486937,-0.0013841513438498168,2.1418333227201787,2.9232059494216402,1.5377486086214278,58.60340328541443,0.05771696271138907,13.682802014795335
-0.03602205027668002,0.006579675517918812,0.01751223021958866,-0.0013853453344889618,1.1438774981429078,2.7362238284418643,1.5985381585426348,103.75628756654633,0.2551574192835987,11.087088480234618
-0.03601585085714194,0.006588440277750341,0.01751046372020607,-0.0014063360391504704,0.7900976529924599,3.246050091149887,1.6142073870066733,124.88376713381803,0.2675166574571111,14.472470781604146
-0.03599845100407056,0.006577078291773465,0.017510313826327603,-0.0013947022333761219,0.46686452066273443,3.3048998714278115,1.5412146848912989,103.85747036667891,0.40124795358415366,12.754697851327123
-0.03602754065192645,0.006580151235821986,0.017505562940355702,-0.0013795582356275924,1.4714474689724035,3.272647271449179,1.567887836289524,83.8071093548898,0.25209030337966004,14.695995524965626
-0.03595940971255767,0.006574987786017715,0.01752305443500523,-0.001381528370963395,1.5182743083652204,2.326317933171921,1.5614596355577595,111.89806630802958,0.08330912497908091,18.242242618776487
-0.036030672428902635,0.006594536644264216,0.017528984481239126,-0.001379707839526986,1.4142591171612722,3.1248300763768313,1.5824740613989003,70.96040018977921,0.21891931439828288,17.65147318941481
-0.03599308383299229,0.006586930335721306,0.01752393532376202,-0.001387047983024268,2.269004699792701,2.975826483705897,1.5738085214227764,121.39467542466252,0.06710021432213031,17.367503518887748
-0.036042637791813936,0.006588863810612192,0.0175058213101781,-0.0013881894752982783,-2.135354283505962,3.1775631089350087,1.6012474750133725,108.41628492660544,-0.033504150774256364,19.49665427229351
-0.03604105634409581,0.006587158424164234,0.017520537737873928,-0.0013825004115290815,0.9572976465165106,3.068254581333724,1.540554886099235,59.70752769072733,0.11963160819563257,17.689455839396473
-0.03601220851120815,0.006588141648767291,0.017527190225043007,-0.0013898945458996627,0.4579103574171348,3.116170320727095,1.6019565438444943,71.89646786305707,0.36510874132991256,12.720217586629682
-0.03599743824380113,0.00659839653721573,0.01752409033782601,-0.0013886933395706252,1.528401768571626,2.7651437350129218,1.6006298552208675,72.18213744739576,0.06620446266304397,12.655450182467717
-0.03599080400353867,0.006588644389914249,0.017524735736250335,-0.0013832123834272507,0.3691143814509723,3.1139942806417253,1.618997556681845,102.26652994839304,0.4578297387246493,12.098484300377816
-0.03599069046991988,0.006574260210055796,0.017529345660897956,-0.001383089563349461,2.9438519475333305,2.6919218820925486,1.58922092795664,119.17529248600331,0.2532240764703957,15.601218779260357
-0.036022415835092386,0.006590514539879695,0.017519949660536986,-0.0013787366418185451,0.5165484139059586,2.8051013751964464,1.6539767322210845,112.0103038158799,0.381294007891553,16.038332820535754
-0.03606535579974737,0.00658653199425979,0.017516889962697447,-0.0013869658574351233,0.7327275069391523,3.651579118026808,1.5630992527378658,83.87262667889763,0.3835091884660909,13.578080869312066
-0.03600750427976848,0.0065821019957001065,0.017504323833959275,-0.001393517204842616,-1.2906774202220506,2.9008998046386316,1.5986356690820274,90.18189988080644,-0.03769511223772323,9.356269892718252
-0.036009661363545754,0.0065854370036673195,0.01753177151553913,-0.0014002761149171246,-0.6523824455498506,2.5351656428030784,1.6032667676413264,93.06926044921437,0.32581328298482937,14.942328590047675
-0.03600305905490846,0.006590368577512124,0.017511046154401494,-0.0013906594313178352,2.0217609537033483,3.5468607312570897,1.5298866934358732,101.14162908587706,0.02832993988221698,17.120367433261205
-0.035973698451061374,0.006584155379774106,0.017516976394713488,-0.001367290839338487,3.098886424867999,3.3922485971849494,1.5320661623946388,82.93576155587746,0.37679742442270814,16.29231860933093
-0.03597399701379242,0.006579786233937832,0.01749910972897102,-0.0013796040315997185,0.3065436588399202,3.6386536415189656,1.6236308724066693,117.73929013928907,0.29834458594489177,15.635466332047958
-0.03602840324812791,0.006595935101197163,0.0175131678402392,-0.0013889536781086093,-0.39530115899269136,2.5811027510707363,1.6444538375306,85.46793777064207,-0.3666272087352977,17.654805711653875
-0.03602937831186775,0.0065923319789100016,0.01751631820960084,-0.001374940004916446,-0.9216683936237224,3.313203873824591,1.5865218199387154,80.10595208783752,-0.12411553556228261,14.083934201070035
-0.035969125824972394,0.0065848687569239304,0.01750133992345998,-0.0013931490975055561,1.1028844190998939,4.026293065056752,1.6246789334596752,79.98647227456783,0.1360073133257059,18.189669938759632
-0.03601615279627746,0.006575564608135382,0.01751031543039593,-0.0013937524249877774,2.2431400501226135,3.351646846219145,1.5675234237792057,82.93014996424542,0.05901482785363538,13.712696312820233
-0.03603242136413452,0.00658001488393995,0.017528066154093396,-0.001379512565079412,1.9275291529191605,3.5845854463796063,1.5775240676587576,69.83518812937575,-0.14428195565934254,11.088719442138848
-0.036032569842033964,0.00658947899641612,0.01752711169680272,-0.001389910584991293,-0.40242998676531005,3.410041999362216,1.6184442626938218,91.07911982235069,0.4322639525631966,20.056885333109246
-0.03601455022670987,0.006593618737825503,0.017494230097129488,-0.0013876045149181036,2.1485161672896895,3.2797967935850245,1.5662268478529606,101.22020288110933,0.26205910727521364,13.333049466884432
-0.03599762459090735,0.00659940975043468,0.017489317111069207,-0.0013990952692089164,4.42352121581441,3.3700236736904907,1.514491831274949,100.26626228983413,-0.24177780480580802,17.011986502617518
-0.03601922487268927,0.006583016348927124,0.017532549021489333,-0.001395007618082293,0.10516084762702693,3.7067759247245444,1.607061184892177,150.53560023984056,0.28893433385127765,16.648444291433723
-0.03598623104070359,0.0065750813031197446,0.017501817448384093,-0.001371230665798398,2.000826932911384,2.910740997866208,1.5821960258012016,90.09852759403908,0.29740050730922496,14.79474904310633
-0.03604061493463026,0.006577685537774627,0.017511518323783254,-0.0013917301769696495,2.8457417224814963,3.149645431163662,1.5579133829025515,111.39143278311995,0.18100139220981903,10.441304080540267
-0.0360066769423626,0.006599467524614285,0.017510442127916824,-0.0013752580437226198,0.28598035944600997,3.3982541104880526,1.5601643814626944,86.65896608846712,0.15953209416721204,16.18528262392919
-0.03599926617536804,0.006584723677586208,0.01751812117986213,-0.0013792115013233665,0.5966815922296451,3.2709610865348044,1.5903709115746736,98.94628077757385,0.29971573216528913,18.92759048287283
-0.03599377545770512,0.006585484307586717,0.017523309850232163,-0.0013839666287189965,2.698355404049665,3.2762474841443345,1.5631510875445784,102.93194615459632,0.03465549907267931,17.499743826833956
-0.036058751222378616,0.006580864733297715,0.01751106247179032,-0.0013952410462322736,-0.046970410723893075,3.145909952045082,1.609295083357306,127.4884095174105,-0.09300856883906719,17.406375575565058
-0.036018213939951256,0.006585932338182519,0.01750593756448163,-0.0013782110661446898,2.3093410159443244,2.972957546882698,1.5770269752336716,103.51983855581773,0.31992348591804903,16.85552615623757
-0.03599283719695577,0.006585903864996037,0.01752419380518367,-0.0013940247288960735,2.722293783492494,3.2532966907902257,1.5683084609993527,96.38413578539985,0.7430921637582999,16.79204533457265
-0.03600540769966834,0.006579220159368849,0.01752097528737293,-0.0013889175866717916,0.029536065511940768,2.1459858628516058,1.6142729335235764,99.12156202831642,0.45932534856773904,11.465000211995296
-0.03601913692798087,0.006585435483466201,0.017541049164908663,-0.0013858864638436426,2.5095523952519256,3.4659416130705454,1.5456943381809616,120.99752444040163,0.13989586278402624,11.011807116127624
-0.036032723996845775,0.006593219783679947,0.017500970389436665,-0.0013996934050285019,-0.0933738166097744,3.478729628973871,1.6139420197808336,86.42583012923173,-0.3490828475536732,16.39394152414988
-0.0359845826651469,0.0065825248070272135,0.017511453697152807,-0.0013796767213959025,1.802014440794232,3.2361186570996496,1.5252744128394575,100.77954054286637,-0.19329397792007968,12.895206834934354
-0.03599388299521801,0.006591563823724632,0.017514794641352152,-0.0013969570362879669,1.5397236778650976,2.879341217096858,1.5193525922990403,114.48268290391609,-0.12451817928440861,16.680494295571773
-0.036010213473966525,0.0065852375248066685,0.01753209366636949,-0.0013783792941670207,0.3141688641541267,2.2430647146848455,1.6180663182961468,82.85107844011115,-0.09740763994503979,18.56872667263193
-0.03600571830245061,0.00658527494964036,0.01750249836726539,-0.001392989569786816,-1.4839691358982963,2.489737611342566,1.6113759953374671,83.39305481902919,0.4157605775919622,16.826667511674646
-0.0360064314281696,0.006591360569806675,0.01750341480920571,-0.0013847577912268658,1.7372064408323598,2.8342607976087213,1.586428688178347,97.12610706402,-0.023867552443464307,13.706644897138808
-0.03598941083619472,0.006586981897127254,0.017514787647815,-0.001373114438453222,1.8429356719682892,2.751756050038469,1.5078666942065433,78.64471645703091,0.10726594290921124,12.632647422492278
-0.03599697729188211,0.006590424840829915,0.01754128586555194,-0.0014000337664886104,1.2069589853411515,3.4425881867332757,1.5332959549013425,61.11700116584739,-0.007445955900034024,13.379205105880363
-0.03601486421862528,0.006571118667121226,0.017518074266792645,-0.0013943204409321132,0.2913450434022704,3.7745155280973095,1.5283361025621214,120.11456365426858,0.6414189247491464,14.500153113243003
-0.03601147035161851,0.006583222598180973,0.017502286046636038,-0.0013783544292322398,2.869691494915803,3.1690600181449087,1.540708294697112,90.91615270714212,0.5393416628764818,12.417678704398298
-0.03602531452664949,0.006582168134139478,0.017535110381526116,-0.0013850289043497355,2.0438163802591682,3.3180314360757346,1.5964481452108539,67.69162842404353,-0.1086033303817231,13.606470385658247
-0.03600624066821252,0.006595290603074535,0.017533943967062753,-0.001396396540824028,1.559181803898163,3.3704385839664166,1.5292904772246965,113.04627694697623,0.15681608556260745,9.144639914380114
-0.03597819978609758,0.006583174410109267,0.017518985246384736,-0.001401620636137682,2.0848855630242613,3.2079066202596933,1.5768518447363202,89.18806537428901,0.1029783216141674,10.40919943151852
-0.03599341645352588,0.006590436310500293,0.0175199630771542,-0.001400558183233407,1.1596251017783321,3.259894228826866,1.5909162427151973,82.87758360815525,0.16770310654054854,13.656882826888587
-0.036000731268176746,0.006581857928979133,0.017489006481895903,-0.0013754643197437643,2.6892313109553765,3.5753419469375416,1.5398972719817912,137.05984345579563,0.022969542110088365,17.561567199067692
-0.03600340559446951,0.006594018781162869,0.01751261843234119,-0.0013891468521485125,1.1632376869114693,3.2618151054064657,1.617381937428514,117.32318768790945,0.2226286713556102,12.15464972743646
-0.03603130135564822,0.00658158600217117,0.017506326458868897,-0.0013797269224656266,0.5230885921901078,2.6379720124963075,1.5483119568540786,60.306083458537124,0.1333414926924964,17.63166566122066
-0.03597767711271935,0.006586524487617893,0.01753675509863759,-0.0013774060321945357,0.3594949417723754,3.1699407597450104,1.5555087778031758,89.64304978133465,-0.28837393498393893,14.344985748731991
-0.03599229966242097,0.006584878654119277,0.017510118269782843,-0.0013914632325596546,1.3372504789657669,3.966692051936339,1.5753625586152458,83.68374923618768,0.06718569011865333,11.785241605180381
-0.03597604856716425,0.00659594079159557,0.017492142365499123,-0.001385985933016462,0.12431584617626057,3.6667486680796304,1.6021790743334043,129.7811717263903,0.3268394917844831,12.026195106016427
-0.03598979207576604,0.006596140471957846,0.01752213078707121,-0.001379519879032225,-0.3678758662677608,2.843748163842242,1.5621908537418527,100.28204043606462,0.09945834711703483,19.693025294253925
-0.036003462280654264,0.006585556937085368,0.017518766644466263,-0.0014003871728069284,3.2130352909305318,3.332595547900985,1.5970048410116526,106.27682110140287,-0.10723316458809501,12.988945898242044
-0.03602444171250253,0.0065823303529293185,0.017508406544726553,-0.0013924241243807797,1.5977113477561746,2.9528853580644028,1.5494806657247833,81.6400455885013,-0.0008687591146588902,13.593349884528308
-0.036015385035100475,0.00658734522310102,0.01750836142668981,-0.0013880626425413745,-0.2453052038677619,3.0186730216948177,1.6107673533370017,110.12938568693808,0.43628472091330195,11.24806934601827
-0.035997268652027334,0.006586026660620949,0.01751438955666304,-0.0013788761591331236,0.30723069171873085,3.0986382725406383,1.6004353784024776,93.33762738914689,0.1512505190524499,11.955852001006543
-0.036024403150431344,0.006586122220694469,0.017522891811371125,-0.0013994549279446992,1.847019771716606,3.245700382947572,1.5609769309885566,102.98174430833178,0.004329081727376616,13.172152248403465
-0.03599629651515401,0.006589007484861933,0.017518561353632077,-0.001398050492333507,3.971567662127003,3.5590515715893476,1.5184532940649562,86.94600620536664,-0.04566186460450297,15.174492878896881
-0.036011232543366745,0.006598904217065917,0.01751940776938964,-0.0013928897086717337,2.27695254735252,3.169101019016005,1.500229761234296,100.77745100232288,0.12180350691578931,10.192530909031982
-0.03599587983268132,0.006588007241088747,0.017527151995253783,-0.001396827506189672,0.6569225340752252,3.3563698310871977,1.614359057352243,46.401571101899705,0.4485799601019366,14.826513344938668
-0.036036753367783614,0.0065924999817791215,0.017523465664538804,-0.001388056301436937,1.6481530664809807,3.323924710144339,1.5828259549557353,84.70804268114448,0.32576778592004224,12.64417617509495
-0.03599919241696724,0.006583747621892802,0.017528540137399243,-0.0013773157998185088,1.5728218047128448,3.346252759001572,1.5816926260487085,88.44031187645038,0.06845781551546162,12.883679707218128
-0.036014971106399445,0.0065810653068285405,0.017487106680390364,-0.0013931291948220135,2.3608030911820883,3.4290827768804846,1.5083234060323845,77.35442942653987,-0.342790131017657,13.651594099015652
-0.03601394315424187,0.0065865684789849,0.017506744953576157,-0.0014029708405326091,-0.24629659413438265,2.658940029399007,1.5671035436822864,107.57679346520145,-0.2514083500582218,14.304012063946978
-0.03599208465763207,0.00658270177691242,0.01751718404859216,-0.001384489540514918,2.5062620843481915,3.423199093651656,1.5547493332796432,105.33616074196662,0.36129309941275023,16.07264296654668
-0.03604020177446591,0.0065847963472997,0.017507483748044828,-0.0013862616777123057,2.201427370872811,2.926709092642083,1.5670983148454563,85.18598641206783,-0.14267531231024605,16.419470750683804
-0.03603956016865412,0.006589671353049666,0.01752357641958769,-0.001384432558294998,2.054708678072051,3.1631595827477614,1.572852521663378,103.77849706876242,0.4045047804436279,9.147843709386352
-0.03600048500633254,0.006575927614042993,0.017530989338581084,-0.001387051098471843,1.0557306286632804,3.6142745688578803,1.5677172150274168,100.3664837191174,0.15237695173793736,10.207381455073095
-0.03595424228279859,0.006586163401770197,0.017506234469313924,-0.001391621963361947,0.2563286886546319,3.7254007030303082,1.62340614542237,128.76637975380794,0.049556139040628985,16.638019218823494
-0.036018890855484716,0.006580290109913548,0.017530402997674693,-0.0013819247729406434,1.91726204417956,3.059715086912285,1.5786565926523612,88.10412938740679,0.4635750359715796,12.26208812754087
-0.03602973237275649,0.006584520072483673,0.017501415549335098,-0.0013732869323672757,-0.6994808992768204,3.483047029345538,1.5969861024154168,82.1420774477769,0.45856574222737256,14.768119668022079
-0.03603690739175938,0.0065943484593579006,0.017521350023672687,-0.0013927246143030669,0.3260109689644084,3.216931129638269,1.600066625120875,108.07142322633234,0.20312987556527418,19.311725091931404
-0.03599383026928591,0.006576437899563411,0.017521887360405525,-0.0013748021952553057,0.38997936749409523,2.905214573963953,1.6196708627170073,86.23928985372412,-0.15257102840227338,16.700633259023096
-0.035996586678976275,0.006578150497570734,0.017519728368800933,-0.0013838168194276936,2.7404499396540998,3.311175811987406,1.5717613356908213,102.24735551256983,0.3245589923900176,17.112880814917478
-0.035984353160241206,0.006582750808516864,0.017511722122923543,-0.00140228503787053,0.7346266486039539,3.0206332011082266,1.5933948596024299,136.89145993938703,0.2276551418269667,12.92214807139677
-0.035977707868055916,0.006577841430389522,0.017528455912262764,-0.0013867959144568103,-0.21973430748724398,2.707892703228772,1.6114067590301102,93.21855054247109,0.0038599753038049966,15.018853406232754
-0.03601014861244225,0.00658339829729638,0.017503625232809517,-0.0013776553252715115,2.283846713507426,3.4669464431249866,1.5727467195359615,91.98464898021793,-0.20044091181984802,19.25547572383645
-0.03600667458789744,0.006588009621971565,0.017526718916373373,-0.0013925532207069258,1.6990459845579995,3.1215240372361115,1.5264374473140272,85.88538594708508,0.08999582859635236,15.353982344682905
-0.03599231723211176,0.0065836598139141405,0.01749273040175001,-0.0013898488318298953,0.4845159725924679,2.871301172478126,1.5571949766728157,80.8462308013832,0.25620928381345687,11.877783862179017
-0.03602377543532871,0.006575769741506568,0.01751863945682357,-0.0013842759735783316,-1.601921784047661,2.6016092060946585,1.6158555849493204,71.29823334825235,0.04310501309599378,18.45267736239503
-0.036016589528051014,0.006590684276309146,0.017503644080007128,-0.001398354615318754,2.286545520460125,2.8973754486611014,1.557945761866066,92.37255639004282,0.13232720775630574,11.821897467098983
-0.036011070611026375,0.006582507345709459,0.017512515684286436,-0.001380334641912622,0.7528814780318707,2.556227436494592,1.5501465757028599,74.29839449631685,0.27433442162643124,18.62953622475407
-0.035972431078814815,0.006579099758254563,0.017516411825662083,-0.001389180996303958,4.871066443891133,3.001293236313123,1.5402369364439479,119.14638233358112,0.20318481500039398,14.08777400821218
-0.03600217177598641,0.006590558914278894,0.017510821257704687,-0.0013855799263065118,-0.5542126483544965,3.528126551157791,1.5354613380319762,93.18424135811756,0.5934508250791615,11.578230700398391
-0.03600113876903255,0.006591114516619215,0.017495137825279294,-0.001395624828134144,0.9852789404615887,1.9100364671804404,1.5814046116495957,79.20124491248528,0.5671581574924953,17.892809842992964
-0.03600893609399103,0.006576161928930431,0.01751833200604085,-0.001395484949267712,0.5992675433842185,3.3953500049492593,1.5788599373080359,77.24776647916545,0.6585272325077471,13.284956431231748
-0.03599556033094595,0.0065807764073300985,0.01749589126994425,-0.0013994969437826966,-0.7157365166677501,3.412795774644531,1.584221435952346,63.47042702651037,0.19736419438813585,14.758786303891844
-0.036028239175936026,0.006583863308067975,0.017529643874733714,-0.001396320727994529,0.10747947594794205,2.9759177509474046,1.5833631762612692,85.50971250498816,0.5476220642534201,15.630801778403338
-0.03602088342925901,0.006596814074622068,0.017514424933841206,-0.001404202266896256,1.2906673646024616,3.705322397723232,1.6599291112995533,94.54791078188131,0.19033117397201382,11.398895866729982
-0.03598683945909477,0.0065907152972723895,0.017512650439469,-0.0013857043299192351,-0.8422713666649022,3.2632937276560905,1.6128989768458006,117.08047619616468,0.10208380190196961,15.500903217267803
-0.03602040301816695,0.0065889873040653095,0.017511447411001396,-0.001380060492705475,0.27027651975779166,3.26958818033307,1.5735620614859038,76.6938749631816,0.03522668395521156,16.878773952857664
-0.03596429753132557,0.006591892139420538,0.017501883691848887,-0.0013920914617215297,0.8082182244500162,2.6968888783779583,1.6059231409227857,69.79532257448545,0.16356873361079718,7.3804435053276
-0.03598606553402968,0.006586661646486707,0.01752407412280312,-0.001395172641030395,0.4916662777346681,3.302795222742388,1.6123817074547155,80.56920483137071,-0.2149466891210287,17.003734247668135
-0.036030829028946734,0.006577685336722935,0.01751333492790564,-0.0013817422822653127,2.3297654193479644,3.0872285750263884,1.5881391311722661,42.581520827559494,-0.16552794679505006,14.152137203750055
-0.03597008663384377,0.006594329236838071,0.017519089449837016,-0.0013852438420612475,1.0299672468318157,3.168068158537698,1.5827249924092353,109.31343986713706,0.2736919928684565,18.139496843719403
-0.035993189289523365,0.006598645800698263,0.017524108411204154,-0.0013752815919384795,0.3687488436245294,3.8191104500117707,1.5692663168914802,119.87843987754464,-0.02698914824119686,10.321145884168885
-0.03601392153862051,0.006574551630387477,0.017522797364060663,-0.0013906636846721468,0.9419440274464682,3.671706452283622,1.5253608298573866,99.83185207795248,0.13995460056547823,16.929188679985977
-0.03598735329915582,0.006598048636364496,0.01753211395290558,-0.0013678043724129614,0.7841811506594034,2.707900110839096,1.5733095207681025,54.39284457964265,-0.13928414320190152,15.840352392484874
-0.03600356274702701,0.006580385338009496,0.01751000024414397,-0.0013815896011557147,0.5442359089993916,3.712705500126566,1.592208935611365,133.8277179632775,0.4757640081826583,16.112132331171892
-0.036015403991716044,0.006592037302210372,0.017519253347393317,-0.0013893822613456688,0.7977581111990393,2.7837302054741704,1.573960702666885,90.62070203874056,0.06409227553270472,16.406012451731016
-0.03599883168326469,0.006580480530934198,0.01751863897283833,-0.0014015486069624086,1.3940438143696627,3.1360764979650213,1.5606536782815663,69.19133676433478,0.01970034853113388,17.402972173812266
-0.03596613572809476,0.006584836842131821,0.01750825970717852,-0.0013867270630671179,0.9199725363578093,2.760326282017049,1.5702441682276396,60.983658219947024,0.23637487353121336,12.726618770187702
-0.03600470974654579,0.006596558676736939,0.01750823050791785,-0.0013923453979973667,0.6567689288625753,2.1605899258751373,1.5618101186553992,70.3637358184728,0.18697506834806624,12.22206575584143
-0.03603530993646876,0.006596311004404029,0.017527225527582943,-0.0013947653538240326,0.7776353510384997,2.988218461663388,1.5773824849477032,102.89717479140435,-0.029562325388678312,12.02752839766035
-0.03598028662205785,0.006595579102514664,0.01751895285504676,-0.0013923303652223751,0.1580401994111036,2.692334056507306,1.5656112717985884,79.48829035364544,0.3802603712483408,15.515981142995821
-0.03601383955052765,0.006597384228465656,0.01753047661933087,-0.0013830405114877505,0.3107520323529247,3.5012212743358986,1.6082804873414602,124.74831056737946,0.1393288150969827,19.314529300799794
-0.03600118605553945,0.006570481728763373,0.01750196424823642,-0.0013898309422865178,0.8463626240400861,3.421047946869076,1.5710929508521827,82.05411373535303,0.11345113751051511,13.260819615012936
-0.03598728542851238,0.006586012409025344,0.017515456503591743,-0.001383084461310089,1.1769431639008592,2.531409597970985,1.5604751290132357,77.06313246244815,0.3218678077482563,14.117081051982865
-0.03601694699650788,0.0065829869964089465,0.01752330202555706,-0.0013839528978635172,1.9086505441529342,3.42341926418591,1.551756037262467,94.56189687707598,-0.10759934755378844,15.363438964678236
-0.03601714765288461,0.0065892856527041375,0.017526011362003623,-0.0013936758125463597,-2.327240400825589,2.6869196497789103,1.6176999753503205,105.25657782177095,0.04561251677921732,16.204225011571317
-0.036016320762819104,0.0065828876473836805,0.017525748419954454,-0.001387724023841092,-0.2747641003689383,3.733148697429201,1.5924845876666547,100.50868199730196,0.1620043676698798,18.16525377941092
-0.036012960605427746,0.006595225447933318,0.017510229860153576,-0.0013947517832164523,0.9471904724405638,2.362210490967878,1.5966305294970486,92.55935823350488,0.48678442859653026,18.764608436570555
-0.035999250217025755,0.006581262017580709,0.017514328325588673,-0.00138373475827116,2.38688738551448,3.1627000102700555,1.617608825518185,79.87188782217403,0.046467782519618625,18.881233471165125
-0.03600944576290982,0.006581977811538794,0.01751631891092159,-0.0013860804403182238,-2.6260713053698885,2.890773942284678,1.6024429723310238,119.37015994408111,0.4103188330300255,17.283897355642353
-0.03602778111525989,0.006588141533728033,0.017515491626553716,-0.0013787592230796516,0.7545410403830788,2.84495865482798,1.622178627810458,101.20299062764857,-0.023297396140439852,13.402152159560123
-0.03597167643553332,0.006586667878144982,0.017521662871252428,-0.0013922175762256291,3.6301880814752003,2.6758780570005056,1.564809397372276,126.81632770300953,0.05436627864369985,21.411824356402345
-0.0360184904867059,0.0065874595070786225,0.01752843769525987,-0.0013874201816047827,0.15266036265661764,4.317743082497182,1.5731431588942042,120.9388077962867,0.18870313598650845,14.217037800573449
-0.03600672792942097,0.006580008329047012,0.017514247311371273,-0.0013941564087762005,1.8866314057299929,3.517556773120276,1.6181173760233145,84.02484572301739,0.42379296232221025,13.776834585678792
-0.03598231646797756,0.006587568807851841,0.017517936065478874,-0.0013748912856541933,1.6433372038362235,3.218257790369573,1.643739733628483,100.74639137370498,-0.09746557699052988,11.278009597509094
-0.03601518838054554,0.00658787891279395,0.017525878271104446,-0.0013890223589884314,2.1647171619755463,2.67933064386181,1.5699453625590087,113.65390799284634,0.3309780430310432,13.520059947610868
-0.036033764112539585,0.0065793877758725024,0.01750976648643259,-0.0013914608522858011,-0.9424168959630954,3.0957361508120314,1.6024370299447075,86.95176657838014,-0.09752126408356732,11.90441490815347
-0.03597813388996558,0.006586766454647884,0.017508211610305385,-0.0013805116183615272,2.484492952072614,3.069407426995212,1.531824772722889,82.51247121517919,0.347880152810592,12.187959714627844
-0.0360092848726825,0.006583693451387226,0.017522903832411788,-0.001398755887623102,0.9803006341382671,2.5461396908716143,1.6308246043467396,65.44042906069383,0.28087741566588664,15.978706296268179
-0.0360073082182068,0.006586733013253873,0.01750418424242723,-0.0013839606277936461,1.3484137902093318,2.2545967721682887,1.5611268184648657,86.69299665855388,0.07934610309256189,16.750362851328266
-0.0360146264870966,0.006593527749321464,0.017514677122302428,-0.0013839764073928767,1.5686085104591485,2.9798493162828565,1.572894129064497,76.07732845636664,0.2052736012054126,11.648444570725374
-0.03603771966738299,0.006599533337756372,0.017529123010216377,-0.0014124649149633772,3.0696654685287372,3.3383111940153256,1.5581687927674954,50.244129857180084,-0.06610401406661295,13.363952951560758
-0.036012524360476146,0.006583666798713238,0.017522415967044378,-0.0013837360909144379,3.3739967092477325,3.2921305848003204,1.537974981684514,98.84977826949701,-0.07477347764936146,16.303503296496718
-0.036029055631084946,0.006579644171494663,0.01752704011486125,-0.001368909968911171,0.6690522406401358,2.582388643425263,1.5645421623838573,96.15102244342482,0.737663899836053,15.322103131688843
-0.03601281141251403,0.0065850815817096444,0.017512744336689815,-0.0014024364567335394,3.2741116693668535,3.11003031608301,1.5513504493161705,72.73467109673155,0.37532565899176507,13.638163127208516
-0.03602100559626393,0.006587883290498922,0.01751207805357672,-0.001377020103388988,0.14417418867694587,3.113661945392989,1.6259035553317998,110.46063500833986,0.4826276789350997,14.18216263388069
-0.03602471828009116,0.006584775050425089,0.017508730629482282,-0.0013909188565978765,3.2249790411947568,4.104849436961986,1.555544867267612,69.42598310692394,0.3181250793652889,15.873875580120863
-0.03602004075562671,0.006586178271405499,0.017518407447442486,-0.0013953924612128206,0.6959349561310766,3.3310861531576483,1.5610922292041234,98.40405044756709,-0.13520416362554094,12.910345417005281
-0.03600895566381716,0.0065895859537153795,0.01753139469456001,-0.001380098237794009,-1.356761720799029,2.981867031454298,1.5741197246076017,72.24565334273703,0.4215176407876974,11.931285144533062
-0.036050071458355384,0.006597736296117086,0.017515730428338087,-0.0013777058342078975,2.059656950692896,3.421966817755933,1.5650933771844366,102.76458765032297,0.31637359399924636,15.666209157886803
-0.035986302842638374,0.006585877744264802,0.01751474923919693,-0.001400431368838511,2.759656609000413,3.601227397948793,1.5833966885529625,98.47007915778963,-0.11693808354457713,12.15286365732043
-0.036043166408798365,0.006587875790740511,0.017523168490554034,-0.0013817226716672881,2.9853283267773456,3.4432477564450865,1.5432514074648036,107.73362462301809,-0.010073282421468599,15.419713365494164
-0.035988622855861775,0.006579041559766276,0.01752423868268331,-0.0013770869232838552,1.3795064365548506,3.2576010403782343,1.542983522640455,74.39595714012032,-0.00012223197584776413,17.336229308556142
-0.03600872678566549,0.006590747419746272,0.017529754905866654,-0.0014034224042093432,3.5211221854991495,3.2572382776247064,1.5719453698550954,63.6307447436764,0.20842516575803527,13.408467363817886
-0.03600565022047209,0.0065879802321353875,0.01751230159682838,-0.0013820504777801372,1.4416436704234041,2.958392701309759,1.5869495337705235,107.68730056082956,-0.0029183433431705375,10.949510305294908
-0.0360254226842824,0.00657698055965332,0.01750792230448958,-0.0014039485513931207,-0.8892337855079839,3.1060558423600257,1.6015967792153378,90.8693656663985,-0.07363751195302679,15.630508238098628
-0.03598424465405572,0.006591446434695847,0.01750812669778959,-0.0013883621019701534,-0.007935200593452096,3.507145411316378,1.621052156197849,82.3677709359894,0.018383335497816067,17.040542462529764
-0.03599063364248599,0.006586405751990402,0.017522694406807926,-0.0013841039930305452,3.1460240373920745,3.7011022499839608,1.5413152229365805,66.4980560284934,-0.029561977369810755,10.890272068038655
-0.03602415295843953,0.006591425718758434,0.01751958568938771,-0.0013924925197468354,4.213185967249366,3.029933010975178,1.547185519307033,70.90401380845718,-0.08092850331975851,14.712810064333977
-0.03601123073991475,0.006587207866125464,0.01752238731033834,-0.001387447706523165,2.0147006849967126,3.581750455220915,1.5464629811034727,81.91002478955318,0.390665267686026,15.482004080225591
-0.0359925475129786,0.006590904656752456,0.017531313722515467,-0.0014007304719111891,-0.5007191544138769,2.705346336842878,1.6136309827825934,112.51769395142082,0.40728537509633506,14.600932194101139
-0.0359778526498477,0.006584449810256894,0.017512767770068816,-0.001393789854647115,3.0442161839152435,1.9694344804561965,1.5574100723267033,94.3994474790682,0.34990571996581343,15.602949204318923
-0.036020512733066175,0.0065851666191595335,0.01752114907843602,-0.001383810695639432,-0.21420062312252375,3.4460256664073246,1.5931187243450202,98.65685792163579,0.2523709919712307,14.620738732196216
-0.03600996551156904,0.006585625124827327,0.01751475954545251,-0.0013930893950887188,1.59392623044004,3.3535535448638965,1.5675450248866205,79.15322775631593,-0.11351163731296302,16.281955643588077
-0.0359845657591929,0.006575260683106463,0.01751955035771916,-0.0013958040518409038,1.228479996057947,2.754951185285865,1.5705433808598768,80.53144945876521,-0.05615417512247786,15.234274466309842
-0.036030801093624124,0.006594587658536065,0.017509918182451848,-0.0013830898619175804,-0.2810745482434318,2.7081015130107486,1.567160110952409,93.01682518750796,0.377875397701812,16.568521903461978
-0.03599008310123928,0.006575547743912656,0.01750454302448526,-0.0013971481511581498,1.946347021095756,2.9606834646162294,1.6019821048787681,140.86707887629711,0.4824344453578324,13.457688209484797
-0.036013961599299524,0.0065869361100605525,0.017508208550420595,-0.001388631705713665,-1.7316535564965556,2.4879792037221446,1.58534806066103,96.60619635538256,0.24493124661383403,11.908511978676826
-0.03601162297373301,0.006598102739196131,0.017522668512104326,-0.001395166479065159,1.9371556168044968,3.240410790113019,1.5951565403138994,83.83439858022831,0.18766468807185333,14.469913203607476
-0.03601056167473847,0.00657772064161119,0.017515442043440375,-0.0013885047563853355,-0.7530585846924853,2.98951220649319,1.5904798597281107,96.95613638497555,-0.18819277641150223,16.845754199167633
-0.03600433836974952,0.006585902792398243,0.01750020187655105,-0.0013952287059951851,3.119893437931132,2.928095900498893,1.5386600774982435,91.71379242635545,0.41868753435100453,11.179699393438922
-0.03601190997800127,0.006587890450558142,0.01750830690812754,-0.0013873548960725815,1.9616596942339046,3.600553286305054,1.5334046274959372,108.36615306792767,0.2867723989425719,18.91161232793204
-0.036000632231344906,0.006584761826211448,0.017521424948966784,-0.0013892037539683423,0.1946236572224902,3.484659959149015,1.601204379855788,61.6402150759367,0.004939560643253654,14.921925659842334
-0.03599706961102819,0.006581788894199338,0.017521109215301485,-0.0013865341596416198,-0.2584421122277436,3.2132286624466797,1.6171104341534204,86.68889491596205,0.5096189865419944,13.51003525898883
-0.036040128269130466,0.006584379903924972,0.017514602023884652,-0.0013860291028408068,-0.3242951430366485,3.4196635128707653,1.603250036323667,95.81879405705638,0.01832357801612028,12.241455233248471
-0.03598679324539463,0.006582237686245997,0.017507022618345525,-0.0013797114730870947,2.1801463469847744,3.3047988251540072,1.5785378271495698,82.73123568977157,0.3467691371281021,15.263854680827686
-0.036024638547293514,0.006591396163018528,0.017523823423575086,-0.001393397706585433,-1.0984175455315164,2.7018272307547346,1.582585915430451,87.42656321645379,0.009155652706701989,15.917200452332589
-0.03599440531063894,0.006583460306411354,0.0175206856401477,-0.0013920375758514664,2.657642459238972,2.8258735728854636,1.578991388221664,91.19957625409177,0.29961914243923204,17.383971548350445
-0.03599725905870775,0.006599092732513493,0.01753327156324397,-0.001386266486389501,0.8072931363953693,3.158368216750785,1.5432616261064813,100.78617171528917,0.36903920756029307,17.30351950273518
-0.03598607407165306,0.006586126693945346,0.017502283903516987,-0.0013807990355881627,1.6511332181407212,2.814220643642086,1.600082150099158,91.61579565368567,-0.08528746590700209,10.83452855680475
-0.03602921623782662,0.006593104351830867,0.01751250075551826,-0.00138553560378761,2.683972641838548,2.690117628615,1.5412755335106951,99.09164433221687,0.15876594652286252,12.585733126610675
-0.036012551828381915,0.006580780266655661,0.017513738704332767,-0.001375566796658249,3.2635358677787973,2.9896125075640705,1.5254084807060153,71.10104739704187,0.22475127285068247,13.09265746078652
-0.03599743572202761,0.006588649817362915,0.01751770777086636,-0.001382111834749334,-0.6118133655031457,3.4225592491438346,1.6032779499433074,97.1620932967935,0.16475647397465015,12.069224064105532
-0.036002369132729424,0.006589205461452877,0.017512812980644023,-0.0014028209162172643,-0.013530286466205466,3.624676073324345,1.6247729628107652,101.31649582140754,-0.2347588421213505,11.002039022504588
-0.036022669244091865,0.006589174692560441,0.01750037824885123,-0.0013816498988137762,-2.2659500717854173,3.3110803491490257,1.6300595303922993,94.53438009059187,0.24628821777672116,12.881848456721166
-0.035995701084740095,0.006582330366752889,0.017509257572349973,-0.001402027906938008,1.5588261697939148,3.0298051180462995,1.5886820337027159,101.48788453054517,-0.026824888701035027,16.224918624740685
-0.036053320680314804,0.006587051991936817,0.01751976339146489,-0.0013929086208867413,2.2642972990413477,3.3391171780382476,1.5773640482131572,89.20144913346802,-0.23525714468603515,16.717212514282004
-0.0360295394169422,0.0065939259109354005,0.01750676065258483,-0.0013764333490130791,1.9082263798202945,3.0044127458137,1.5792618626321755,90.6424675969002,0.03506135892906073,15.140526413163014
-0.03603259937983064,0.006586644825238701,0.017526730308159155,-0.0013845715730132983,0.6218967863367404,2.615380384546126,1.6122005946080018,91.45160963632202,-0.06353519785966907,13.429733545867967
-0.03602354317888834,0.006591371321052266,0.01749514771103743,-0.0013877285325526083,1.7526641749086713,3.065926745091401,1.5923583457893173,90.80386920767356,-0.21279567681918582,14.013593553835918
-0.03600277068152465,0.006587661224120857,0.0175140376516816,-0.0013952854668076828,0.748316668885193,3.047557405292982,1.5921141123111529,101.4220330714752,0.4490192919443363,10.724524298013737
-0.035999792676716325,0.006580301622748381,0.017511981745728263,-0.0013878554250720257,0.7845636704179639,3.308061374762442,1.5536971116203986,106.98564184369398,-0.15160755180001073,16.084051621748344
-0.03600498729706141,0.006581135723037971,0.017518860013631895,-0.001383566079932785,2.2759068777450735,3.0608630878430128,1.5696309783539644,101.30806250912072,0.2529321460923859,14.17192034089632
-0.03600531831453627,0.00659088787671599,0.017511485399535166,-0.001396457289627048,-0.39131481054357886,2.973386785059389,1.632560258923344,64.59566425747715,0.03827901763880866,9.252831121106126
-0.03602642551726666,0.00658060733260943,0.01751104912491866,-0.0013962425309868235,2.264638456221932,3.6176817970158295,1.5653727170320255,82.17173981312332,0.630604437308637,12.445511806500052
-0.03602041467294212,0.006590058767114684,0.017513706514162543,-0.0013904107824654099,1.9284896991171285,3.290380759127322,1.562508497146335,93.19487973862351,-0.04684844166867336,15.973400803398748
-0.035986582155617716,0.00658946888394599,0.01753539743397192,-0.0013859287219757706,0.9059866654395474,3.439147571801906,1.5562051864657411,64.24340502863316,0.09222966467613097,15.705035338348987
-0.03597705570089117,0.006587560830133239,0.01751108395669023,-0.0013916356298811897,0.5165196734942181,2.7912068710694182,1.60108509059081,104.20389384212432,-0.22789127942922366,15.506537044486228
-0.03600539043257116,0.00659488372364304,0.017520942842470712,-0.0013970575308338048,-0.5410651703571778,3.50909692796039,1.6293054013447448,112.04926040245896,0.11127978794150031,17.57109524321001
-0.035986786128580285,0.006595425507381937,0.01751533191798576,-0.001387309646071956,0.27114165383202216,3.697338887508643,1.6183420268243687,63.856958793501335,0.07226449853988076,12.768398005696763
-0.035978258367064885,0.006579393805239441,0.017512452413813582,-0.0013773746120706208,1.5943094361829324,3.461973453354545,1.586203716073061,87.29093422323781,0.48958431626056886,17.08497106066048
-0.03600944036569058,0.006582610517885752,0.017504589116221457,-0.0013814250302892498,1.837846495789322,3.3904645146835177,1.555665542318072,108.71926574311867,-0.029174830570036808,13.74728569783638
-0.036001488603011965,0.006585513986092837,0.017501650461951835,-0.0013862065616312294,0.9742743798780301,3.590228943936256,1.5635638132610181,120.42671228710279,0.10004814687564598,19.530959342187717
-0.036010332497557335,0.0065725345773194575,0.017504260117588835,-0.0013831537227631207,1.791506553015868,3.2219410065111833,1.5734869202773518,99.23058351595743,0.08657204870635482,13.211688768291518
-0.035944410624420754,0.006595046170262278,0.01751683537609603,-0.0013884881655647165,-0.7685992859384805,2.8584500423233528,1.6502059210375954,110.94421354675497,0.2577048771493617,16.030589098713882
-0.03596435223522757,0.0065894199042223715,0.01752248137834299,-0.0014069448284534996,0.9407784988869529,3.380040840386796,1.5774565161301606,143.64464510083425,0.22016057169914954,9.233748082741325
-0.0360255523635441,0.006591434668855992,0.01751208330310832,-0.001380792224858912,1.0722959651544666,3.6151902956617077,1.6051458219484498,92.89067420695561,0.1738146248021897,15.372379240402571
-0.03601137017965256,0.006588774136454561,0.017510949599491756,-0.0013815258179560152,1.9373887368434954,3.877042367264818,1.561060162569378,95.17511098249138,-0.26022228198767733,15.513589895997876
-0.03600636534275328,0.006586567405161571,0.017501370920597517,-0.001379502638876189,2.495244463004869,3.7056847096541006,1.5766163584360544,87.41052073556227,0.4816029237508,14.773208066867852
-0.03599390726966331,0.006592294693299713,0.017492384330380875,-0.0013985200993156812,0.14804994324157783,3.408961795561563,1.6093028720335663,76.66108297893157,0.08392091377283781,15.829441687449343
-0.036048694420650895,0.006593271817248065,0.01751504095444785,-0.0013921539196065607,1.5451624902602676,2.662647589977435,1.582899364178728,67.6606060745016,0.0526202887242211,17.791188410366214
-0.03604157948007858,0.0065897514024262855,0.017519353251392835,-0.0013812661985497718,-1.777084041352396,2.4985624700773252,1.6107455892941795,97.39643890524592,0.39879295085418004,19.258935474164016
-0.036035011186190305,0.006590991822528735,0.01751559665410207,-0.0014069578815883302,3.4638296160336584,3.7500913345002593,1.5855919844065804,98.52482023492054,-0.053034435036132005,11.493528233094898
-0.03602981748165013,0.006580744331047512,0.01751266167485611,-0.0013977834864150082,1.2776147676691503,3.3117273877131916,1.5441082722580948,102.65193227427662,0.15739556992098774,11.901042021006685
-0.036018277600587505,0.006589634463943437,0.0175161488987277,-0.0013796011287162393,-0.5187231287405041,3.485001120927482,1.5642379112387432,104.51888596935709,0.34695744765667474,8.57436565393282
-0.035973958170262374,0.006590067769130551,0.01750827789318054,-0.0013687950836245115,0.00012518577495468364,3.101926049639245,1.6412443791158886,85.08241996179116,-0.2328265447759127,14.798246286839992
-0.03600325074656248,0.006574958382094922,0.01752805039399745,-0.0013889777303690732,1.9804234008274169,2.8788159248398735,1.573701923218478,133.58016935786827,0.17228832990171913,17.834153969591974
-0.03600122826610009,0.006577556570933482,0.017512829203459753,-0.001405409333491154,1.1442187805940667,2.7637813004830885,1.5818852961119543,60.90795276983017,0.049628714373408114,12.665883021604882
-0.03601160132310643,0.006584311045151778,0.01751663275028026,-0.001383649277625543,3.1329643375665714,3.27189603266891,1.57930475606514,118.41063767418228,0.07009864662718929,15.030993114524929
-0.036024922431718655,0.006586521210389192,0.017484282119861153,-0.0013886199197220622,1.965918517461807,3.4423444473512936,1.5768682858167886,84.94885903013994,-0.052940359408544024,11.309422560607262
-0.035996659325098046,0.006581747268026366,0.017529550224044985,-0.0013785946732945908,2.3564926316252013,2.5046930996078576,1.5923061263915657,83.78941439001429,0.49105419444968745,13.677395958537437
-0.0359948164121701,0.006589436136687082,0.017519831914090397,-0.001394286166705513,0.0451657852127223,3.1014426626262956,1.5953297410307,58.735007094394376,-0.11303032350358772,15.136029748874689
-0.03600843634732161,0.006585193961660916,0.017523260375944892,-0.0013779069247454542,1.0733770295932055,3.6561919134956558,1.5725668039080096,98.955818478987,0.4219676460667691,11.444538236898357
-0.03599791614775434,0.006586953724661475,0.017498948601796682,-0.001386489355369992,2.558686302695862,2.5506029450702346,1.5504873123449796,84.58643788566528,0.3203123425695076,17.73816892148224
-0.035995117809029024,0.006579073236767438,0.017522705761511822,-0.0013794426726779483,1.023943585697471,3.454846559003529,1.5822239754546679,115.04052172362137,0.44111727899179975,13.542747669118054
-0.03599153840966633,0.006583643142711605,0.017515385294505848,-0.0013944039492566722,0.8071436259239817,2.822990515909599,1.541231288921213,91.99828278426625,0.6647243763683068,14.254288152188392
-0.036017343999206544,0.0065883317948999785,0.017540677301629264,-0.0013924043476885928,1.7027977088890764,3.304388822311533,1.5764781319314811,100.79900712347651,0.06176589169896221,16.773375594796818
-0.03596105556853472,0.006579473249805894,0.017517088829484433,-0.0013772569580910623,-0.062332035886891735,3.4345286520056972,1.5985770823023904,76.88184735570539,0.12215725839169989,14.197272441847442
-0.03602781177339602,0.006597576576798011,0.01752041420625964,-0.0013881520115805609,3.4076974286819737,3.3343358796723432,1.5148878886966097,89.63757834286778,-0.2501273686885241,16.603949202386126
-0.03601713453760806,0.006588539243692371,0.0175091510025854,-0.0013864667424419717,0.43761658983847584,3.9511478593977163,1.6277501745581058,118.6351486514877,0.207632342714565,13.473486685426067
-0.03596004065451153,0.006576714475009087,0.01753658681326649,-0.0013885914710204698,-0.189155537411418,2.8158294709192107,1.5953913220927363,60.718065202768756,-0.3553627498903042,12.265272721279375
-0.036013397276079585,0.006598190732881766,0.017513558218569363,-0.0013978956083845824,3.257763549817528,3.0414946689984026,1.5193833719695748,77.11821313845095,0.21444731221676394,15.95931263374384
-0.03604166468234833,0.006592510152987228,0.017518977305219858,-0.0013861979631942611,0.582415373041621,2.6810743163091004,1.5840293766715199,114.30788117415202,0.8278029336865533,16.08420002619514
-0.036009070196972304,0.0065832947269364546,0.017520638838041017,-0.0013915578922482552,2.921660754261475,4.173282633720103,1.5336953932291397,133.82731011994633,0.16656271059539746,12.433074414786141
-0.03602463883628052,0.006584271167669432,0.017522541233572723,-0.001383469865902758,1.7611073895529996,3.029484051762658,1.6210481919960968,83.65896911767801,0.1658953105647487,17.64025113871198
-0.03598236858162849,0.00658116911857269,0.01751503676993299,-0.0013999367065271045,0.7345658519096923,2.778013670214216,1.5889870256769956,95.90754990740804,0.1654871675674858,14.988013311179909
-0.036033640275941685,0.006589130699018417,0.017516624916355972,-0.0013891583234949315,-0.35436564303258633,2.6064234709196183,1.600331261181794,91.82697445936348,0.08469795911067851,16.112002557286228
-0.035998392893084874,0.006579811970556001,0.01749806630147817,-0.0013854903207709329,0.6384136971672218,3.4155038970101526,1.5761597480151435,80.90926810594027,0.05346579082643109,11.904798912319812
-0.03602461231439611,0.006564640747967725,0.017509229999212433,-0.0013837307667170628,1.983135808718868,3.945802445625751,1.5227101291324343,92.49359627403514,-0.17567503039528432,16.777827826784204
-0.03601475714273739,0.006579458400307311,0.01752752383020511,-0.0013758075651948897,0.8415709855231976,2.754434921029606,1.557638410802047,82.41917028491883,0.03353999827920219,14.082784206034335
-0.03601976731142486,0.006597828726632422,0.017501204857855508,-0.0013892946324751926,-0.29821692968391167,2.3793671774968166,1.5845704056885257,78.62812173853035,0.3207554302066592,15.559403813238585
-0.03598494878862131,0.006592305981718592,0.01749747700263462,-0.0013979137698573354,1.0830482496039422,4.1741949780628165,1.5767268238864443,113.50225447742338,0.20769821257854026,14.387978731914597
-0.03603713998562506,0.006595406152398529,0.01751040363014845,-0.0013899277891759234,0.49837193512798694,3.2976991526333626,1.6382600931655242,106.39436196183694,-0.05377847564164623,17.020875215629744
-0.035983850768657684,0.006578280162151947,0.017512246754327016,-0.0013864840952591672,0.058620053933515104,3.057809798299659,1.585452229194707,136.72933134657114,0.2778638075921426,15.649894886837385
-0.03601429408801407,0.006593741085336332,0.017525403498293096,-0.001398072901164922,0.7533568736674681,3.182647883528268,1.5579002489601053,71.14876045331005,-0.17842722755785345,13.032343240353882
-0.036018208573713614,0.0065785578543663785,0.0175286052990828,-0.0013706314679582084,-0.1790665231150661,3.3467292489621765,1.6025002867965363,84.20679229461989,0.2791528046498628,12.50347204196936
-0.0359893962244741,0.0065891637287536844,0.017524310090727913,-0.0013946592931539145,1.42687295593048,2.744882672783519,1.6224833904418776,106.223570688254,-0.3140374768885109,16.205769026752353
-0.03603350025571848,0.006588187562729335,0.017494056549951557,-0.0013741350283917404,0.237260140202175,3.1423193008503167,1.5592734332022127,77.09161051432272,-0.17122061259702348,15.776680451509666
-0.03605085646081533,0.006596254814714275,0.017521425247105475,-0.0013906194311465326,-3.5069596681367154,2.4210312261238327,1.62266598672079,114.42115993553617,0.14556118628497516,20.01351609274139
-0.035996031553056,0.0065945547348987745,0.017515073314269946,-0.0014077574501798478,0.06864087772553407,3.061453277951064,1.5900986586339687,98.46516406669197,-0.09198434546332021,10.79790622838484
-0.036008441621068636,0.006594074525015701,0.017502309598279833,-0.0013923553932790064,4.246852646670035,3.2886656139236297,1.572072377463299,79.74212981955884,0.21857037263716284,16.682192659858924
-0.035975052879431126,0.006575566257801476,0.0175016811545379,-0.0014071840042223034,2.2688386191459315,4.070060058683079,1.5329010029303687,63.315846995189176,-0.03341455749188604,14.8155005715687
-0.03600557253039756,0.006579371760057008,0.017502092678747198,-0.001400633130987529,0.05420606901992264,3.1872648054224673,1.569126147273535,86.79759730273516,0.052164904907657975,14.398198988551849
-0.036029874261798024,0.006587182065953669,0.017513377180138245,-0.0013971491385501695,1.4148335527271219,2.9060382394215556,1.579612502900963,83.23657397118218,0.2150483452280899,11.368232445440242
-0.03599291584214423,0.0065765104505390625,0.017530166864359632,-0.001384732249778733,1.9803785068357638,3.6238024097278174,1.6389516875261771,104.6607653660273,-0.2149073165835244,15.30650428477213
-0.035943443177045814,0.0065952140687042075,0.017506333396779594,-0.0014091045504148172,1.123642040714845,3.3559055244603178,1.6042045198325645,89.8370117809071,-0.18710848378333889,12.876640043162643
-0.03602606599940754,0.006582816061708099,0.017506754417754306,-0.00138152979307901,-0.13169042134454423,3.491046804715166,1.6405353583584354,101.10149908740848,-0.4021633073228696,11.403130165479952
-0.03600162558927315,0.006594342457080009,0.017519274915061778,-0.0013962357989531294,1.3892393753727086,3.265608461869494,1.5592882068295268,113.8379965973943,0.7717851460412635,8.710847918457294
-0.03597886496946891,0.0065957426218900325,0.01750173887219057,-0.001379735817521584,0.16263725455532918,3.126653721354962,1.6123105541701312,107.84717464206429,0.3865177206955441,16.20549252516845
-0.03600928999396353,0.006588260970767048,0.017522089401444577,-0.0013865547433673546,-0.10236802171043191,3.5895936384597578,1.5801825474726496,88.11890763367346,0.3436547338752405,19.42214891184901
-0.03602957784815695,0.006592276533923268,0.017510072569955078,-0.0013874898212186714,1.3376427377318505,3.010246465077162,1.5942063109956104,110.76053656972887,0.5137570361668531,18.663365364087632
-0.03601723673208363,0.006586861295110283,0.017526924264680277,-0.001379630440510851,0.7849885439634983,2.1240960967016065,1.5535848466598206,90.65041913603665,0.05821708288489645,15.196853650479222
-0.03598342983602171,0.006595661952214968,0.01751859945521469,-0.0014003917307749592,1.9929510999977464,3.167219748662256,1.5603803865589996,72.84988454618383,-0.3064395283804235,14.266566508182315
-0.03602727389302651,0.006590422595844782,0.01751721715340429,-0.001397278156405611,0.3315375296485168,2.844495920378459,1.5556527344564444,111.89167122497926,0.12146115846557623,13.302052540933955
-0.03599685710419641,0.006588983248105121,0.017501517491272968,-0.001397399815412201,0.7861933769594001,3.038770869988983,1.6202229342850836,127.21950488530247,0.12098550740113966,15.995546952115157
-0.035988682002716835,0.006585017825459371,0.01749867073239221,-0.0013819224342296096,-1.8621775821577922,2.5222657002949544,1.6175249689746427,80.98563527636851,0.274382267468156,11.291780197647839
-0.036000159274217305,0.00659002158734233,0.017489584963050687,-0.0013767186384731785,-1.4605656572412724,3.089786893126012,1.5740732173274448,95.50486364580246,-0.22277140558799868,12.443095468405652
-0.0359776695525039,0.006589383226355321,0.01751130891387294,-0.0013864748099638642,1.9622025287764775,2.9478344818826314,1.5439222732149278,61.359807796898,0.31875132298936204,13.129976488758512
-0.03601566297871201,0.006586719992750459,0.01751472852926776,-0.0013773452568461657,-1.6728421377990377,3.115456862077762,1.6181069094248468,85.67585810496158,0.20201367834360423,13.602254686111353
-0.0359868002946592,0.006578201255916653,0.017504445337783052,-0.001398751989139801,1.1124423715686758,2.604204627952401,1.5580222890845719,67.10030255580745,-0.01491302304099304,15.445684301019542
-0.03602522243947092,0.006591540165654861,0.017507632886850245,-0.0013913431185839974,3.0802787889417713,3.779872323214396,1.5650011661459473,120.59721741275811,-0.045711223123465816,13.837399650381515
-0.036011026080788,0.006590561204534155,0.017522234844597886,-0.001389655157849926,-0.2567845106039601,3.743558478077129,1.6225682687272356,123.86459587542622,0.21864442578025872,10.558873911977571
-0.03601038179209839,0.006588497919898158,0.017519565503845914,-0.0013837614150680247,1.7687044541962338,2.411230045002989,1.5531146549852337,97.2693728016127,0.29350877304802586,13.72939430399241
-0.0359883602814275,0.00658945440767812,0.01750916533521938,-0.0013844584237134774,0.8401464775439784,2.843693063322271,1.5782952026173673,116.94945832706654,0.5201107528682591,14.97271243804613
-0.03600028294343371,0.006587176925650588,0.017510928770637153,-0.0013879260595430986,1.5698741958943627,2.466089646600175,1.574345596682783,84.93609450565718,0.30157352362023293,13.52943934938569
-0.03604406658068576,0.00659894685307796,0.01752211328574483,-0.001396365374695655,0.002493677541324457,2.670879481053516,1.633326430563292,108.13330162498278,0.02841614606874393,15.54269341831689
-0.03595961647791256,0.006574984521204442,0.017508740035375954,-0.0013950045388393655,2.3152910658557806,2.9497734009473766,1.5827222662686844,74.28257679616729,0.2594216393450832,18.770262108351062
-0.03603653549771841,0.006586702408952698,0.01751500877501855,-0.0013948666485697249,0.6569513808447556,3.0675807666372186,1.5819350186413705,98.95473636340446,0.28101310923573836,15.166631161657497
-0.036029612847224626,0.0065775270398770996,0.017513830990937642,-0.0013968076765954664,0.14476903807664798,2.3914302992113665,1.5918425827006126,98.43145093368364,-0.01261497350945573,15.363201280190736
-0.03596843872705629,0.006587702847254713,0.017516921066436656,-0.0013918923490575804,2.7703811941084124,4.1409508442891205,1.603818740926621,108.23331693828976,0.2889603879358388,11.008254671408189
-0.035978713049598265,0.006581144446550502,0.017506054594681814,-0.0013775613007577612,2.0650105824961105,3.1214210377019174,1.5780204271538696,109.47381011586015,-0.0684205271854664,13.576665521922978
-0.03599597169578559,0.006584956698464277,0.01753190631279013,-0.001400976506740648,1.2145085202741939,3.284860032005009,1.5926468672229477,116.59052185576566,0.35600634663057545,14.301200912894975
-0.03602399240068558,0.006592001051697496,0.017508111547314534,-0.0013864512003228682,-1.4081765756329947,2.967116389220343,1.6064225456649246,80.18747946088862,0.06592496372084838,11.995259923229389
-0.03600147305225392,0.006587626260518686,0.017525756972110874,-0.0013679850374455457,1.3337527987325157,3.016178923940614,1.5334614101398816,86.4106413248881,0.11844656697173868,14.483194990933315
-0.03598391053365132,0.006595584989434694,0.01752838845452905,-0.0013867341885375377,1.8441319277236439,2.8093371823990947,1.564818032301422,98.91606104900393,0.034763618002275884,15.132455911901785
-0.03602979665652889,0.006589798699332653,0.01750433064225215,-0.0013790544894326446,2.8776689863514058,3.1108831703066873,1.5511892430887204,96.67732257183535,-0.24964029339969235,15.360642185583231
-0.036008752603188234,0.006579240505491864,0.01748128614285311,-0.0014117146803619713,-0.5720390004209737,2.8409057578543164,1.5535394156495625,112.77485178580446,-0.21644956377580477,15.026556353208035
-0.03601283670567379,0.006584603795772327,0.017514929467114537,-0.001393930844249353,1.1009525678240344,3.628883780311865,1.565907340205695,114.92104249797025,0.04757465396101007,18.464221414978397
-0.035998210802898355,0.006591609607928361,0.017517952425980778,-0.0013867926714068342,1.8456099360665388,2.7407784616480315,1.5764353279217433,111.64684327960721,-0.20492233668568255,13.064573053181707
-0.0359983148317085,0.0065925183155024075,0.01750472485138237,-0.001388325041351141,1.4292036299530966,3.5938936466110496,1.6246515004986517,109.07822775979865,0.35786564533065135,12.56339805815011
-0.03600143093606085,0.006590242933458007,0.01750737112465189,-0.0013780351750193548,-1.0441194866986847,2.8883107878340764,1.6135499093995453,107.65249242392156,0.05763824073644497,13.697192063518143
-0.036016354382232864,0.006595924588793013,0.017522356736772143,-0.001388198975052732,1.9549187123675023,3.10546714428759,1.5586707356987384,122.91317484372473,0.5708739335913093,10.836306690497215
-0.035962053244372995,0.006586579814421119,0.01751063664818432,-0.0013778436231354828,1.2093371796700345,3.604215147077498,1.5253423539336162,96.48565406759292,0.011821540555052551,13.059757233297612
-0.036027109106344206,0.0065851465071058,0.01751751815504362,-0.001408690067287667,2.4048782635263155,3.5796210435514566,1.5386347329096164,117.17783109809467,0.006759601618186867,10.953527755032669
-0.03605986116990353,0.006581268170148553,0.01752297062119634,-0.0013830153824807671,1.2294039238827201,2.9926805652824773,1.5848579586200222,108.87929517534911,-0.017809400029939804,18.583086284919535
-0.03603559885833809,0.006589422084557838,0.017523362200902913,-0.0013775877495928721,1.522393864878503,4.131696204863026,1.6110209586208961,103.48270471984446,-0.2508982078069845,15.495557467489055
-0.03599735572812726,0.006587067585254177,0.017521704381108727,-0.0013720514780882307,-1.0535032259791373,2.7297332670159404,1.618149037023677,89.86246252957633,0.16338102311372735,10.276000763378931
-0.03607360443644379,0.006586559716334458,0.01749173301678527,-0.0013963264983541943,3.490009552600778,2.9537414468749246,1.5637749472014781,103.25904258699013,-0.36903290969789976,13.431920220799807
-0.03600686928800523,0.006593715569087916,0.01752094746258212,-0.001387999861655624,1.3182357274488563,3.17677552789914,1.5631020398357032,119.13641411766943,0.06426073241685756,13.736628580052791
-0.036020354822717836,0.006602537972153854,0.017516990430281678,-0.0013763295060855356,0.18729963701089192,3.108852666469078,1.6274301896836225,107.75976829613072,0.1992089722139469,11.42221387736313
-0.03602689714490765,0.006583642846894592,0.017520183516151533,-0.00139520126771398,-1.1742135631197468,3.6098370509585536,1.6617265337848852,105.12336334678083,0.3541717479533073,9.816621484832167
-0.03600056161782791,0.00658962032358823,0.01752132319566864,-0.0014017125238781085,2.3604808289954358,3.5875787032702826,1.5923231849675703,114.51456943074868,0.4757611620393347,11.269518267858617
-0.03602454731165028,0.0065822719716523955,0.01750712848845482,-0.0013986698710823332,1.7637237643308634,2.457708237542802,1.59374805192921,77.31743574692639,-0.023749722991000893,13.822407308408021
-0.03598441651636526,0.00659769939337756,0.01751503828016698,-0.0014021486461417128,1.6322116606256203,3.467922467192121,1.5476663749237223,79.1019406806,0.09070151853532893,13.466789071402875
-0.03598079778051805,0.006593828261257663,0.017523022127233265,-0.0013800815828308617,-0.24487896080346871,3.7060247065644725,1.6566734201816358,97.24127222203819,0.1807554774044245,11.622119469263335
-0.036057844838646345,0.006583430479507527,0.01751128607322215,-0.0013915999420276162,3.4309665701889553,3.0612918341925686,1.5935410271164914,114.44501597345693,0.11032691490851784,15.292077581684703
-0.036016955695586564,0.006583731944808233,0.017511938205986233,-0.0013899905390433419,-1.4966905802873622,2.3950871916964385,1.6000032831871194,91.24060012381807,0.25799021642679815,17.297337563543117
-0.0360119855492507,0.006584199278906206,0.01751789964723034,-0.0013830091251837255,-0.0546897578561969,3.116233363978397,1.603123414987279,84.45277043087681,-0.43632289928074547,14.880013449043727
-0.03594506300214739,0.00659826049698832,0.017511949816942058,-0.0013997103992466995,2.7163819757103274,3.270454776382054,1.5622376776234632,101.43475093740851,0.7009588951080818,17.956100974701194
-0.03601170913887359,0.0065912309085110286,0.01750602060011765,-0.0013826768103809375,1.3966590963033103,2.4063701100925248,1.5948673970360765,74.02540658293063,0.17051521610152143,20.13006962275619
-0.03602483389767731,0.0065893496659067685,0.017489937254465533,-0.0013769913839534618,-0.9280207537532159,3.0020978166759993,1.5898333898079937,83.81917132426332,0.07682955360271498,15.2149776987324
-0.036013931643191215,0.006586230522806049,0.017510668727380718,-0.0014006850161571553,2.455574884330726,3.1493152197608567,1.6171792721198357,85.6844551430534,-0.07016594577775695,14.927436267748872
-0.03600627484396607,0.006590518459190133,0.017521690286643802,-0.0013775806584574684,0.5435667708353282,2.196899897040132,1.6091142193551546,61.52244666393723,0.14600066884428434,19.030635072824087
-0.03602420832229228,0.006586170011007627,0.01750871502555065,-0.0013946723279829464,2.5725734630459325,3.7915957812957277,1.5547455672270605,75.47938233462695,0.28475949790770994,16.198415841889158
-0.03598363331036346,0.006592766801808153,0.017500258378729837,-0.0013906578025679626,2.556053609110851,3.004246404405777,1.532818659818613,103.05491600622354,-0.10287710227311012,13.464506397282214
-0.03601715980806498,0.006579592465529338,0.01750789028768461,-0.0013827711640878205,-0.6249366863244332,3.9660097742190095,1.6218214386520204,125.92871619340025,-0.13616854542049073,15.654040019204722
-0.03600967352768836,0.006584313638522864,0.01751185681828828,-0.0013933263577819844,2.509759113129604,3.662781243711069,1.5587736636302583,68.86062242911578,0.05016368610967356,15.096038307338947
-0.03599500823118426,0.006587087768230668,0.01753122046877991,-0.0013875856129163923,3.117216559388398,3.5320853928700617,1.5350512368541211,102.86811343627582,-0.1808393319211013,14.789531026657627
-0.03603884051318919,0.006590458851611021,0.017508539412049166,-0.0013923614153346616,0.0681999903184285,3.0837548897952067,1.5938769015200775,41.566536151570126,0.04149273427577749,9.827110501321618
-0.036019649567040145,0.006591425153946887,0.017517153658775556,-0.0014006715022340619,-1.023383698596124,3.6402010016834083,1.5918972206208803,89.18751255076435,0.15574917079289044,16.06258970159594
-0.03603661359676354,0.0065838066865306485,0.01750246896559369,-0.0013932195229344726,1.672663849531767,3.5955261330219948,1.590630413565331,107.71746465116195,0.028901645895807376,14.615034320500339
-0.030560741580629994,0.004652136857205157,0.004380206066824627,-0.022760940875203056,5.883810949793123,3.619688478305359,1.616120441403396,73.36899993189262,0.17896666235443784,8.380665602665776
0.04064098955426901,0.023002936865612562,0.01618983811603457,0.009590882535339082,3.5515133747041885,3.1541409268415643,1.3240636686651939,116.47710855428724,-0.020812422436995576,17.32868336986696
0.013683771086910882,0.018501640689734825,0.011787875924140821,0.0034353361621091774,1.9155134638679652,2.942251949108279,1.5066039749672389,80.74516597464714,0.30262920313618996,14.376301592825666
0.02552754980085054,0.013981208934668485,-0.001662281537436576,-0.005259613263734507,0.6980738375363387,3.3602747979824623,1.6202029515753922,133.19022281319516,0.03252274204461654,16.438830252271327
-0.002935097698635085,0.0179365241960957,0.01965297588979835,0.016749310572087298,-1.068881015674267,3.0875936818982805,1.6258173706393868,112.69037135406919,0.24019390781756678,14.97139883770877
0.010228427611191537,0.00436853765054814,0.01701813309891674,-0.013152019075245837,2.6968734113591557,3.531033990473777,1.4446987030992866,138.90188103528752,0.22270089678990412,20.69375959009856
0.002612533590683107,0.006117936491369388,0.006064537839788588,-0.024397892901911147,1.0785008134583185,3.6135342099999286,1.4981847551865075,70.5501548773591,-0.08802001014497474,11.127870086412074
-0.0433745207729533,-0.011521595067259449,0.01929195430575576,0.001432561668587221,-1.3283128137550184,2.436216150505306,1.6326714160543365,113.11738918650495,0.25173894227415344,9.314137961271047
-0.030431359495134373,-0.011235398665963998,-0.006824183288947528,-0.025507876693956266,1.289190416084902,3.9215634770748196,1.6795583434710721,78.70003875142979,0.22226944085477238,14.644822782530621
-0.019484704859991132,0.0270528340480313,0.008992629885268706,-0.002444969284210725,2.9643967423728514,2.9059369797878576,1.6099535469174582,141.15300095265724,0.3894488435851925,16.527112157441973
0.03470942494797985,-0.004045874295976365,-0.003971879097926704,-0.024199910001639728,1.5270412312260173,3.976226865536476,1.4859469799970917,115.35470784338858,0.1638082773864191,23.695686299395405
0.048146459248049236,0.026793988714438118,0.010866303408849316,0.007492702880964928,0.9237335148835562,2.9482830138511487,1.426628312185165,110.46185518375071,-0.21105234038519888,19.58814503864146
0.005229605187579468,0.01222241921753618,0.0015868699717486237,-0.014739928012174375,0.016963453552556906,3.2360909045248527,1.5381443241291577,94.85030089512016,0.2570060064085701,19.25131385700721
-0.004869191113812895,0.008324605809705428,0.022228219686147178,-0.005000142730247924,3.2378728446320495,3.238058507366808,1.4819858610292922,127.76947063326618,0.10946951964385787,19.247709449553298
-0.00114664204493177,-0.009979183926395246,0.008270592493113897,0.0059746567549932746,1.2407171097239615,2.8937379282788247,1.4841532115729126,82.38126679371038,0.1777041281273503,20.46961015689276
0.006288467964112938,0.019760294510736586,0.011103281723889335,-0.005737979600955472,1.8972014613528987,3.1802354299883118,1.4936709141950675,150.67649859704022,-0.36786581407585967,16.2185587130428
0.025605868561446105,0.03265248570043712,0.01976983698354215,0.011652945774989614,0.8448828792390248,2.8754097984015705,1.5002569205923562,99.51004880409677,0.08055706463549853,16.987686089731834
-0.042210925629701204,-0.005537616967497251,0.027400832359306515,0.013930858562490425,1.7607987344391025,3.1658380472035152,1.6862060242839136,119.79997221241831,-0.23033008984198827,13.626694490378084
-0.02155636288095883,0.00689017093402993,0.01190200650195687,-0.005829818147637021,1.6181739804207274,3.1459335942756117,1.6000872301706477,62.187745172364956,-0.0680130903137171,18.444219889818754
0.00039303305505172803,0.03507500151221163,0.012243811324775294,-0.0033996339748788057,2.75417718121834,3.8564066615019907,1.6785065010527656,170.07139854470216,0.08102994319873015,18.62570762322077
0.021166853271806636,0.017092316770926534,-0.003394447365466584,-0.017027026472295377,1.4358802405583138,4.046849026719093,1.5674453285039485,91.13841457401045,0.22303481734022057,14.34558301246915
-0.001567342249377244,0.014153609763434646,-0.0016644996589999534,0.0030077799354651796,3.556212437795101,3.3245284606702423,1.5567074964749341,100.86435644182028,-0.07333238288660501,14.73484871328784
-0.0012016355706426299,0.01581037519274843,-0.00026027155916373557,0.0008994386469515438,3.3248191860665637,3.192158016431598,1.7509311850534623,85.98071116309046,0.29405430347371464,14.565489757229441
-0.002221619504688181,0.014169325244670065,0.008104881382737465,-0.01103984357937015,1.2992420005757939,3.0239323775892237,1.4803855516138809,119.14885723196558,0.2390605250074659,17.48100377457389
-0.015017031643050103,0.004282932913186797,0.004095918265229185,-0.014758951137308761,-1.3096617902887417,2.9078409239523704,1.7627368864602406,63.36742622405393,0.2018279515020573,18.00973705207546
-0.007652223364021365,0.0182946919232036,0.0006685750851664236,0.007246840126598425,1.000678263916182,3.766627631808873,1.6036575191918752,110.68391717452369,0.11715131902190401,19.61992953583445
0.009000821206974253,0.008961195134809497,0.006761026454546461,-0.023944620560777993,1.085888482502914,3.9800367853504146,1.4452097286480525,75.28154275168615,-0.16938393852896194,13.250627041611766
0.028176502853619192,0.020927293025292712,0.006071386768050027,-0.00018909312538457597,-0.9236853473115163,3.314618719859178,1.5083927479731716,104.05214962242198,0.3157639920848712,17.224375109472525
0.00011378889793257213,0.04420235057197755,0.023487987907187695,0.020058308930035136,0.6365824918912559,2.986920063934367,1.5547111220903551,127.29724245165885,-0.020888322267850312,19.102049194483403
-0.02188761764631112,-0.004063813136600451,0.017775195206261914,-0.013418961270788479,0.8501702938652602,3.667816501392609,1.3933997513546088,99.32058560035183,0.30039310264672764,18.028517805960313
0.0010997413617106384,0.020265554314641197,0.0015541054281760103,-0.0007035792639166547,0.22419587182451206,3.5482123742473948,1.7157398074091987,118.37159821912306,0.04022303716518473,18.891532735921093
0.05028182779568968,0.03994617557819388,0.008731160628585592,0.022161990890300277,-0.7263147348465715,3.22621267944146,1.4582923527368112,100.99207143576471,0.40829209133712097,24.68940147877094
0.021285593398003688,0.013877916191250658,-0.0032339730575727584,0.0019091997368817612,1.6528968974279985,3.5841201395505617,1.41090970913007,128.7413429723281,0.33828564075319734,20.441415011962576
0.005375349973415718,0.015915165202348112,0.016782708542706307,-0.006041969354253176,5.045611412130061,3.411464350341755,1.4959267495046311,123.54734060408384,-0.14361115877857017,14.875111413944424
0.07475133735181198,0.03381968795005122,0.00043076705882381244,0.018840711068885664,-0.9444944830664275,3.4327724442530365,1.3818901886804054,138.43497965230313,0.6380622107726464,19.276022497973965
-0.003584067736115349,0.01674818985444304,0.024932314387899127,-0.00025824712532450617,1.7401706249310236,3.2995876328367966,1.3519096252479001,93.1777240119475,0.2931094889504202,16.863626814662116
0.03405212016661453,0.02799311421847924,0.00753319790569587,-0.004168406951870661,0.4412425238640192,3.4273232584255564,1.5050831377768474,118.80599595287633,0.6922593588391055,20.81497261882394
0.015664573386725413,0.006525089846675866,0.017786626466744303,-0.0004429608618341253,-0.4591449415935167,2.8064061522494996,1.2772450941370042,132.70223212320383,0.152595145036568,11.806774516001354
0.012050888190921639,0.0209250213596393,0.01807911926850885,0.008129414825780302,1.5502165100185081,3.6620227971751707,1.6486803079717487,111.89312307626074,0.1257808814015649,16.456205042663687
0.021018722529498383,-0.0035958764429734925,0.0072401919776855115,-0.0012537943834983753,-1.672791174663406,3.0561950662122124,1.4678903441677058,93.66495711671358,-0.1179278998399223,15.240553240290224
0.023963745954918392,0.024166184904567636,0.027603603668435547,0.015881630560036705,4.941829509095861,3.8236810108481896,1.4112518614293565,176.1984912494122,-0.07605927977912577,10.938501584577804
0.0488865855774815,0.03538452735011215,0.020635012035394605,0.009133784147920706,-0.669895959362997,3.182986075805342,1.3716425957123197,121.76644144715652,-0.17612447690899719,17.75250201070282
0.019580053257746883,0.01873433765913411,-0.01362642234786673,-0.014174196160487585,0.8521905500191305,3.698076772139064,1.5734141738690488,85.56783943218842,-0.00931310968117241,10.445328698234341
0.049009861351822614,0.034266220470278254,-0.007453858005451756,0.0015642026857612449,2.5977589829681498,2.8136654442473428,1.5467181255523181,131.83581836499394,-0.13577185619292093,15.634567621700281
0.041426952334102346,0.03028968448631903,-0.003683357094139998,0.00526264155679945,0.6331779894942406,3.5571822990029953,1.7374984547428178,115.89962874037582,0.5080673328010322,17.16854217508565
0.014354688231545901,0.013264142037551937,-0.00818801521093473,-0.018644040507613743,1.368741970736515,2.709450318049338,1.7400026797794066,96.1308751769904,0.1429433207296601,14.872782965556736
0.02907130695701776,0.010126123459369477,-0.0047009360825756,-0.01661220305563835,0.7022871631983845,3.2708457789509713,1.4642204180120217,109.2928991243222,0.3165150720667935,18.906578834502767
-0.012514297646290834,0.0026122417167450986,0.019287782864907208,0.009476614083577002,3.6741835786528965,2.7835115109010786,1.6342723163619481,121.91719620639599,0.6910605206489917,12.728914573586142
-0.0091860316214912,-0.002903201165255203,0.005508784001694541,-0.014275238069087804,0.8262382166760265,3.0425518622428247,1.55464027465013,42.96221377709854,-0.19472573658571124,16.859364193681184
-0.006929098126821614,-0.0013696168850218411,0.0010404429158847612,-0.016630972181878534,1.961397713703217,3.2756434073721943,1.6765446420410801,108.14164585001647,0.18392805785388325,16.397083632731157
-0.012643694003064141,-0.0024158024907541386,0.02024921455536577,-0.013903149310613554,4.311824473338719,3.3576648638369186,1.5196563937025902,120.3794057116618,0.06050325365362738,16.65945361782188
0.006180184560822668,-0.018038366340147043,0.014213504954546657,-0.0060485879056225164,-1.0625642224711602,2.677279684522798,1.4603163102219259,51.45978142330403,-0.21455065440663446,11.620711516985518
-0.02329647547264882,-0.015085795085163224,-0.0008162535976093573,-0.010439358550342868,1.204789536270182,3.311330827092839,1.61039620963363,94.19913555672015,-0.22227456458282396,16.50756057866733
0.009175882234260625,-0.01098172908187244,0.004254204084891265,-0.02752335803751748,1.2715471549774457,2.9304923768473388,1.438320355031039,103.8508855977535,0.0883877856959821,18.04161020518949
0.01477819822472241,0.02811962488162289,0.026360879968990357,0.0367902935575511,0.8799036016982815,3.101943969226127,1.4437204973308346,141.70175358705754,0.0020663121932673334,19.467222923977996
-0.019475033412918088,-0.005368728793628118,0.010352442196345195,-0.005180335601293571,1.347887359202265,3.307316655649176,1.5150580091247796,132.16803833674712,0.19291214035079002,15.046237666466036
-0.005757993800385892,0.008897180115242273,0.007186551554516088,-0.003909966374870772,1.3048754698038039,3.336176606230105,1.6227773704335993,120.9961492908785,0.41745317192672127,11.039010630312385
0.03653336581953841,0.02074319610839713,0.024433948992082243,-0.00956464188620587,3.418645072795428,3.7863567120622843,1.3931208629346168,98.9545001341366,-0.43820151874772556,12.058691856196592
-0.004097844641767653,-0.011805988778642537,-0.0018829490976815001,-0.015928205882432513,1.5868498993058777,3.2626687146167614,1.5997558697358891,74.19758088581113,0.17399291830349925,12.888678952191968
0.018720411440060866,0.01687356897129525,-0.0007615015933320236,-0.012817689352851169,3.1380511449474495,3.5872064518648883,1.73565033358953,66.32702274376528,-0.19314996220669406,19.053890879249185
-0.009935845182992772,0.009547927596060126,-0.006298358300995609,-0.008191859866520202,1.1324846129694173,3.4008854789869027,1.7165197981120195,115.09518884349573,0.28440820222876095,9.817311583572797
0.0331550752825862,0.003664429613295353,0.003179489896933136,-0.01751939841363552,1.8222000366322724,3.667533206403255,1.4085181627980232,90.99417711491579,0.06114930286245451,19.490074599654218
-0.017607310031917723,0.005121237795991581,0.000785376316879088,-0.014023364954906355,1.2663168934208948,3.7016730124391195,1.7137651653243484,69.73061399058048,0.18766211007002026,15.290968791336994
-0.02913810562972778,-0.008300573198253705,0.009241562703553538,-0.011675838791287687,2.506519303428588,3.797106480791337,1.620139304406784,130.40472852211326,-0.330643130827589,11.116464338802164
0.006015348085391638,0.008098814272961706,0.014351540128714336,-0.0024368554718984417,0.5625376666436739,2.937117178013999,1.4952281855122107,121.40803924987023,0.2782463540306663,20.89073035773629
0.016812002546398638,0.01895860094298852,0.00444230148588313,-0.011132147072295196,0.7636248651244053,3.7385393217425356,1.703543267568006,111.82741806574475,0.01986384429777588,17.629031016614757
-0.023522342041396402,-0.01080189532271294,0.024252779607732818,0.006580298638322005,-1.6003362036713527,3.0936887333387917,1.3129593328479636,92.67532736623428,0.008285719861415852,15.34882734430077
0.016486083041375273,-0.00946864303285645,-0.006735554348401245,-0.017736843075625293,3.991104056860321,3.0009763105987406,1.6210023855388418,91.68950741810832,0.34012722947477936,11.063598783041494
-0.0026472095279681633,0.012917348625746682,0.0064038719522607705,0.0008591422242083297,2.4131945848936587,3.286381423992784,1.6429466813686968,67.23693436833796,0.0355283901773987,16.271917777750694
0.01975303837995099,0.0202174827199709,0.016635058016319818,-0.02617522332428225,3.1383021369685604,3.812390864173162,1.3467287712613687,147.75420557161718,0.38690794891809127,21.480683110500863
-0.04157210452821422,-0.006846251000708209,0.0055290650803682916,-0.0027306957589819927,2.0375988855526987,3.22822047965321,1.6523148741665623,72.36583296311106,0.3427491336468905,9.222549842967414
-0.02376435316022998,0.0033532900640311216,0.021321122991889152,0.01994455650903209,1.6947166059537315,2.788870189111009,1.57911686292523,132.06229499408923,0.11056562301203177,12.569059999919357
0.020781773605038283,-0.005507765846634902,-0.006589187306136441,-0.013531910872005663,1.7475434508376764,3.342680091925445,1.5891381260722905,104.62283512412031,0.1939604973834437,10.27647813297073
0.06017934987327085,0.04358028087480353,-0.0006849411756064353,0.022966032413851353,1.788520372834471,3.7432220044176523,1.4380277741362404,108.53517488322628,0.38335192689453623,14.065902147120559
-0.007291098854915416,-0.0002241831946406484,0.011410218871179859,-0.013676486300090995,2.8717934451173575,3.3662716162813378,1.5941290294705963,104.25331648878901,0.1299314116315248,14.718691377642843
-0.003185066658922712,0.003203074100824572,0.018096178695884868,0.009802919535837345,4.143281933713391,2.346008591232345,1.377850145190332,110.85340764629129,0.18733166818025965,16.819313684310913
0.01848532968503924,0.01758719627483269,-0.008841924820669667,-0.01341623579680225,0.6208422270848697,3.7358740732258973,1.5860504595446676,100.99472371181213,0.1894873143964495,12.88289685990545
0.0029282555498703518,0.033955195731903295,0.021205234787155434,0.020128060003790887,2.7176454870599778,3.1775781200191267,1.5523893440121375,114.96490831358535,0.15497188909485962,16.760028829861998
0.0003750623066045393,0.013272100574564431,0.021294432507403233,0.01684254428397177,2.9085051106757884,2.7963506307814194,1.5447229100407593,109.85149743661468,-0.16080731080800842,14.902667992172187
-0.01657414667455879,-0.00588848512680684,0.01835820844051185,0.004638205486751504,4.320516318306138,2.9400718154215095,1.3910340300069504,135.445294571473,0.24193127484349572,8.331907927597095
-0.006430000336811136,0.03740329076676118,0.008860391040220506,0.016554549073553526,2.1458512985074703,3.1631339061787997,1.5557261857648181,129.16235802618291,-0.2667551825427373,15.997968762925119
0.052506314190861395,0.016871867999986155,0.01280353453880616,0.007214113323785553,2.363915107058303,3.3514341963478675,1.231381065945928,94.19117153831309,-0.015125559963999974,14.13151968542207
0.004729612133039941,0.007231497173060981,-0.009816962360288313,-0.010016371437384167,0.26411387911179496,3.388810791273102,1.6918774006072448,106.04242972743688,0.07962945224429037,14.987917177617884
0.03157322407827694,0.0009515458951104665,0.009652948465985392,-0.0031963709682662346,-1.839262323142533,2.9799188955837375,1.582978501415165,67.44746542625563,-0.02272895987725082,13.971032407986469
0.014868996494940685,0.017197473521626483,4.57649863874858e-05,0.0002387764739549803,0.9432884016316753,3.879503972630352,1.642992517306222,89.8756112931413,0.060912521293940314,14.581007479370104
-0.007901501645067598,-0.009115524312520955,1.420021994599785e-05,-0.014001090251591143,0.13745156078719867,3.336736194430221,1.5777571313812242,88.55006538315496,0.23664123872756382,16.21746827324461
-0.04703453209761735,-0.02285860319914508,0.005919330541249613,-0.0340622788433001,1.8865543743203708,3.7402779395381014,1.698519414310507,119.47368328447477,0.039123609558389366,15.617336765402218
0.0008009319744982264,0.020110628541750244,0.030244469627152583,0.011556330622971317,1.220571555566249,3.2796036481184307,1.56874331369481,103.6263818868579,0.2915032762924594,13.570531345034777
-0.0008033068820165398,0.003296948337041092,-0.008027351545350713,-0.020668765546791527,1.6876134331529307,3.4656767014902505,1.6183870297290592,117.81711700849581,0.31591615416671137,12.730648133630089
0.024706683554049407,0.031408430774673694,0.01387196872363472,0.021686945067344664,4.023210107002899,3.4006482588856324,1.567989066210214,173.6305375510583,-0.22815489976494158,18.486181601136153
-0.013641433367668494,0.008499563486628404,0.010134726089580286,-0.007023400942760925,4.3586140789052825,3.388557268881618,1.5969352713837128,96.54669074289495,0.20873214555157468,10.661759823122619
0.021754236835418255,0.0158177620034543,0.009131973406919031,-0.0015007601540230834,4.570708125602709,3.834360438218123,1.511304765253048,117.71390911005187,0.058936665212871636,14.935146387880552
0.01586889739847633,0.025018796851017787,-0.0016341268728717138,-0.001010840506542112,4.593899154252343,3.8482711310942124,1.631791635958979,95.20078775757563,0.23761860238553267,13.205219305937508
-0.0169833843429475,0.004673890796969395,-0.003896558817600886,0.0020110597639119493,-0.017974226425021778,2.8704244390016322,1.7161839699097938,100.62945705902217,0.02467167647959259,17.0488344420321
0.021344353312263937,0.036971001250650976,0.006485027128966591,0.007438927945849341,0.6992381792659084,3.100366841078682,1.5761003627021535,130.72742649366205,0.8674009886968337,17.019985937271272
-0.007072968311548879,0.007655710130615121,0.010903466435494492,-0.0026878410036052314,-0.0687099653694534,3.9035712552497746,1.5543408042116345,89.91872407130025,0.2534538795401038,14.604398030977114
0.03753856009143834,0.023697992762208298,0.007188623954240971,-0.005453990274104202,3.4560765201017043,3.4062582779699446,1.5289710552987306,85.18741109481088,0.17105983642391054,14.750914004793497
0.04737431538891794,0.023161686111937096,0.00707188045807021,0.004578493658238457,4.608949277068769,3.6479334047297445,1.4714595013369336,108.82928068850897,0.06419905442378566,17.356450418840865
-0.047077573454890845,-0.0038198423899512054,0.01663343710594039,-0.013232428686618607,3.666659813998641,2.943397031683054,1.7358927905078687,117.41440700216833,-0.2317430359261144,21.645309885178865
-0.02074240978808982,-0.007281385653249173,0.012717402556335175,-0.0009393398671322119,0.13862623178855404,2.9448288876604085,1.430631166304565,80.11810670057093,0.2170455558753869,11.628062283875124
0.031568061781765855,0.024033516755812077,-0.008746148529884127,-0.03192287605296005,4.112839971148087,3.352721890089239,1.70927508602558,145.39740334064868,0.1042831508428182,17.6245409101029
-0.014028012154884369,0.0025509456006366,0.027554891005268103,0.016394606661974787,-1.5901566895555583,3.0686747700200785,1.3009592894001292,153.47947584109585,0.06250724398425309,17.49527747257443
0.049677431538516434,0.03487331943804027,0.005820275760726792,0.015391882503660892,1.2955125581585127,3.418435370998257,1.4105924321947532,117.88330307239579,0.11848575975030634,18.134303091667952
-0.02351142274706627,0.0029483741860910073,0.014692467949137712,-0.026209990404224233,2.1461137269806816,3.422094322027583,1.5422340029296278,84.28783794008416,0.11530125704345334,16.307884904640296
0.006453920914341823,0.02929371711209825,0.012483437412982204,0.00670927473070748,1.0737769590709418,3.1447364640613245,1.629868822770023,126.03499702513322,0.09986108105235672,16.70728995752221
-0.0002879563708705381,0.0037127311121010744,0.01289986412536333,-0.029718586767425913,0.7664931011320981,3.646099759826646,1.548720118959602,179.3273792979494,0.0904537549969151,16.639202894091863
0.007099581403341649,0.02502735537847537,0.017351382188190496,0.023034577829390154,-0.9327142240810011,2.865361806652736,1.4739938960405552,76.62793385175682,0.10982196906292231,21.078495046052982
0.003752705561770646,-0.0012352937478336008,0.016539915218440386,-0.0036042085685284095,2.424843106163677,3.460128312258209,1.4135153872081696,124.48198460878278,0.12525965247194315,17.953937791330297
0.008001872881530116,0.006528616615898913,0.011481197263454118,0.018080092322328142,1.6500176141104845,2.816368397219598,1.5287727292626205,142.13909692380625,-0.08167214154037522,21.040484063564907
0.01249734963829784,0.016202789782848212,0.015408554861746727,0.022018847415015634,1.6142899219009543,2.8875363414981887,1.3377860584549492,135.01368300973508,0.28126030285969467,14.332056586355032
-0.015205208900603463,0.019049494408971662,0.02773047163543835,0.006289624317718472,2.0762890700992775,3.2528831645549316,1.553051723989032,133.4942403675541,0.06043210292857362,10.678336745521674
0.028941330423757326,0.032012787752678636,0.0041134733298564315,-0.002324312158144135,2.225896715190823,3.9716356596698787,1.5832813691145629,105.34371155923033,0.17403297821300912,15.274696249005908
-0.002541071328097149,-0.014892701114884088,0.013618936386508624,0.0024602917255012527,-0.44386858031160026,2.939130398246,1.4167277622914656,108.41523495959945,0.16310413600799478,7.121905839160698
0.02847150556416458,0.03367797727987322,0.0033628445536883333,-0.0007097305721565277,3.570236416668809,3.405586491755188,1.472252939313439,114.61553216093985,0.22359808217502775,17.950477091044213
-0.03117103725442401,-0.002561731288719787,0.007208453301879108,-0.022596701798783453,0.4052190840115193,3.192156507400721,1.7353034207419908,98.77246329084306,0.1421671970525464,14.132377629038315
-0.015240981093077068,0.019703331803271735,-0.05156359403336923,0.06214842734741067,2.509139783672188,2.8598607800929132,1.6197110889886095,88.7118595794389,-0.05625870538832095,14.854562953991056
-0.014628291233065242,0.006230971937774209,-0.061877776335648435,0.03591671290413612,-0.6777508460605466,3.560917045382075,1.9471836489347853,231.1593522618681,0.054614482006135695,13.612917923261431
-0.014963717545915724,0.025383636468744857,-0.045802840526041326,0.07385314334509296,1.258309649155093,4.358665907827182,1.6376647228263261,-9.441769365290241,0.10266875276351417,14.327599354708951
-0.016013879572786747,0.01085193834526597,-0.060047784625130135,0.04648423894585772,1.1752112920448547,0.23592692705393015,1.8314781659224821,212.78023609101663,0.12936221230740905,14.092948058132382
-0.01359453124823955,0.00756280082364532,-0.0598937300296872,0.03415676737186044,1.909616457312241,3.2120582901976333,1.6907455468784727,41.81856581693263,-0.1265441180801406,15.476805348113439
-0.014922236047074428,0.011430677640136,-0.05794276625196605,0.04587656361182448,0.028306312473386663,0.1072391687176566,1.7865008068229877,141.6983848129663,0.3317598344890689,13.914573557950717
-0.01594682609650805,0.0207379992849709,-0.05170821695932819,0.06583379199434926,1.427480970553529,3.4102039831937816,1.6882050465435765,305.6458983939549,0.04035730328649827,12.530316124451076
-0.015387153429303854,0.006349520457483312,-0.06256884419380959,0.038314354309104966,0.28145900442719407,7.196480843224994,2.032827899421815,119.91386372122355,0.2712489993405237,11.168062768431636
-0.015641696931082145,0.011121346262092848,-0.05896227243778185,0.04650951962303003,1.7208078786720624,4.656533678682382,1.8734885058796307,68.0370660889437,0.19854025959180394,13.8979675171031
-0.014253654764173075,0.007157640173556581,-0.06044886701434439,0.03728689867890262,-0.6445000453806644,0.3231173212650029,1.93029198068924,141.58433464829406,0.326385361633568,13.301671159965103
-0.015179993235587629,0.018808844448784598,-0.05198903227863608,0.0600023075892719,1.6655433357998057,6.607971315427854,1.7136438518534984,67.42608676147609,-0.050117966566814165,14.362336273396481
-0.01603905084853359,0.013199170977486041,-0.05771312118731918,0.05336385836376794,1.1747427971717164,1.3805285302099488,1.777355538211851,379.56728512322326,0.2697420070906481,12.938178596432735
-0.014789939076534229,0.005132875919147845,-0.06290604375225138,0.03466926821249137,-1.8300689388187998,0.9553263686913622,2.040093921152425,157.01186219464861,-0.014140096741383196,13.268292162437966
-0.0157010185141533,0.01648371717687847,-0.05440816683632886,0.058566712022700265,1.6827808616635005,0.9198269103787879,1.7619260760644213,209.1569403818978,0.13773475042378172,13.01700399405827
-0.015384937043298335,0.014735138028831703,-0.056218918783911956,0.0502266443790791,1.8111759082710248,3.478001496427955,1.7124686324863316,167.59631159702172,0.13353860266178372,13.426290101832352
-0.015406737441512112,0.01394399583128407,-0.05602367218639488,0.05285313313168107,0.8945506777684601,3.545715540961522,1.7495613890268569,-78.47514268388916,0.06379611379616115,12.89364953547034
-0.015202687594020565,0.006973761205974443,-0.0618108520741263,0.03934463598107461,0.11826384567073656,0.9930725025635936,1.9100590396219888,153.274553320451,0.10077743653978524,8.670365022453375
-0.014920706777984816,0.012348898570486377,-0.05682276791936482,0.050703696714888724,-0.4023667507227131,4.500905090443914,1.931254423415698,207.55581935013493,-0.11944362173045642,8.78686186737228
0.02268679416010178,0.021592927507537246,0.004291230870399957,-0.0005030573742894642,0.5993028496897632,2.89391032720914,1.5302260159146401,90.7678992705685,0.10237102238012763,19.28432842680998
0.018972187651108138,0.01860449320148192,0.0024768657718635574,-5.740917031630535e-05,0.6009204314063843,3.4468208240955267,1.59330670248049,87.41937688857782,0.5407634090344229,12.069028441103832
0.013691310962487584,0.01448477370927154,-0.0011307087168258134,-0.003568048338392253,0.6022357037329904,3.665203473549517,1.6102981259735216,107.50394829419838,-0.05248771981762623,12.015196220686727
0.015629274827142454,0.016657170264143432,0.0005159767598096401,-0.003857176890687454,0.6004763869949481,3.34878744869978,1.587339169299577,101.04182559330637,-0.08919622388995932,15.602297006607328
0.015498674176950496,0.015640017392757145,-0.0002195645069969568,-0.0027854381157625995,0.6020007837641315,3.589220710832936,1.6023851782772904,92.46779816930338,-0.49723421586342215,13.514371109588398
0.02237926573389386,0.021795541379965977,0.005086647856403587,0.0020947296256570162,0.6019131390244443,3.337592069453642,1.5732954430787913,96.68476872688605,0.478117752525192,10.896595563118137
0.015619378436182555,0.016783651214490526,0.0005254415033487496,-0.005103530848322016,0.6011343612670617,3.544737964818498,1.6069722991968278,97.01567488641894,0.31983825386681886,16.301827788579203
0.014839437194643802,0.01596301237931806,-0.00037946011591363446,-0.005110699408354751,0.6040655951628617,3.3631655573033146,1.5607347208675533,104.42036629406219,0.4250570057380305,14.864670217695675
0.01872954792768197,0.018919945051323245,0.002082529349579464,-0.0025166963936649072,0.6020624160221051,3.3147244782606857,1.589679316814094,108.8883303330434,0.5356068615405825,14.099347265286081
0.02487670886991206,0.024164684730185335,0.007004738728359258,0.0023060186439700448,0.5980365203581388,2.8034286902503025,1.5563258969315077,84.9004061416445,-0.314380067757996,17.738871480503267
0.0186959278988176,0.01901357778186942,0.002658678357178002,-0.0024218161063133134,0.6051438611164737,3.097804805910465,1.5852171686106187,98.91484796320165,0.20094443473019452,18.49752517114563
0.020645177026131462,0.02076166981899992,0.003923683874820118,-7.200213791987262e-05,0.604887900466734,3.2772510167766393,1.5704521781130723,93.60869264911757,0.154290137697483,18.113175565803374
0.023432920160570626,0.02263569571483682,0.00545382457444799,0.00035668248387665997,0.6006579338511209,2.2403978297978315,1.5357912677754082,92.8287842540417,-0.2404781361609687,17.91153232952881
0.017656090303713134,0.01731850701982674,0.0016583976529316678,0.001394610456710676,0.601770779104525,2.9553325571413813,1.5740697708778912,83.10391902841816,-0.09661975612610754,20.597772543504718
0.017449064573536132,0.01674237451538782,0.0007253027306576461,-0.0020376495500729376,0.6010775349786466,2.4278853879691864,1.6136897205809813,93.14065160730306,0.16475549485218474,15.76766162328688
0.014230911402756678,0.01486822669163712,-0.0013877747227499012,-0.005351360271935338,0.6028852653528509,4.201750797042491,1.6175707312638883,117.73071003191477,-0.10831217427477613,15.60063384885385
0.01647711092430026,0.016807557345191675,0.00042463944987661435,-0.0035519307273677568,0.602764523639775,3.098603488050715,1.597388353178455,97.04538357070656,-0.3336438063492986,17.93816144285415
0.016651328169246266,0.017389292946442984,0.0006345995939299413,-0.005353708191191383,0.6025490501712127,3.901930266991329,1.6055079555378522,94.05218934152671,0.436976108181414,17.897546158908465
0.017243050900645648,0.017433865666094554,0.0008935622579666937,-0.003923920041824019,0.6008810248711183,3.4796023376655283,1.5414465443814,119.62732163315437,0.15503393613943095,16.742957647042655
0.018567676665640135,0.01860649197239122,0.0015435034184704752,-0.004139645078404411,0.6037622490376455,3.6175517071565158,1.5887505019452275,124.55740254120647,0.2893428870273993,9.27659708101951
0.014175976157975386,0.01565986619422211,-0.0004620578697989951,-0.006640906402098517,0.6004009133367743,3.50759268419999,1.5760244527367746,89.73850386156779,0.09198273226174443,14.501151271052688
0.017064524988055,0.01836141116494349,0.0013820592252825493,-0.007263930755489028,0.6015794488016146,3.430732962948155,1.5698214448013872,116.37799515106468,0.3091353886835698,19.318831798490642
0.015186106433293965,0.016716159603398874,-0.00041030482595347077,-0.008436621783319224,0.5996681230659042,3.9665063243790297,1.6281919936686444,117.46061288566816,0.18014527646800155,12.732247566923936
0.01997493807644451,0.020273618698991046,0.003137188956300257,-0.004194215428662832,0.6008292714103378,3.6425750261904937,1.5909495350711849,84.20679794961373,0.31316398157419495,12.880139045487114
0.01749274153853325,0.01825082918729695,0.0010540329011954359,-0.005632035753387646,0.6014828108639043,3.858102045137663,1.6235996219672615,102.20836079736642,-0.06771750095013918,16.467475375554674
0.01738600688814022,0.01896172675138958,0.0022786693010246033,-0.003130959560283902,0.6000428143250289,3.5624011849995085,1.58665151874165,112.06953486553175,0.43985344213799005,17.811578791479818
0.019590745271062495,0.01936064163583212,0.00215014536936293,-0.0034088078583338097,0.6055320656576315,3.4529197165733643,1.5595793162055507,93.89835579286833,-0.2905333931049789,19.06128331064947
0.01911079525312111,0.019405636153660116,0.0024432261681123033,-0.003211342065933132,0.6007597495292174,3.202178286694906,1.5663639853510247,99.57739998743082,0.11842328344703923,16.698087232293773
0.013265261951354686,0.014654206393570623,-0.0012335157093964506,-0.004683212766124963,0.6015705786287264,3.753074581399516,1.6403705115972425,116.68873089901605,0.3594692112286494,12.966961661694736
0.01877673291850732,0.018613941882491932,0.00143462650343496,-0.00393457116695827,0.6023864699715415,4.429211090471681,1.579317414291576,119.06785870999556,0.4124758784145015,13.951566263225471
0.02076257889416488,0.020206199384522328,0.0037858125560427808,0.0022194897452687437,0.601619895425421,2.6687177936188524,1.5634489543810008,78.04140174397095,0.4379655571640372,14.10675087282871
0.01840970949203902,0.017562192578649966,0.0012573212659203522,-0.0013847112720358642,0.600179046914566,2.799673678890841,1.5915112638021798,79.19812384955344,0.07770367062781235,17.723067415727378
0.015242583381650434,0.01650833597662436,-6.329123138594517e-05,-0.0057362239412935,0.598897208344372,4.152283583749067,1.613056641777938,116.0445855481674,-0.2373047165450226,16.835929144407306
0.01791777156719471,0.018981274227078973,0.0023640785859704687,-0.0036582338864171635,0.6030943543286711,3.5833217645423905,1.580742109395396,83.72400639670673,-0.39904023771090263,18.506882679249063
0.013109316705508588,0.014089814616467862,-0.0015726884271882822,-0.005060027532693589,0.6008624080256559,3.562142490276659,1.6337181873717725,83.64360808113068,0.20984906669942702,12.982949590179325
0.0216705867718749,0.020901257260254717,0.0030634479663849013,-0.003972289248341793,0.6008914946405766,3.055338120420852,1.563894484731677,89.6286120044897,0.241572676722626,12.4334485220972
0.018918793365235508,0.018014611944158338,0.0016754762257095313,-0.0013896805920652424,0.6020928967926857,2.8661292080462775,1.5622060040448487,81.35332323555224,-0.23533241400248756,16.706763664358853
0.009799566106514262,0.012048412916120719,-0.004105767740992321,-0.010045943775618849,0.6015922031243393,4.415786858279644,1.6510622216551025,96.7047902465465,0.2605206681958099,14.348637191091603
0.022619045372852763,0.022591702332565466,0.005208971605377498,-0.001200496323813468,0.5995604060600379,3.170745279106646,1.5407849282494748,90.53083348987725,0.6180454926551235,19.95311211854913
0.02229383685202076,0.0219276913423877,0.005025898399838609,0.0003255395868689522,0.6058128992806113,3.140792834425624,1.613616927161399,95.19151026505664,-0.06213797507247809,16.37333011015725
0.021942699711525366,0.020976965033894363,0.0035450296535467374,-0.0014339910887320524,0.603688167351097,3.382520932243224,1.5442906616422214,86.11624248431079,0.05507132221543683,19.96746535650376
0.02375788286189211,0.022799124209165723,0.005403319044439272,-0.00046475859542845807,0.5991710339276342,3.47068708219993,1.5779326773245888,80.41673230302175,0.13911497255770408,16.315060180470873
0.009110374691675163,0.0113821390374669,-0.004322010711073068,-0.00949805942874209,0.6017738146782867,4.745809286558961,1.6438886498241239,120.86309746405229,0.35681089126126414,13.460085005743512
0.01983887825794407,0.020628038844228327,0.003669966014675603,-0.0029125945327159175,0.6011358218422131,3.625163110520629,1.5801580310995567,97.28560570506633,0.28678064741202114,13.3351391450109
0.012346921343942403,0.014532026227799956,-0.002109374099261747,-0.011221815017604154,0.602953755575129,4.427401814806682,1.6226739102472032,116.06742659632073,0.626269127374925,15.544667726229367
0.017209506678902076,0.01822118576613533,0.0016393522417630767,-0.004281666007926644,0.6003248483674135,3.3918219172099917,1.5770176680497014,99.24381483411518,0.4956040627718298,20.585728788427872
0.02179418157156093,0.021344674635563707,0.004522925908556586,0.0017129458306407242,0.5996220917656268,2.715184707473239,1.627675801236648,77.96719280244668,0.22672302376179565,16.017981411275887
0.019432924276005067,0.019695658926466623,0.003111010803343677,-0.0010135213590416517,0.5995951371194881,3.472939869881511,1.5818591035112308,100.93972553985563,0.11000541602740072,20.4728149563068
0.01640445507536221,0.01707873008225643,0.0008237076980786677,-0.0028586697625349925,0.6045670580440896,3.5249210009402354,1.5536723143799187,114.45609870346405,0.30514036143140233,17.704814285164666
0.013374057364307638,0.015134751454771141,-0.0008225759689647564,-0.005981005844977968,0.5996777431225564,3.7036633902317804,1.5876704384434543,116.41906665455865,0.3153266593461567,15.536406840653283
0.014773660124400758,0.016779572795447995,0.0005452850385081458,-0.006104262017173038,0.5985145164459507,3.5147962158340333,1.6165207454666688,109.467857882825,0.015076985489736308,16.358888337661984
0.01948163998122299,0.019519898384684677,0.002843326066437765,-0.0009976002420419938,0.599647334574452,3.2980470429601043,1.593743547830845,84.27797004937126,-0.12909672677572026,17.173082922325836
0.015875870097589343,0.0177900306305019,0.001253153555824513,-0.005218694960382981,0.6004797686378172,3.91650146630042,1.6140560935936035,106.83746430842443,-0.1505260567778478,20.98964263256751
0.014554814983745498,0.015959995171496426,-0.0005679362403546127,-0.00761206680682721,0.6036273854865102,2.8890068445578883,1.5529165142908696,98.90579353967651,0.3551474317834771,21.082550202998277
0.01431911191514874,0.01595084458691378,-0.0005237405857029635,-0.0069668330280618675,0.5991668775001964,4.685886881359908,1.6383450575118164,107.69256123526664,-0.010227429493879225,20.822465227662143
0.0242523367109931,0.023637829866344946,0.006618619667433174,0.0016766471359041194,0.6023140954539306,2.1550250443895953,1.5298261034975595,85.1419768172164,-0.1897846156125958,19.26958236859892
0.012947363176849604,0.014260960817879963,-0.001543866326686615,-0.005878925711112422,0.5991856586840416,3.6051244252492305,1.5980122275584083,101.20268516834993,-0.01545449022862802,14.4207232688418
0.009890702223973386,0.013112338379285552,-0.0032083933999686124,-0.011049665602863164,0.6033553711209332,4.001280937448003,1.635888961809638,109.51556984883634,0.042473490918988305,13.509843074634816
0.015138400101637046,0.015715859531533538,-0.00017054785610523884,-0.00314915465603939,0.6005120523192069,2.61572556866665,1.6083042650168378,86.597598183682,0.14051030086549096,15.609720280225998
0.022154555301838855,0.02111368506285262,0.0045801802798266875,0.0022775430294931873,0.6001888266697732,3.1048561617012687,1.6438013665656728,93.15678764849622,-0.140509473546443,18.087481362532568
0.018832890882688632,0.018105874721249044,0.0018072929080850154,0.00017784903530447733,0.6024230156863677,3.5100154864467976,1.576750369181261,98.8867239734706,-0.04434199856642981,19.773125491317018
0.015710973232800466,0.01634635686104672,-0.00016726121304419528,-0.005150207857554194,0.5992110200775216,3.521287957788958,1.528486913443291,101.86456404284456,0.4111850627335719,12.26413288980244
0.012894454314876142,0.014266392546324232,-0.0014317289143517126,-0.005458456831253978,0.6013777703367329,4.05479656344679,1.6528333789193845,82.89632770308764,1.0215434606274885,9.242594806091862
0.02193670780513703,0.02105072990556453,0.00419357552672164,0.00018968737103833505,0.5995861295364289,3.023475756816285,1.5537889833057223,104.52258498264172,-0.2974143941983676,20.08225210358782
0.019763050424937697,0.02021150496728106,0.0031867647406836185,-0.0030400542306522754,0.5998104678602554,3.8785849218686437,1.544821644104681,102.36806629604409,0.5358304857269134,19.597374706600654
0.016261120517407763,0.015980651767694656,-0.00030442372823892387,-0.002801125130155199,0.604868834591141,4.005121752327212,1.643875464555565,91.29694690833146,0.20581704063312056,11.56218745719973
0.017176213194192953,0.017631595237787567,0.0010074471968783902,-0.003553324534957392,0.5988249703482293,3.922693187352218,1.5929893890586644,113.06023790664955,-0.1187066165990961,20.004733812850155
0.022935397851553966,0.021876443495479497,0.004822027764555358,0.0005109255995342436,0.6021390160179692,2.9359948972703918,1.6077092211916413,86.59787544937026,-0.005883119159099254,13.556884622817392
0.015414975767944514,0.016782775077244634,0.00020711823846125514,-0.0054665292076977595,0.6015959167459344,4.251451414768915,1.673596422558303,108.24766775443656,0.3272363490453035,13.366009767286995
0.01875699317288852,0.01897884225997054,0.0017758360553525657,-0.004524703751368092,0.6030093544710076,2.8194221228589385,1.5999173079412188,105.96904186585991,-0.2699398639402511,16.37056803970792
0.024494556707288635,0.02456931597839259,0.006822217501758379,0.0002328802892103748,0.6000937622852984,2.5267532770316463,1.5487507916664225,80.46522282971463,0.22543095318665113,23.771421238935773
0.02054815461153298,0.020477629926283512,0.003870897078053997,-0.00016199693762087707,0.6021956453610333,2.7940265485808355,1.5630693555547073,79.6985775786932,0.25256033314336984,20.335500659049544
0.019677413582682057,0.019727417462398866,0.0025060488561069235,-0.0033245946724221155,0.6054255878604857,3.249582768984319,1.5982755694411586,87.31178209890312,-0.04864832576389827,16.045873512190582
0.017256161837654934,0.017415619188362964,0.0011842451686408031,-0.0019101390912634403,0.6019964253343455,4.063041471444865,1.5721712421194431,103.45361309078628,-0.05793441618019879,14.600722550213263
0.02440649118175461,0.02384353323471068,0.00644275873705749,0.0008868771450640501,0.6024982742221898,3.177714572906267,1.5369497252478006,106.20814361720925,0.23016033265623753,13.482829600320862
0.023186114715714103,0.022505782569400442,0.004982013342337105,-0.001612609011812761,0.6002450922002485,3.015959280208484,1.5976441126760257,76.34540853476503,0.020832927309430288,14.647273449338712
0.01681705116409964,0.01775263613878074,0.001274138036002237,-0.004451550587109594,0.601304475671298,2.7057267395698363,1.5578285300214278,88.24556104174816,-0.023583209192818783,17.70305255755408
0.015029529364416459,0.017127926623896596,0.000593641270527797,-0.006437193792934155,0.6014509016928815,3.500002338406053,1.5928615535773887,95.77624545134864,0.25169511488163254,17.16310906732119
0.020378134814209563,0.020369667406577495,0.0033776617024405507,-0.002427560092752737,0.6029135528735583,2.7234838802461088,1.5321512322946036,96.80531311788478,0.38434371871982626,17.83079831611654
0.01615964909796901,0.016587736556522802,0.0008520696206874585,-0.0015872594920860916,0.6006968829335795,3.3735200488966606,1.586061594801485,103.29930874322754,0.037307527554435824,18.726237104085488
0.02111219724327776,0.020904014612081943,0.003958913749488015,-0.0007234995095078466,0.6026402705169684,3.0992943088382128,1.5722982569405972,106.43337123033861,0.3640248194096905,16.09993178149906
0.018534620671636307,0.0182198326823153,0.0019234562196912622,-0.002258619088706726,0.5990277861725408,2.374142830583334,1.5415927038792019,95.72882562606982,0.13780421432952114,17.9871292836994
0.022262452210984444,0.021928954987558896,0.004638040200714998,-0.0017584337795442215,0.6026505772399884,3.03139357108403,1.5768938311208271,111.09168572893716,0.14688852854534643,20.795629760605284
0.02369244315918891,0.02278377769496288,0.005550604937516345,0.0013519049118120947,0.6010957543872129,2.691821203185602,1.5499491086243962,94.54573162560521,0.24082818274846812,15.288557288093509
0.01785557406461308,0.019185397625967156,0.0025504992659584336,-0.0034100626107403044,0.6021116272510447,3.560264363312851,1.5922920559423945,100.64450909760833,-0.11374567665318266,24.615283040160115
0.016832793706378243,0.017566610276810356,0.0007374088747624415,-0.005910185724335432,0.6011887064392629,3.257351589558028,1.5505554628637637,87.54157856705118,-0.05927682539236531,17.495242892279276
0.017881280699893785,0.019014814505887982,0.0020441748116860354,-0.004409519086509439,0.6033088680862524,3.2931252824672947,1.5826152088708263,108.39324426835044,0.5165789093511257,18.44001995388933
0.016714444448192037,0.0171866451413152,0.0005607701632709475,-0.004052601635668313,0.6022213622833854,3.4062728010637326,1.5907865525922118,103.51843385639431,-0.03683260075450115,16.600986534463196
0.015125459129758368,0.01601066771067518,-6.786299548597677e-05,-0.004546391709425505,0.6022512640611164,3.876990514163409,1.5918013449487676,119.52448220676808,0.44800514787019474,19.997881258047286
0.022494386350326735,0.021526797469569283,0.004047291296656081,-0.0014854339941202709,0.6026228559214226,3.3211339165215827,1.5874527035990715,85.30968829074722,0.38006218429756305,14.337902026283404
0.01503673630486935,0.016012566876432384,-0.000555763855008511,-0.005855992188727885,0.5998210873357694,3.7455037208238235,1.5629077705021766,111.80873821937467,-0.08506881723480797,14.761115081253775
0.01621471927416278,0.016280269043006897,-4.858997847652195e-05,-0.0041941561087663875,0.6021879289860887,4.243996392901995,1.570226074578367,96.40100882920694,0.6487414568718115,15.030837728480112
0.012784987330527946,0.013926068239456257,-0.0020967529329880743,-0.007155259283450249,0.601566889947136,3.7700462794314205,1.6069500001208727,118.13719621117076,0.29840304091163594,18.36505390733517
0.012286600683245174,0.013709607876960857,-0.0027011959173906756,-0.007782877350310716,0.6005568808388175,3.774150085999253,1.6303603207920825,98.40717278728201,0.4809997250576431,10.897503800855311
0.01615264956183096,0.017155888527819897,0.0006249910846447843,-0.005436251020893739,0.603928489704338,3.728830941689839,1.5815735615411244,97.70040503181646,0.39871659116181946,14.91696099065942
0.015400478571633052,0.01658981980191997,0.0004969534846800457,-0.0028711167307028627,0.6007066994561481,3.531215079443061,1.6043922656842706,102.17223630867593,-0.3291032343629008,17.05424375196279
0.023019186261975997,0.022085914154238794,0.0053957656965147646,0.003578503668757411,0.6024070200076637,2.345341599241061,1.5551487765462295,73.39100734386284,-0.12450754012951815,19.830844897036364
0.018527952774902507,0.018544260942657667,0.0018932295412262996,-0.0024958130983442715,0.6013405106803096,3.315017633430851,1.5683126334641686,122.01615149455937,0.16566179962754563,18.527768679948686
0.02308633825274468,0.021327515481218882,0.004150523162273831,8.020498594808723e-05,0.6005441605989681,2.7343489660174045,1.546711839077826,79.04185432017738,0.4635168473729529,16.60379623883198
0.0227055445853622,0.02314214748570869,0.005685319644549557,-0.0018842194129997207,0.6008732170159188,3.2867007922851608,1.5681519702195175,76.85201388002973,-0.1897912521689289,18.00217456518663
0.022404138261847065,0.021517957349124192,0.0040834549487666506,-0.0013894709288991107,0.6018209668916066,2.484675355330505,1.5614528749513261,64.80533271300388,0.08195871133407673,15.499263393591963
0.01037936435022491,0.012914795761974851,-0.003514323641686941,-0.010760983591635008,0.6013705044858642,4.302336377587768,1.5897956704630272,119.27802078919218,0.5447665885666797,16.38020241221697
0.026949742211687593,0.02505150595889513,0.006993255113677706,-0.0003727933691010498,0.6035302457757536,2.59911766785994,1.5626216275479305,67.2934627463664,0.22052862883341845,16.798197099828577
